101_1,946687703,12082,33.00,3.21,2.09,0
101_1,946687761,12079,31.00,3.23,2.09,0
101_1,946687763,12078,31.00,3.23,2.10,0
101_1,946687785,12078,31.00,3.22,2.10,0
101_1,946687789,12079,31.00,3.23,2.10,0
101_1,946688005,12083,30.00,3.23,2.10,0
101_1,946688940,12039,29.00,3.24,2.09,0
101_1,946689875,12026,29.00,3.23,2.09,0
101_1,946690810,12023,29.00,3.24,2.09,0
101_1,946691745,12071,29.00,3.24,2.09,0
101_1,946692681,12081,31.00,3.23,2.09,0
101_1,946693617,12079,31.00,3.24,2.09,0
101_1,946694553,12008,30.00,3.24,2.09,0
101_1,946695489,12012,31.00,3.24,2.09,0
101_1,946696425,12058,32.00,3.23,2.09,0
101_1,946697362,12045,32.00,3.24,2.09,0
101_1,946698298,12044,31.00,3.24,2.09,0
101_1,946699235,12032,31.00,3.24,2.09,0
101_1,946700171,12035,32.00,3.23,2.09,0
101_1,946701108,12042,32.00,3.23,2.09,0
101_1,946702044,12010,31.00,3.24,2.09,0
101_1,946702980,11990,29.00,3.23,2.09,0
101_1,946703915,11984,27.00,3.24,2.09,0
101_1,946704849,11984,27.00,3.23,2.09,0
101_1,946705783,11981,26.00,3.23,2.09,0
101_1,946706717,11982,26.00,3.23,2.09,0
101_1,946707650,11981,25.00,3.23,2.09,0
101_1,946708583,11980,24.00,3.24,2.09,0
101_1,946709516,11978,24.00,3.24,2.09,0
101_1,946710449,11976,23.00,3.23,2.09,0
101_1,946711381,11975,23.00,3.24,2.09,0
101_1,946712313,11974,22.00,3.23,2.09,0
101_1,946713245,11971,22.00,3.23,2.09,0
101_1,946714177,11969,21.00,3.23,2.09,0
101_1,946715108,11968,21.00,3.23,2.09,0
101_1,946716039,11967,20.00,3.23,2.09,0
101_1,946716970,11961,19.00,3.24,2.09,0
101_1,946717900,11957,17.00,3.23,2.09,0
101_1,946718830,11958,16.00,3.23,2.09,0
101_1,946719759,11957,16.00,3.23,2.09,0
101_1,946720688,11958,14.00,3.23,2.09,0
101_1,946721617,11960,14.00,3.23,2.09,0
101_1,946722545,11963,13.00,3.23,2.09,0
101_1,946723473,11965,13.00,3.23,2.09,0
101_1,946724401,11964,13.00,3.23,2.09,0
101_1,946725329,11967,13.00,3.23,2.09,0
101_1,946726257,11968,13.00,3.23,2.09,0
101_1,946727185,11958,12.00,3.23,2.09,0
101_1,946728113,11949,11.00,3.23,2.09,0
101_1,946729040,11950,10.00,3.24,2.09,0
101_1,946729967,11944,9.00,3.23,2.09,0
101_1,946730893,11935,8.00,3.23,2.09,0
101_1,946731819,11932,8.00,3.23,2.09,0
101_1,946732745,11870,7.00,3.23,2.09,0
101_1,946733671,11866,6.00,3.23,2.09,0
101_1,946734597,11865,6.00,3.24,2.09,0
101_1,946735522,11868,6.00,3.23,2.09,0
101_1,946736448,11867,6.00,3.24,2.09,0
101_1,946737373,11862,6.00,3.23,2.09,0
101_1,946738299,11861,5.00,3.23,2.09,0
101_1,946739224,11868,6.00,3.23,2.09,0
101_1,946740150,11952,7.00,3.23,2.09,0
101_1,946741076,11966,8.00,3.24,2.09,0
101_1,946742002,11967,8.00,3.23,2.09,0
101_1,946742928,11968,8.00,3.23,2.09,0
101_1,946743855,11968,9.00,3.23,2.09,0
101_1,946744782,11967,10.00,3.23,2.09,0
101_1,946745709,11968,10.00,3.23,2.09,0
101_1,946746636,11970,11.00,3.23,2.09,0
101_1,946747564,11969,12.00,3.24,2.09,0
101_1,946748491,11971,12.00,3.23,2.09,0
101_1,946749419,11973,13.00,3.24,2.09,0
101_1,946750347,11975,13.00,3.24,2.09,0
101_1,946751276,11976,14.00,3.24,2.09,0
101_1,946752204,11977,14.00,3.23,2.09,0
101_1,946753133,11978,14.00,3.23,2.09,0
101_1,946754062,11982,14.00,3.23,2.09,0
101_1,946754990,11992,15.00,3.24,2.09,0
101_1,946755919,11995,15.00,3.23,2.09,0
101_1,946756848,12000,15.00,3.24,2.09,0
101_1,946757778,12015,16.00,3.24,2.09,0
101_1,946758707,12008,16.00,3.23,2.09,0
101_1,946759637,12015,16.00,3.23,2.09,0
101_1,946760566,12016,17.00,3.23,2.09,0
101_1,946761496,11999,18.00,3.23,2.09,0
101_1,946762426,11991,17.00,3.24,2.09,0
101_1,946763356,11991,17.00,3.23,2.10,0
101_1,946764286,11996,18.00,3.23,2.09,0
101_1,946765216,11997,18.00,3.24,2.09,0
101_1,946766146,11998,18.00,3.24,2.09,0
101_1,946767076,12000,18.00,3.23,2.09,0
101_1,946768007,12002,18.00,3.23,2.09,0
101_1,946768937,12008,19.00,3.24,2.09,0
101_1,946769868,12020,19.00,3.24,2.09,0
101_1,946770798,12026,20.00,3.23,2.09,0
101_1,946771729,12032,20.00,3.23,2.09,0
101_1,946772661,12024,20.00,3.23,2.09,0
101_1,946773592,12032,21.00,3.24,2.09,0
101_1,946774523,12022,21.00,3.23,2.09,0
101_1,946775455,12024,21.00,3.23,2.09,0
101_1,946776386,12024,21.00,3.23,2.09,0
101_1,946777318,12022,22.00,3.24,2.09,0
101_1,946778250,12021,23.00,3.23,2.09,0
101_1,946779183,12019,24.00,3.24,2.09,0
101_1,946780116,12025,24.00,3.23,2.09,0
101_1,946781049,12015,24.00,3.24,2.09,0
101_1,946781982,12024,25.00,3.24,2.09,0
101_1,946782916,12024,25.00,3.23,2.09,0
101_1,946783849,12011,24.00,3.24,2.09,0
101_1,946784782,12002,23.00,3.24,2.09,0
101_1,946785714,11999,23.00,3.23,2.09,0
101_1,946786647,12007,25.00,3.24,2.09,0
101_1,946787581,12013,26.00,3.24,2.09,0
101_1,946788515,12005,25.00,3.24,2.09,0
101_1,946789448,12001,25.00,3.24,2.09,0
101_1,946790381,11996,23.00,3.23,2.09,0
101_1,946791314,11994,22.00,3.23,2.09,0
101_1,946792246,11992,22.00,3.23,2.09,0
101_1,946793178,11989,22.00,3.24,2.09,0
101_1,946794110,11990,22.00,3.24,2.09,0
101_1,946795041,11987,21.00,3.24,2.09,0
101_1,946795973,11988,20.00,3.24,2.09,0
101_1,946796904,11984,20.00,3.23,2.09,0
101_1,946797835,11983,20.00,3.23,2.09,0
101_1,946798766,11981,19.00,3.23,2.09,0
101_1,946799696,11978,18.00,3.23,2.09,0
101_1,946800626,11975,16.00,3.23,2.09,0
101_1,946801556,11977,16.00,3.23,2.09,0
101_1,946802485,11972,15.00,3.23,2.09,0
101_1,946803414,11975,14.00,3.23,2.09,0
101_1,946804342,11973,14.00,3.23,2.09,0
101_1,946805271,11976,13.00,3.23,2.09,0
101_1,946806199,11966,13.00,3.23,2.09,0
101_1,946807128,11973,13.00,3.23,2.09,0
101_1,946808056,11959,12.00,3.24,2.09,0
101_1,946808983,11955,12.00,3.23,2.09,0
101_1,946809911,11955,12.00,3.23,2.09,0
101_1,946810839,11936,11.00,3.23,2.09,0
101_1,946811766,11943,11.00,3.23,2.09,0
101_1,946812694,11942,10.00,3.23,2.09,0
101_1,946813621,11940,10.00,3.23,2.09,0
101_1,946814548,11941,10.00,3.23,2.09,0
101_1,946815475,11939,10.00,3.23,2.09,0
101_1,946816402,11941,10.00,3.23,2.09,0
101_1,946817329,11942,9.00,3.23,2.09,0
101_1,946818256,11899,9.00,3.23,2.09,0
101_1,946819182,11890,9.00,3.23,2.09,0
101_1,946820109,11886,9.00,3.23,2.09,0
101_1,946821036,11886,9.00,3.23,2.09,0
101_1,946821962,11879,9.00,3.23,2.09,0
101_1,946822889,11877,9.00,3.24,2.09,0
101_1,946823815,11876,9.00,3.23,2.09,0
101_1,946824742,11884,8.00,3.23,2.09,0
101_1,946825668,11905,9.00,3.23,2.09,0
101_1,946826595,11980,10.00,3.23,2.09,0
101_1,946827523,11981,11.00,3.23,2.09,0
101_1,946828451,11984,12.00,3.23,2.09,0
101_1,946829378,11987,12.00,3.23,2.09,0
101_1,946830307,11987,13.00,3.23,2.09,0
101_1,946831235,11988,13.00,3.24,2.09,0
101_1,946832163,11991,13.00,3.23,2.09,0
101_1,946833091,11993,14.00,3.23,2.09,0
101_1,946834020,11993,14.00,3.23,2.09,0
101_1,946834949,11994,14.00,3.23,2.09,0
101_1,946835877,11994,14.00,3.23,2.09,0
101_1,946836806,11995,14.00,3.23,2.09,0
101_1,946837734,11998,14.00,3.24,2.09,0
101_1,946838663,12011,15.00,3.24,2.09,0
101_1,946839593,12005,16.00,3.23,2.09,0
101_1,946840522,11999,16.00,3.24,2.09,0
101_1,946841451,11999,15.00,3.23,2.09,0
101_1,946842380,12000,16.00,3.23,2.09,0
101_1,946843310,12001,16.00,3.23,2.09,0
101_1,946844239,12001,16.00,3.23,2.09,0
101_1,946845168,12000,15.00,3.23,2.09,0
101_1,946846098,12000,16.00,3.24,2.09,0
101_1,946847027,12002,16.00,3.23,2.09,0
101_1,946847956,12008,16.00,3.23,2.09,0
101_1,946848886,12011,17.00,3.23,2.09,0
101_1,946849816,12011,17.00,3.23,2.09,0
101_1,946850746,12012,17.00,3.23,2.09,0
101_1,946851676,12008,17.00,3.23,2.09,0
101_1,946852605,12007,16.00,3.23,2.09,0
101_1,946853535,12007,16.00,3.23,2.09,0
101_1,946854465,12011,17.00,3.23,2.09,0
101_1,946855395,12025,17.00,3.23,2.09,0
101_1,946856325,12018,18.00,3.24,2.09,0
101_1,946857255,12019,18.00,3.23,2.09,0
101_1,946858185,12024,18.00,3.23,2.09,0
101_1,946859116,12020,19.00,3.23,2.09,0
101_1,946860047,12021,20.00,3.24,2.09,0
101_1,946860978,12022,20.00,3.23,2.09,0
101_1,946861909,12015,20.00,3.24,2.09,0
101_1,946862840,12013,19.00,3.23,2.09,0
101_1,946863770,12007,19.00,3.24,2.09,0
101_1,946864701,12004,18.00,3.23,2.09,0
101_1,946865631,12001,17.00,3.23,2.09,0
101_1,946866561,11998,17.00,3.23,2.09,0
101_1,946867491,11996,16.00,3.23,2.09,0
101_1,946868420,11995,16.00,3.23,2.09,0
101_1,946869349,11993,16.00,3.23,2.09,0
101_1,946870279,11992,15.00,3.23,2.09,0
101_1,946871208,11994,15.00,3.23,2.09,0
101_1,946872137,11995,16.00,3.23,2.09,0
101_1,946873067,11995,16.00,3.23,2.09,0
101_1,946873996,11994,16.00,3.23,2.09,0
101_1,946874925,11994,16.00,3.23,2.09,0
101_1,946875854,11993,15.00,3.23,2.09,0
101_1,946876784,11994,15.00,3.23,2.09,0
101_1,946877713,11995,15.00,3.23,2.09,0
101_1,946878642,11996,16.00,3.23,2.09,0
101_1,946879571,11996,16.00,3.23,2.09,0
101_1,946880501,11996,16.00,3.23,2.09,0
101_1,946881430,11996,15.00,3.23,2.09,0
101_1,946882360,11995,15.00,3.23,2.09,0
101_1,946883289,11992,15.00,3.23,2.09,0
101_1,946884218,11992,15.00,3.23,2.09,0
101_1,946885147,11968,14.00,3.23,2.09,0
101_1,946886075,11936,14.00,3.23,2.09,0
101_1,946887004,11865,13.00,3.23,2.09,0
101_1,946887932,11860,12.00,3.23,2.09,0
101_1,946888860,11834,12.00,3.23,2.09,0
101_1,946889787,11786,11.00,3.23,2.09,0
101_1,946890715,11778,11.00,3.23,2.09,0
101_1,946891642,11791,10.00,3.23,2.09,0
101_1,946892569,11769,10.00,3.23,2.09,0
101_1,946893496,11764,9.00,3.23,2.09,0
101_1,946894423,11758,9.00,3.23,2.09,0
101_1,946895350,11758,8.00,3.23,2.09,0
101_1,946896276,11756,8.00,3.23,2.09,0
101_1,946897203,11757,8.00,3.22,2.09,0
101_1,946898129,11756,7.00,3.23,2.09,0
101_1,946899055,11755,7.00,3.23,2.09,0
101_1,946899981,11752,7.00,3.23,2.09,0
101_1,946900907,11754,7.00,3.23,2.09,0
101_1,946901833,11753,7.00,3.23,2.09,0
101_1,946902759,11754,6.00,3.23,2.09,0
101_1,946903685,11756,6.00,3.23,2.09,0
101_1,946904611,11756,6.00,3.23,2.09,0
101_1,946905536,11755,6.00,3.23,2.09,0
101_1,946906462,11755,6.00,3.23,2.09,0
101_1,946907388,11755,6.00,3.23,2.09,0
101_1,946908313,11756,6.00,3.23,2.09,0
101_1,946909239,11755,6.00,3.23,2.09,0
101_1,946910164,11756,5.00,3.23,2.09,0
101_1,946911090,11755,6.00,3.23,2.09,0
101_1,946912016,11757,6.00,3.23,2.09,0
101_1,946912941,11757,5.00,3.23,2.09,0
101_1,946913867,11757,6.00,3.23,2.09,0
101_1,946914792,11757,6.00,3.23,2.09,0
101_1,946915718,11757,6.00,3.23,2.09,0
101_1,946916644,11757,6.00,3.23,2.09,0
101_1,946917569,11755,6.00,3.23,2.09,0
101_1,946918495,11754,6.00,3.23,2.09,0
101_1,946919421,11758,7.00,3.23,2.09,0
101_1,946920347,11766,7.00,3.23,2.09,0
101_1,946921273,11786,7.00,3.23,2.09,0
101_1,946922199,11791,8.00,3.23,2.09,0
101_1,946923126,11798,8.00,3.23,2.09,0
101_1,946924052,11812,8.00,3.23,2.09,0
101_1,946924979,11863,9.00,3.23,2.09,0
101_1,946925906,11938,10.00,3.23,2.09,0
101_1,946926833,11869,10.00,3.23,2.09,0
101_1,946927760,11863,9.00,3.23,2.09,0
101_1,946928687,11860,9.00,3.23,2.09,0
101_1,946929614,11862,9.00,3.23,2.09,0
101_1,946930541,11860,9.00,3.23,2.10,0
101_1,946931467,11867,9.00,3.23,2.09,0
101_1,946932394,11878,10.00,3.23,2.09,0
101_1,946933322,11934,10.00,3.23,2.09,0
101_1,946934249,11924,10.00,3.23,2.09,0
101_1,946935176,11922,10.00,3.23,2.09,0
101_1,946936103,11879,10.00,3.23,2.09,0
101_1,946937030,11888,10.00,3.23,2.09,0
101_1,946937958,11994,11.00,3.23,2.10,0
101_1,946938885,11995,12.00,3.23,2.10,0
101_1,946939813,12016,12.00,3.23,2.10,0
101_1,946940741,12023,13.00,3.23,2.09,0
101_1,946941670,12024,14.00,3.23,2.10,0
101_1,946942598,12010,13.00,3.23,2.10,0
101_1,946943527,12028,14.00,3.23,2.10,0
101_1,946944456,12031,15.00,3.23,2.10,0
101_1,946945385,12010,14.00,3.23,2.10,0
101_1,946946313,12018,14.00,3.23,2.10,0
101_1,946947242,12015,14.00,3.23,2.10,0
101_1,946948170,12025,14.00,3.23,2.10,0
101_1,946949099,12014,14.00,3.23,2.10,0
101_1,946950028,12028,15.00,3.23,2.10,0
101_1,946950957,12027,15.00,3.23,2.10,0
101_1,946951886,12024,14.00,3.23,2.10,0
101_1,946952815,12041,16.00,3.23,2.10,0
101_1,946953745,12040,16.00,3.23,2.10,0
101_1,946954674,12023,15.00,3.23,2.10,0
101_1,946955603,12024,15.00,3.23,2.10,0
101_1,946956532,12021,15.00,3.23,2.10,0
101_1,946957462,12044,17.00,3.23,2.10,0
101_1,946958392,12024,16.00,3.23,2.09,0
101_1,946959321,12029,15.00,3.23,2.10,0
101_1,946960251,12037,16.00,3.23,2.10,0
101_1,946961180,12032,16.00,3.23,2.09,0
101_1,946962110,12028,16.00,3.23,2.09,0
101_1,946963039,12018,15.00,3.23,2.09,0
101_1,946963968,11887,13.00,3.23,2.09,0
101_1,946964896,11896,13.00,3.23,2.09,0
101_1,946965824,11959,13.00,3.23,2.09,0
101_1,946966753,11980,13.00,3.23,2.09,0
101_1,946967681,11971,13.00,3.23,2.09,0
101_1,946968609,11926,13.00,3.23,2.09,0
101_1,946969537,11893,12.00,3.23,2.09,0
101_1,946970465,11792,12.00,3.23,2.09,0
101_1,946971393,11780,12.00,3.23,2.09,0
101_1,946972321,11772,10.00,3.23,2.09,0
101_1,946973248,11771,10.00,3.23,2.09,0
101_1,946974175,11770,10.00,3.23,2.09,0
101_1,946975102,11768,10.00,3.23,2.09,0
101_1,946976029,11765,9.00,3.23,2.09,0
101_1,946976956,11765,9.00,3.23,2.09,0
101_1,946977883,11766,9.00,3.23,2.09,0
101_1,946978810,11766,9.00,3.23,2.09,0
101_1,946979736,11765,9.00,3.23,2.09,0
101_1,946980663,11765,8.00,3.23,2.09,0
101_1,946981589,11763,8.00,3.23,2.09,0
101_1,946982516,11753,8.00,3.23,2.09,0
101_1,946983442,11749,8.00,3.23,2.09,0
101_1,946984369,11748,8.00,3.23,2.09,0
101_1,946985295,11747,8.00,3.23,2.09,0
101_1,946986222,11748,8.00,3.23,2.09,0
101_1,946987148,11748,8.00,3.23,2.09,0
101_1,946988074,11748,8.00,3.23,2.09,0
101_1,946989001,11749,8.00,3.23,2.09,0
101_1,946989927,11749,8.00,3.23,2.09,0
101_1,946990853,11749,8.00,3.23,2.09,0
101_1,946991780,11749,8.00,3.23,2.09,0
101_1,946992706,11749,8.00,3.23,2.09,0
101_1,946993632,11751,8.00,3.23,2.09,0
101_1,946994559,11752,8.00,3.23,2.09,0
101_1,946995485,11753,8.00,3.23,2.09,0
101_1,946996412,11753,8.00,3.23,2.09,0
101_1,946997338,11754,8.00,3.23,2.09,0
101_1,946998264,11754,8.00,3.23,2.09,0
101_1,946999191,11755,8.00,3.23,2.09,0
101_1,947000117,11755,8.00,3.23,2.09,0
101_1,947001044,11757,8.00,3.23,2.09,0
101_1,947001971,11758,8.00,3.23,2.09,0
101_1,947002897,11774,8.00,3.23,2.09,0
101_1,947003824,11775,8.00,3.23,2.09,0
101_1,947004750,11776,8.00,3.23,2.09,0
101_1,947005677,11781,9.00,3.23,2.09,0
101_1,947006604,11782,9.00,3.23,2.09,0
101_1,947007530,11784,9.00,3.23,2.09,0
101_1,947008457,11789,9.00,3.23,2.09,0
101_1,947009384,11791,9.00,3.23,2.09,0
101_1,947010311,11794,9.00,3.23,2.09,0
101_1,947011238,11809,9.00,3.23,2.09,0
101_1,947012165,11832,10.00,3.23,2.09,0
101_1,947013092,11882,10.00,3.23,2.09,0
101_1,947014019,11868,10.00,3.23,2.09,0
101_1,947014947,11896,11.00,3.23,2.09,0
101_1,947015874,11909,11.00,3.23,2.09,0
101_1,947016802,11920,12.00,3.23,2.09,0
101_1,947017730,11929,12.00,3.23,2.09,0
101_1,947018658,11921,12.00,3.23,2.09,0
101_1,947019586,11917,12.00,3.23,2.10,0
101_1,947020513,11957,12.00,3.23,2.09,0
101_1,947021441,11966,12.00,3.23,2.09,0
101_1,947022370,11961,12.00,3.23,2.09,0
101_1,947023298,11928,12.00,3.23,2.09,0
101_1,947024226,11996,12.00,3.23,2.09,0
101_1,947025154,12014,13.00,3.23,2.09,0
101_1,947026082,12015,13.00,3.23,2.09,0
101_1,947027011,12035,13.00,3.23,2.10,0
101_1,947027939,12035,13.00,3.23,2.09,0
101_1,947028867,11947,13.00,3.23,2.09,0
101_1,947029795,11899,12.00,3.23,2.09,0
101_1,947030723,11918,12.00,3.23,2.09,0
101_1,947031651,11822,11.00,3.23,2.09,0
101_1,947032578,11816,10.00,3.23,2.09,0
101_1,947033505,11874,11.00,3.23,2.09,0
101_1,947034433,11881,11.00,3.23,2.09,0
101_1,947035360,11892,11.00,3.23,2.09,0
101_1,947036288,11899,11.00,3.23,2.09,0
101_1,947037215,11890,11.00,3.23,2.09,0
101_1,947038143,11838,11.00,3.23,2.09,0
101_1,947039070,11855,10.00,3.23,2.09,0
101_1,947039998,11871,10.00,3.23,2.09,0
101_1,947040925,11916,11.00,3.23,2.09,0
101_1,947041853,11982,12.00,3.23,2.09,0
101_1,947042780,11962,11.00,3.23,2.09,0
101_1,947043708,11973,11.00,3.23,2.09,0
101_1,947044636,12001,11.00,3.23,2.08,0
101_1,947045563,12086,11.00,3.23,2.06,0
101_1,947046490,12089,11.00,3.23,2.06,0
101_1,947047418,12139,11.00,3.23,2.06,0
101_1,947048346,12104,11.00,3.23,2.06,0
101_1,947049273,12058,10.00,3.23,2.06,0
101_1,947050200,12072,10.00,3.23,2.06,0
101_1,947051127,12083,10.00,3.23,2.06,0
101_1,947052054,12086,10.00,3.23,2.05,0
101_1,947052982,12064,10.00,3.23,2.05,0
101_1,947053909,12060,9.00,3.23,2.05,0
101_1,947054836,12066,10.00,3.23,2.05,0
101_1,947055763,11900,9.00,3.23,2.05,0
101_1,947056690,11869,9.00,3.23,2.05,0
101_1,947057617,11848,9.00,3.23,2.05,0
101_1,947058543,11839,9.00,3.23,2.05,0
101_1,947059470,11831,9.00,3.23,2.05,0
101_1,947060397,11827,9.00,3.23,2.05,0
101_1,947061324,11826,9.00,3.23,2.05,0
101_1,947062251,11832,9.00,3.23,2.04,0
101_1,947063177,11828,9.00,3.23,2.05,0
101_1,947064104,11819,8.00,3.23,2.05,0
101_1,947065030,11809,8.00,3.23,2.04,0
101_1,947065957,11810,7.00,3.23,2.04,0
101_1,947066883,11807,7.00,3.23,2.04,0
101_1,947067809,11802,6.00,3.23,2.04,0
101_1,947068735,11796,6.00,3.23,2.04,0
101_1,947069660,11794,6.00,3.23,2.05,0
101_1,947070586,11794,6.00,3.23,2.05,0
101_1,947071512,11794,6.00,3.23,2.05,0
101_1,947072437,11794,5.00,3.23,2.05,0
101_1,947073363,11794,5.00,3.23,2.05,0
101_1,947074288,11794,5.00,3.23,2.05,0
101_1,947075213,11795,5.00,3.23,2.05,0
101_1,947076139,11797,5.00,3.23,2.05,0
101_1,947077064,11794,5.00,3.23,2.05,0
101_1,947077989,11794,5.00,3.23,2.05,0
101_1,947078915,11796,5.00,3.23,2.05,0
101_1,947079840,11798,5.00,3.23,2.05,0
101_1,947080765,11799,4.00,3.23,2.05,0
101_1,947081690,11801,4.00,3.23,2.05,0
101_1,947082615,11802,4.00,3.23,2.05,0
101_1,947083541,11806,5.00,3.23,2.05,0
101_1,947084466,11810,5.00,3.23,2.05,0
101_1,947085391,11812,5.00,3.23,2.04,0
101_1,947086317,11814,5.00,3.22,2.04,0
101_1,947087242,11817,6.00,3.23,2.04,0
101_1,947088168,11827,6.00,3.23,2.04,0
101_1,947089094,11866,7.00,3.23,2.04,0
101_1,947090020,11861,7.00,3.23,2.04,0
101_1,947090946,11865,7.00,3.23,2.04,0
101_1,947091872,11942,8.00,3.23,2.04,0
101_1,947092799,12105,9.00,3.23,2.05,0
101_1,947093726,12105,11.00,3.23,2.10,0
101_1,947094654,12078,12.00,3.23,2.10,0
101_1,947095582,12090,13.00,3.23,2.10,0
101_1,947096510,12088,14.00,3.23,2.10,0
101_1,947097439,12067,14.00,3.23,2.10,0
101_1,947098368,12080,14.00,3.23,2.10,0
101_1,947099296,11968,14.00,3.23,2.10,0
101_1,947100225,12008,13.00,3.23,2.10,0
101_1,947101153,11933,13.00,3.23,2.09,0
101_1,947102082,11922,13.00,3.23,2.09,0
101_1,947103010,11976,13.00,3.23,2.09,0
101_1,947103938,12085,13.00,3.23,2.10,0
101_1,947104867,12084,14.00,3.23,2.10,0
101_1,947105796,12037,15.00,3.23,2.10,0
101_1,947106725,12078,15.00,3.23,2.10,0
101_1,947107654,12099,15.00,3.23,2.10,0
101_1,947108583,12107,15.00,3.23,2.10,0
101_1,947109512,12118,16.00,3.23,2.09,0
101_1,947110441,12130,15.00,3.23,2.09,0
101_1,947111371,12164,15.00,3.23,2.09,0
101_1,947112300,12238,15.00,3.23,2.08,0
101_1,947113229,12406,16.00,3.23,2.06,0
101_1,947114158,12413,16.00,3.23,2.06,0
101_1,947115088,12410,16.00,3.23,2.06,0
101_1,947116018,12392,17.00,3.23,2.06,0
101_1,947116948,12329,17.00,3.23,2.07,0
101_1,947117878,12137,18.00,3.23,2.09,0
101_1,947118808,12122,17.00,3.23,2.09,0
101_1,947119738,12111,18.00,3.23,2.10,0
101_1,947120669,12100,18.00,3.23,2.10,0
101_1,947121599,12096,19.00,3.23,2.10,0
101_1,947122530,12090,19.00,3.23,2.10,0
101_1,947123461,12087,20.00,3.23,2.10,0
101_1,947124392,12089,20.00,3.23,2.10,0
101_1,947125323,12088,21.00,3.23,2.10,0
101_1,947126255,12078,20.00,3.23,2.10,0
101_1,947127186,12078,21.00,3.23,2.10,0
101_1,947128118,12081,21.00,3.23,2.10,0
101_1,947129050,12082,22.00,3.23,2.10,0
101_1,947129982,12080,22.00,3.23,2.10,0
101_1,947130914,12070,22.00,3.23,2.10,0
101_1,947131847,12077,22.00,3.23,2.10,0
101_1,947132779,12059,21.00,3.23,2.10,0
101_1,947133710,12051,20.00,3.23,2.10,0
101_1,947134641,12051,20.00,3.23,2.10,0
101_1,947135572,12049,20.00,3.23,2.09,0
101_1,947136502,12014,18.00,3.23,2.09,0
101_1,947137433,12035,19.00,3.23,2.09,0
101_1,947138364,12033,18.00,3.23,2.09,0
101_1,947139294,12031,19.00,3.23,2.09,0
101_1,947140225,12040,20.00,3.23,2.09,0
101_1,947141156,12036,19.00,3.23,2.09,0
101_1,947142087,11967,17.00,3.23,2.09,0
101_1,947143017,11917,16.00,3.23,2.09,0
101_1,947143946,11893,14.00,3.23,2.09,0
101_1,947144874,11798,13.00,3.23,2.09,0
101_1,947145802,11776,12.00,3.23,2.09,0
101_1,947146730,11793,11.00,3.22,2.09,0
101_1,947147657,11776,10.00,3.22,2.09,0
101_1,947148584,11771,9.00,3.22,2.09,0
101_1,947149511,11767,9.00,3.23,2.09,0
101_1,947150437,11777,8.00,3.23,2.09,0
101_1,947151364,11771,7.00,3.23,2.09,0
101_1,947152289,11763,6.00,3.23,2.09,0
101_1,947153215,11760,6.00,3.23,2.09,0
101_1,947154140,11750,5.00,3.22,2.09,0
101_1,947155066,11746,5.00,3.23,2.09,0
101_1,947155991,11734,4.00,3.23,2.09,0
101_1,947156915,11726,3.00,3.23,2.09,0
101_1,947157840,11721,3.00,3.23,2.09,0
101_1,947158765,11717,2.00,3.23,2.09,0
101_1,947159689,11715,2.00,3.23,2.09,0
101_1,947160614,11711,2.00,3.23,2.09,0
101_1,947161538,11705,1.00,3.23,2.09,0
101_1,947162462,11702,1.00,3.23,2.09,0
101_1,947163386,10765,1.00,3.22,2.06,0
101_1,947164310,11699,0.00,3.23,2.09,0
101_1,947165234,11615,0.00,3.23,2.09,0
101_1,947166157,10771,0.00,3.22,2.09,0
101_1,947167081,6270,0.00,3.23,1.93,0
101_1,947168005,5814,0.00,3.22,1.92,0
101_1,947168928,5487,0.00,3.23,1.91,0
101_1,947169852,5268,0.00,3.23,1.90,0
101_1,947170775,5327,-1.00,3.23,1.90,0
101_1,947171699,5504,-1.00,3.23,1.91,0
101_1,947172622,5693,0.00,3.23,1.91,0
101_1,947173545,7054,0.00,3.23,1.95,0
101_1,947174469,11690,0.00,3.22,2.09,0
101_1,947175393,11694,0.00,3.23,2.09,0
101_1,947176317,11694,1.00,3.23,2.09,0
101_1,947177241,11716,2.00,3.23,2.09,0
101_1,947178166,11945,3.00,3.23,2.09,0
101_1,947179091,12034,7.00,3.23,2.10,0
101_1,947180018,12041,10.00,3.23,2.10,0
101_1,947180945,12037,13.00,3.23,2.10,0
101_1,947181874,12033,15.00,3.23,2.10,0
101_1,947182803,12032,16.00,3.23,2.10,0
101_1,947183733,12030,17.00,3.23,2.10,0
101_1,947184663,12027,17.00,3.22,2.10,0
101_1,947185593,11963,17.00,3.23,2.09,0
101_1,947186523,11957,17.00,3.23,2.09,0
101_1,947187452,11950,17.00,3.23,2.09,0
101_1,947188382,12016,16.00,3.23,2.09,0
101_1,947189312,11985,17.00,3.23,2.09,0
101_1,947190242,12023,18.00,3.23,2.09,0
101_1,947191173,12028,18.00,3.23,2.09,0
101_1,947192103,12008,19.00,3.23,2.09,0
101_1,947193034,12007,19.00,3.23,2.09,0
101_1,947193965,12006,19.00,3.23,2.09,0
101_1,947194895,12010,19.00,3.23,2.09,0
101_1,947195826,12011,19.00,3.23,2.09,0
101_1,947196757,12016,19.00,3.23,2.09,0
101_1,947197687,12022,19.00,3.23,2.09,0
101_1,947198618,12023,20.00,3.23,2.09,0
101_1,947199549,12024,20.00,3.23,2.09,0
101_1,947200481,12024,20.00,3.23,2.09,0
101_1,947201412,12026,21.00,3.23,2.09,0
101_1,947202344,12026,21.00,3.23,2.09,0
101_1,947203275,12024,21.00,3.23,2.09,0
101_1,947204207,12024,21.00,3.23,2.09,0
101_1,947205139,12020,21.00,3.23,2.09,0
101_1,947206071,12019,22.00,3.23,2.09,0
101_1,947207003,12017,22.00,3.23,2.09,0
101_1,947207935,12015,22.00,3.23,2.09,0
101_1,947208867,12013,23.00,3.23,2.09,0
101_1,947209800,12014,23.00,3.23,2.09,0
101_1,947210733,12016,24.00,3.23,2.09,0
101_1,947211666,12015,25.00,3.23,2.09,0
101_1,947212599,12013,25.00,3.23,2.09,0
101_1,947213532,12011,25.00,3.23,2.09,0
101_1,947214466,12012,26.00,3.23,2.09,0
101_1,947215401,12010,27.00,3.23,2.09,0
101_1,947216335,12011,27.00,3.23,2.09,0
101_1,947217271,12010,28.00,3.22,2.09,0
101_1,947218206,12009,28.00,3.23,2.09,0
101_1,947219141,12009,28.00,3.23,2.09,0
101_1,947220076,12007,29.00,3.23,2.09,0
101_1,947221011,11997,26.00,3.23,2.09,0
101_1,947221945,11987,24.00,3.23,2.09,0
101_1,947222878,11982,24.00,3.23,2.09,0
101_1,947223810,11980,23.00,3.23,2.09,0
101_1,947224743,11982,23.00,3.23,2.09,0
101_1,947225676,11996,25.00,3.23,2.09,0
101_1,947226609,11996,25.00,3.22,2.09,0
101_1,947227543,11994,25.00,3.23,2.09,0
101_1,947228476,11976,23.00,3.23,2.09,0
101_1,947229408,11969,21.00,3.23,2.09,0
101_1,947230339,11956,19.00,3.23,2.09,0
101_1,947231270,11919,18.00,3.23,2.09,0
101_1,947232200,11892,17.00,3.23,2.09,0
101_1,947233129,11873,15.00,3.23,2.08,0
101_1,947234058,11847,14.00,3.23,2.08,0
101_1,947234986,11779,12.00,3.23,2.08,0
101_1,947235913,11743,10.00,3.23,2.08,0
101_1,947236840,11724,9.00,3.22,2.08,0
101_1,947237767,11713,8.00,3.23,2.08,0
101_1,947238693,11700,7.00,3.23,2.08,0
101_1,947239619,11695,6.00,3.23,2.08,0
101_1,947240544,11683,5.00,3.22,2.08,0
101_1,947241470,11676,5.00,3.23,2.08,0
101_1,947242395,11670,4.00,3.23,2.08,0
101_1,947243320,11662,3.00,3.23,2.08,0
101_1,947244245,11654,3.00,3.23,2.08,0
101_1,947245169,11651,2.00,3.23,2.08,0
101_1,947246094,11649,2.00,3.23,2.08,0
101_1,947247018,11648,2.00,3.22,2.08,0
101_1,947247942,11647,2.00,3.23,2.08,0
101_1,947248867,11645,2.00,3.23,2.08,0
101_1,947249791,11644,1.00,3.23,2.08,0
101_1,947250715,11644,1.00,3.23,2.08,0
101_1,947251639,11644,1.00,3.23,2.08,0
101_1,947252563,11644,1.00,3.22,2.08,0
101_1,947253487,11644,1.00,3.22,2.08,0
101_1,947254412,11640,1.00,3.23,2.08,0
101_1,947255336,11285,1.00,3.23,2.08,0
101_1,947256260,7668,0.00,3.22,1.97,0
101_1,947257183,6950,0.00,3.23,1.94,0
101_1,947258107,11618,0.00,3.23,2.08,0
101_1,947259031,11631,0.00,3.22,2.08,0
101_1,947259955,11636,1.00,3.23,2.08,0
101_1,947260879,11638,1.00,3.22,2.08,0
101_1,947261803,11646,2.00,3.23,2.08,0
101_1,947262728,11647,3.00,3.23,2.08,0
101_1,947263653,11700,4.00,3.23,2.08,0
101_1,947264578,11973,6.00,3.23,2.09,0
101_1,947265504,11997,9.00,3.23,2.09,0
101_1,947266432,11996,12.00,3.23,2.09,0
101_1,947267360,11999,15.00,3.23,2.09,0
101_1,947268290,12006,17.00,3.23,2.09,0
101_1,947269220,11996,18.00,3.23,2.09,0
101_1,947270150,11994,19.00,3.23,2.09,0
101_1,947271081,11999,20.00,3.23,2.09,0
101_1,947272013,11988,20.00,3.23,2.09,0
101_1,947272944,11980,19.00,3.23,2.09,0
101_1,947273874,11985,19.00,3.23,2.09,0
101_1,947274805,11994,19.00,3.23,2.09,0
101_1,947275736,11991,20.00,3.23,2.09,0
101_1,947276668,12021,20.00,3.23,2.09,0
101_1,947277599,12012,21.00,3.23,2.09,0
101_1,947278531,12002,22.00,3.23,2.09,0
101_1,947279463,12001,22.00,3.23,2.09,0
101_1,947280395,11998,21.00,3.23,2.09,0
101_1,947281327,12002,21.00,3.23,2.09,0
101_1,947282259,12004,22.00,3.23,2.09,0
101_1,947283191,12004,22.00,3.23,2.09,0
101_1,947284123,12005,22.00,3.23,2.09,0
101_1,947285055,12005,22.00,3.23,2.09,0
101_1,947285988,12007,23.00,3.23,2.09,0
101_1,947286920,12005,23.00,3.23,2.09,0
101_1,947287853,12005,23.00,3.23,2.09,0
101_1,947288785,12004,24.00,3.23,2.09,0
101_1,947289718,12004,24.00,3.23,2.09,0
101_1,947290651,12002,25.00,3.23,2.09,0
101_1,947291585,12002,25.00,3.23,2.09,0
101_1,947292518,12002,25.00,3.23,2.09,0
101_1,947293451,12002,25.00,3.23,2.09,0
101_1,947294385,12000,25.00,3.22,2.09,0
101_1,947295319,11999,26.00,3.23,2.09,0
101_1,947296253,12000,26.00,3.23,2.09,0
101_1,947297187,11992,27.00,3.23,2.09,0
101_1,947298122,11991,28.00,3.23,2.09,0
101_1,947299056,11992,26.00,3.23,2.09,0
101_1,947299990,11991,25.00,3.23,2.09,0
101_1,947300924,11988,25.00,3.23,2.09,0
101_1,947301858,11988,28.00,3.23,2.09,0
101_1,1468011999,8355,22.00,3.01,2.10,0
101_1,1468012018,8363,22.00,3.01,2.10,0
101_1,1468012026,8365,22.00,3.01,2.10,0
101_1,1468012065,8366,22.00,2.85,2.10,0
101_1,1468012087,8366,23.00,3.01,2.10,0
101_1,1468013033,8362,23.00,3.02,2.10,0
101_1,1468013979,8365,22.00,3.02,2.10,0
101_1,1468014924,8364,22.00,3.02,2.10,0
101_1,1468015870,8363,23.00,3.02,2.10,0
101_1,1468016816,8362,23.00,3.02,2.10,0
101_1,1468017762,8358,23.00,3.02,2.10,0
101_1,1468018708,8355,23.00,3.02,2.10,0
101_1,1468019654,8351,23.00,3.02,2.10,0
101_1,1468020600,8352,23.00,3.02,2.10,0
101_1,1468021546,8352,23.00,3.02,2.10,0
101_1,1468022492,8342,24.00,3.02,2.09,0
101_1,1468023439,8337,24.00,3.02,2.10,0
101_1,1468024385,8343,25.00,3.02,2.09,0
101_1,1468025332,8350,25.00,3.02,2.10,0
101_1,1468026279,8335,26.00,3.02,2.09,0
101_1,1468027226,8343,25.00,3.02,2.09,0
101_1,1468028173,8326,26.00,3.02,2.09,0
101_1,1468029120,8322,26.00,3.02,2.09,0
101_1,1468030067,8323,26.00,3.02,2.09,0
101_1,1468031014,8321,27.00,3.02,2.09,0
101_1,1468031962,8320,27.00,3.02,2.09,0
101_1,1468032909,8324,25.00,3.02,2.09,0
101_1,1468033856,8323,24.00,3.02,2.09,0
101_1,1468034802,8322,23.00,3.02,2.09,0
101_1,1468035748,8322,23.00,3.02,2.09,0
101_1,1468036694,8316,23.00,3.02,2.09,0
101_1,1468037640,8312,22.00,3.02,2.09,0
101_1,1468038585,8311,22.00,3.02,2.09,0
101_1,1468039530,8311,20.00,3.02,2.09,0
101_1,1468040475,8310,19.00,3.02,2.09,0
101_1,1468041419,8305,18.00,3.02,2.09,0
101_1,1468042363,8300,16.00,3.02,2.09,0
101_1,1468043306,8294,15.00,3.02,2.09,0
101_1,1468044249,8292,15.00,3.02,2.09,0
101_1,1468045192,8290,14.00,3.02,2.09,0
101_1,1468046134,8283,14.00,3.02,2.09,0
101_1,1468047077,8279,14.00,3.02,2.09,0
101_1,1468048019,8278,13.00,3.02,2.09,0
101_1,1468048961,8259,12.00,3.02,2.09,0
101_1,1468049903,8238,12.00,3.02,2.09,0
101_1,1468050845,8224,11.00,3.02,2.09,0
101_1,1468051786,8207,10.00,3.02,2.09,0
101_1,1468052728,8197,10.00,3.02,2.09,0
101_1,1468053669,8221,10.00,3.02,2.09,0
101_1,1468054610,8228,10.00,3.02,2.09,0
101_1,1468055551,5068,9.00,3.02,2.01,0
101_1,1468056492,4465,9.00,3.02,1.99,0
101_1,1468057433,4493,9.00,3.02,1.99,0
101_1,1468058374,4472,9.00,3.02,1.99,0
101_1,1468059315,4283,9.00,3.02,1.99,0
101_1,1468060256,4167,8.00,3.02,1.99,0
101_1,1468061196,4044,8.00,3.02,1.98,0
101_1,1468062137,4017,7.00,3.01,1.98,0
101_1,1468063077,3986,7.00,3.02,1.98,0
101_1,1468064017,3944,6.00,3.02,1.98,0
101_1,1468064957,3932,6.00,3.02,1.98,0
101_1,1468065897,3936,6.00,3.02,1.98,0
101_1,1468066837,3956,6.00,3.02,1.98,0
101_1,1468067777,3972,6.00,3.02,1.98,0
101_1,1468068717,3962,6.00,3.02,1.98,0
101_1,1468069657,3946,6.00,3.02,1.98,0
101_1,1468070597,3931,6.00,3.02,1.98,0
101_1,1468071537,3941,6.00,3.02,1.98,0
101_1,1468072477,4004,6.00,3.02,1.98,0
101_1,1468073417,4015,6.00,3.02,1.98,0
101_1,1468074358,4032,7.00,3.02,1.98,0
101_1,1468075298,4083,7.00,3.02,1.99,0
101_1,1468076238,8300,8.00,3.02,2.09,0
101_1,1468077179,8295,10.00,3.02,2.10,0
101_1,1468078121,8277,13.00,3.02,2.10,0
101_1,1468079064,8278,16.00,3.02,2.10,0
101_1,1468080007,8283,17.00,3.02,2.10,0
101_1,1468080951,8282,19.00,3.02,2.10,0
101_1,1468081896,8280,19.00,3.02,2.10,0
101_1,1468082840,8284,20.00,3.02,2.10,0
101_1,1468083785,8297,19.00,3.02,2.09,0
101_1,1468084729,8299,18.00,3.02,2.09,0
101_1,1468085673,8302,18.00,3.02,2.09,0
101_1,1468086618,8289,19.00,3.02,2.10,0
101_1,1468087563,8283,22.00,3.02,2.10,0
101_1,1468088508,8289,21.00,3.02,2.10,0
101_1,1468089453,8290,21.00,3.02,2.09,0
101_1,1468090399,8287,22.00,3.02,2.10,0
101_1,1468091344,8286,22.00,3.02,2.09,0
101_1,1468092290,8286,22.00,3.02,2.10,0
101_1,1468093235,8285,23.00,3.02,2.10,0
101_1,1468094181,8283,22.00,3.02,2.09,0
101_1,1468095127,8281,23.00,3.02,2.10,0
101_1,1468096073,8282,23.00,3.02,2.09,0
101_1,1468097019,8281,23.00,3.02,2.10,0
101_1,1468097965,8281,23.00,3.02,2.09,0
101_1,1468098911,8280,24.00,3.02,2.09,0
101_1,1468099857,8278,24.00,3.02,2.09,0
101_1,1468100803,8279,24.00,3.02,2.10,0
101_1,1468101750,8278,24.00,3.02,2.09,0
101_1,1468102696,8277,24.00,3.02,2.09,0
101_1,1468103643,8278,24.00,3.02,2.09,0
101_1,1468104589,8277,24.00,3.02,2.09,0
101_1,1468105536,8275,25.00,3.02,2.09,0
101_1,1468106483,8277,25.00,3.02,2.09,0
101_1,1468107429,8277,25.00,3.02,2.09,0
101_1,1468108376,8281,24.00,3.02,2.09,0
101_1,1468109322,8285,24.00,3.01,2.09,0
101_1,1468110269,8279,24.00,3.02,2.09,0
101_1,1468111215,8276,25.00,3.02,2.09,0
101_1,1468112162,8286,24.00,3.02,2.09,0
101_1,1468113108,8288,23.00,3.02,2.09,0
101_1,1468114054,8289,23.00,3.02,2.09,0
101_1,1468114999,8288,23.00,3.02,2.09,0
101_1,1468115945,8285,22.00,3.02,2.09,0
101_1,1468116891,8256,23.00,3.02,2.09,0
101_1,1468117837,8277,24.00,3.02,2.09,0
101_1,1468118784,8282,24.00,3.02,2.09,0
101_1,1468119730,8283,23.00,3.02,2.09,0
101_1,1468120676,8282,22.00,3.02,2.09,0
101_1,1468121621,8284,22.00,3.02,2.09,0
101_1,1468122567,8282,21.00,3.02,2.09,0
101_1,1468123512,8283,21.00,3.02,2.09,0
101_1,1468124457,8283,22.00,3.02,2.09,0
101_1,1468125403,8280,21.00,3.02,2.09,0
101_1,1468126348,8284,21.00,3.02,2.09,0
101_1,1468127293,8283,21.00,3.02,2.09,0
101_1,1468128238,8286,20.00,3.02,2.09,0
101_1,1468129182,8286,19.00,3.02,2.09,0
101_1,1468130126,8267,17.00,3.02,2.09,0
101_1,1468131070,8266,16.00,3.02,2.09,0
101_1,1468132013,8265,16.00,3.02,2.09,0
101_1,1468132956,8262,15.00,3.02,2.09,0
101_1,1468133899,8259,15.00,3.02,2.09,0
101_1,1468134842,8260,14.00,3.02,2.09,0
101_1,1468135784,8256,13.00,3.02,2.09,0
101_1,1468136726,8254,12.00,3.02,2.09,0
101_1,1468137668,8255,11.00,3.02,2.09,0
101_1,1468138609,4519,10.00,3.02,1.99,0
101_1,1468139551,4119,10.00,3.02,1.99,0
101_1,1468140492,4070,9.00,3.02,1.98,0
101_1,1468141432,4056,8.00,3.02,1.98,0
101_1,1468142373,4011,7.00,3.02,1.98,0
101_1,1468143313,3975,7.00,3.02,1.98,0
101_1,1468144253,3961,7.00,3.02,1.98,0
101_1,1468145194,3963,6.00,3.02,1.98,0
101_1,1468146134,3943,7.00,3.02,1.98,0
101_1,1468147074,3914,6.00,3.02,1.98,0
101_1,1468148014,3898,6.00,3.02,1.98,0
101_1,1468148954,3873,5.00,3.02,1.98,0
101_1,1468149894,3868,5.00,3.02,1.98,0
101_1,1468150833,3874,5.00,3.02,1.98,0
101_1,1468151773,3810,5.00,3.02,1.98,0
101_1,1468152713,3820,5.00,3.02,1.97,0
101_1,1468153653,3827,5.00,3.02,1.98,0
101_1,1468154592,3906,6.00,3.02,1.98,0
101_1,1468155532,3952,6.00,3.02,1.98,0
101_1,1468156472,3997,7.00,3.02,1.98,0
101_1,1468157413,3983,7.00,3.02,1.98,0
101_1,1468158353,4001,7.00,3.02,1.98,0
101_1,1468159294,4020,8.00,3.02,1.99,0
101_1,1468160234,4041,8.00,3.02,1.99,0
101_1,1468161175,4053,8.00,3.02,1.99,0
101_1,1468162116,4158,9.00,3.02,1.99,0
101_1,1468163057,8274,9.00,3.02,2.09,0
101_1,1468163998,8282,10.00,3.02,2.09,0
101_1,1468164939,8283,11.00,3.02,2.09,0
101_1,1468165881,8290,12.00,3.02,2.09,0
101_1,1468166823,8291,13.00,3.02,2.09,0
101_1,1468167766,8269,17.00,3.02,2.10,0
101_1,1468168710,8288,18.00,3.02,2.10,0
101_1,1468169654,8287,19.00,3.02,2.10,0
101_1,1468170598,8291,18.00,3.02,2.09,0
101_1,1468171542,8294,18.00,3.02,2.09,0
101_1,1468172486,8299,18.00,3.02,2.09,0
101_1,1468173430,8294,19.00,3.02,2.10,0
101_1,1468174375,8295,19.00,3.02,2.09,0
101_1,1468175319,8293,19.00,3.02,2.09,0
101_1,1468176264,8294,19.00,3.02,2.09,0
101_1,1468177208,8298,19.00,3.02,2.09,0
101_1,1468178152,8291,20.00,3.02,2.10,0
101_1,1468179097,8297,19.00,3.02,2.09,0
101_1,1468180041,8283,18.00,3.02,2.09,0
101_1,1468180985,8280,17.00,3.02,2.09,0
101_1,1468181928,8286,17.00,3.02,2.09,0
101_1,1468182872,8274,16.00,3.02,2.09,0
101_1,1468183815,8274,16.00,3.02,2.09,0
101_1,1468184758,8306,16.00,3.02,2.10,0
101_1,1468185702,8298,18.00,3.02,2.09,0
101_1,1468186646,8299,18.00,3.02,2.09,0
101_1,1468187590,8301,18.00,3.02,2.09,0
101_1,1468188534,8278,17.00,3.02,2.09,0
101_1,1468189477,8272,16.00,3.02,2.09,0
101_1,1468190420,8285,16.00,3.02,2.09,0
101_1,1468191363,8303,17.00,3.02,2.09,0
101_1,1468192307,8300,17.00,3.02,2.10,0
101_1,1468193251,8278,19.00,3.02,2.10,0
101_1,1468194196,8288,20.00,3.02,2.10,0
101_1,1468195140,8291,18.00,3.02,2.09,0
101_1,1468196084,8304,18.00,3.02,2.09,0
101_1,1468197028,8298,19.00,3.02,2.09,0
101_1,1468197972,8298,18.00,3.02,2.09,0
101_1,1468198917,8298,18.00,3.02,2.09,0
101_1,1468199860,8298,18.00,3.02,2.10,0
101_1,1468200805,8300,18.00,3.02,2.09,0
101_1,1468201749,8275,20.00,3.02,2.10,0
101_1,1468202694,8268,21.00,3.02,2.10,0
101_1,1468203639,8271,21.00,3.02,2.10,0
101_1,1468204584,8278,21.00,3.02,2.10,0
101_1,1468205529,8298,20.00,3.02,2.09,0
101_1,1468206474,8300,19.00,3.02,2.09,0
101_1,1468207418,8287,18.00,3.02,2.09,0
101_1,1468208362,8285,18.00,3.02,2.09,0
101_1,1468209306,8280,17.00,3.02,2.09,0
101_1,1468210249,8276,17.00,3.02,2.09,0
101_1,1468211193,8273,16.00,3.02,2.09,0
101_1,1468212136,8271,16.00,3.02,2.09,0
101_1,1468213079,8270,15.00,3.02,2.09,0
101_1,1468214022,8271,15.00,3.02,2.09,0
101_1,1468214965,8269,15.00,3.02,2.10,0
101_1,1468215908,8267,14.00,3.02,2.09,0
101_1,1468216850,8266,14.00,3.02,2.09,0
101_1,1468217793,8267,14.00,3.02,2.09,0
101_1,1468218735,8266,13.00,3.02,2.09,0
101_1,1468219677,8266,13.00,3.02,2.10,0
101_1,1468220620,8266,13.00,3.02,2.09,0
101_1,1468221562,8266,13.00,3.02,2.09,0
101_1,1468222504,8266,12.00,3.02,2.09,0
101_1,1468223446,8268,12.00,3.02,2.09,0
101_1,1468224388,8270,12.00,3.02,2.09,0
101_1,1468225330,8271,12.00,3.02,2.09,0
101_1,1468226272,8271,12.00,3.02,2.09,0
101_1,1468227213,8271,11.00,3.02,2.09,0
101_1,1468228155,8271,11.00,3.02,2.09,0
101_1,1468229097,7930,11.00,3.02,2.09,0
101_1,1468230038,8216,11.00,3.02,2.09,0
101_1,1468230980,5307,11.00,3.02,2.02,0
101_1,1468231921,4546,11.00,3.02,2.00,0
101_1,1468232863,4371,11.00,3.02,1.99,0
101_1,1468233805,4325,11.00,3.02,1.99,0
101_1,1468234746,4609,11.00,3.02,2.00,0
101_1,1468235687,6339,11.00,3.02,2.05,0
101_1,1468236629,5001,11.00,3.02,2.01,0
101_1,1468237571,4608,11.00,3.02,2.00,0
101_1,1468238512,4646,11.00,3.02,2.00,0
101_1,1468239454,4576,11.00,3.02,2.00,0
101_1,1468240395,4514,11.00,3.02,2.00,0
101_1,1468241337,4441,11.00,3.02,2.00,0
101_1,1468242278,4403,11.00,3.02,2.00,0
101_1,1468243220,4377,11.00,3.03,2.00,0
101_1,1468244161,4312,11.00,3.02,1.99,0
101_1,1468245103,4313,11.00,3.02,1.99,0
101_1,1468246044,4396,11.00,3.02,2.00,0
101_1,1468246986,4484,11.00,3.02,2.00,0
101_1,1468247928,4453,11.00,3.02,2.00,0
101_1,1468248869,8280,11.00,3.02,2.10,0
101_1,1468249811,8275,12.00,3.02,2.10,0
101_1,1468250753,8275,12.00,3.02,2.10,0
101_1,1468251695,8277,13.00,3.02,2.10,0
101_1,1468252637,8275,13.00,3.02,2.10,0
101_1,1468253579,8275,12.00,3.02,2.10,0
101_1,1468254521,8275,12.00,3.02,2.10,0
101_1,1468255463,8275,12.00,3.02,2.10,0
101_1,1468256405,8276,12.00,3.02,2.10,0
101_1,1468257347,8277,12.00,3.02,2.10,0
101_1,1468258289,8278,13.00,3.02,2.10,0
101_1,1468259231,8281,13.00,3.02,2.10,0
101_1,1468260174,8284,13.00,3.02,2.10,0
101_1,1468261116,8284,14.00,3.02,2.10,0
101_1,1468262059,8290,14.00,3.02,2.10,0
101_1,1468263001,8293,15.00,3.02,2.10,0
101_1,1468263944,8292,15.00,3.02,2.10,0
101_1,1468264887,8289,15.00,3.02,2.10,0
101_1,1468265830,8283,15.00,3.02,2.10,0
101_1,1468266773,8283,15.00,3.02,2.10,0
101_1,1468267716,8289,15.00,3.02,2.10,0
101_1,1468268659,8298,16.00,3.02,2.10,0
101_1,1468269602,8293,17.00,3.02,2.10,0
101_1,1468270546,8291,17.00,3.02,2.10,0
101_1,1468271490,8292,17.00,3.02,2.10,0
101_1,1468272433,8290,17.00,3.02,2.10,0
101_1,1468273377,8291,17.00,3.02,2.10,0
101_1,1468274321,8289,18.00,3.02,2.10,0
101_1,1468275265,8288,18.00,3.02,2.10,0
101_1,1468276209,8286,17.00,3.02,2.10,0
101_1,1468277152,8290,17.00,3.02,2.10,0
101_1,1468278096,8298,18.00,3.02,2.10,0
101_1,1468279040,8291,18.00,3.02,2.10,0
101_1,1468279985,8293,19.00,3.02,2.10,0
101_1,1468280929,8296,18.00,3.02,2.10,0
101_1,1468281873,8293,19.00,3.02,2.10,0
101_1,1468282817,8276,19.00,3.02,2.10,0
101_1,1468283762,8296,19.00,3.02,2.10,0
101_1,1468284706,8285,19.00,3.02,2.10,0
101_1,1468285650,8280,18.00,3.02,2.09,0
101_1,1468286594,8279,18.00,3.02,2.09,0
101_1,1468287538,8268,19.00,3.02,2.10,0
101_1,1468288483,8264,21.00,3.02,2.10,0
101_1,1468289429,8270,21.00,3.02,2.10,0
101_1,1468290374,8293,20.00,3.02,2.10,0
101_1,1468291319,8271,20.00,3.02,2.10,0
101_1,1468292264,8272,20.00,3.02,2.10,0
101_1,1468293209,8290,20.00,3.02,2.09,0
101_1,1468294153,8294,20.00,3.02,2.09,0
101_1,1468295098,8291,20.00,3.02,2.09,0
101_1,1468296043,8275,19.00,3.02,2.09,0
101_1,1468296987,8285,20.00,3.02,2.09,0
101_1,1468297932,8273,20.00,3.02,2.10,0
101_1,1468298877,8269,20.00,3.02,2.10,0
101_1,1468299822,8289,20.00,3.02,2.09,0
101_1,1468300766,8268,18.00,3.02,2.09,0
101_1,1468301710,8268,16.00,3.02,2.09,0
101_1,1468302653,8266,15.00,3.02,2.09,0
101_1,1468303596,8264,14.00,3.02,2.09,0
101_1,1468304538,8264,13.00,3.02,2.09,0
101_1,1468305480,8265,11.00,3.02,2.09,0
101_1,1468306422,4218,10.00,3.02,1.99,0
101_1,1468307363,4174,9.00,3.02,1.99,0
101_1,1468308304,4117,9.00,3.02,1.99,0
101_1,1468309245,4060,8.00,3.02,1.99,0
101_1,1468310185,4003,7.00,3.02,1.98,0
101_1,1468311126,3944,7.00,3.02,1.98,0
101_1,1468312066,3915,6.00,3.02,1.98,0
101_1,1468313006,3886,6.00,3.02,1.98,0
101_1,1468313946,3870,6.00,3.02,1.98,0
101_1,1468314886,3824,5.00,3.02,1.98,0
101_1,1468315826,3818,5.00,3.02,1.98,0
101_1,1468316765,3782,4.00,3.02,1.98,0
101_1,1468317705,3786,4.00,3.02,1.98,0
101_1,1468318644,3748,4.00,3.02,1.97,0
101_1,1468319583,3655,3.00,3.02,1.97,0
101_1,1468320523,3639,3.00,3.02,1.97,0
101_1,1468321462,3625,3.00,3.02,1.97,0
101_1,1468322401,3613,3.00,3.02,1.97,0
101_1,1468323340,3609,3.00,3.02,1.97,0
101_1,1468324279,3602,2.00,3.02,1.97,0
101_1,1468325218,3602,2.00,3.02,1.97,0
101_1,1468326157,3595,2.00,3.02,1.97,0
101_1,1468327096,3595,2.00,3.02,1.97,0
101_1,1468328035,3592,2.00,3.02,1.97,0
101_1,1468328974,3583,2.00,3.02,1.97,0
101_1,1468329912,3585,2.00,3.02,1.97,0
101_1,1468330851,3640,2.00,3.02,1.97,0
101_1,1468331791,3752,3.00,3.02,1.98,0
101_1,1468332730,3839,4.00,3.02,1.98,0
101_1,1468333670,3923,5.00,3.02,1.98,0
101_1,1468334610,4016,6.00,3.02,1.99,0
101_1,1468335550,8266,7.00,3.02,2.10,0
101_1,1468336490,8275,10.00,3.02,2.10,0
101_1,1468337432,8259,13.00,3.03,2.10,0
101_1,1468338375,8254,15.00,3.02,2.10,0
101_1,1468339318,8265,16.00,3.02,2.10,0
101_1,1468340261,8251,17.00,3.02,2.10,0
101_1,1468341206,8248,18.00,3.02,2.10,0
101_1,1468342150,8264,19.00,3.02,2.10,0
101_1,1468343094,8276,18.00,3.02,2.10,0
101_1,1468344038,8274,18.00,3.02,2.10,0
101_1,1468344983,8291,19.00,3.02,2.10,0
101_1,1468345927,8250,20.00,3.02,2.10,0
101_1,1468346872,8268,22.00,3.02,2.10,0
101_1,1468347818,8258,22.00,3.02,2.10,0
101_1,1468348764,8259,23.00,3.02,2.10,0
101_1,1468349710,8248,24.00,3.02,2.10,0
101_1,1468350656,8256,23.00,3.02,2.10,0
101_1,1468351602,8251,23.00,3.02,2.10,0
101_1,1468352548,8251,23.00,3.02,2.10,0
101_1,1468353494,8252,23.00,3.02,2.10,0
101_1,1468354440,8252,24.00,3.02,2.10,0
101_1,1468355387,8252,24.00,3.02,2.10,0
101_1,1468356333,8251,24.00,3.02,2.10,0
101_1,1468357280,8252,25.00,3.02,2.10,0
101_1,1468358227,8251,25.00,3.02,2.10,0
101_1,1468359174,8250,26.00,3.02,2.09,0
101_1,1468360121,8250,26.00,3.02,2.09,0
101_1,1468361068,8250,26.00,3.02,2.09,0
101_1,1468362015,8250,26.00,3.02,2.09,0
101_1,1468362963,8248,26.00,3.02,2.09,0
101_1,1468363910,8248,26.00,3.02,2.09,0
101_1,1468364857,8248,27.00,3.02,2.09,0
101_1,1468365805,8247,27.00,3.02,2.09,0
101_1,1468366753,8247,27.00,3.02,2.09,0
101_1,1468367701,8248,28.00,3.02,2.09,0
101_1,1468368649,8245,29.00,3.02,2.09,0
101_1,1468369598,8244,29.00,3.02,2.09,0
101_1,1468370546,8243,29.00,3.02,2.09,0
101_1,1468371495,8243,29.00,3.02,2.09,0
101_1,1468372443,8242,30.00,3.02,2.09,0
101_1,1468373392,8241,30.00,3.01,2.09,0
101_1,1468374342,8240,31.00,3.02,2.09,0
101_1,1468375291,8238,31.00,3.02,2.09,0
101_1,1468376240,8237,31.00,3.02,2.09,0
101_1,1468377189,8240,28.00,3.02,2.09,0
101_1,1468378137,8238,27.00,3.02,2.09,0
101_1,1468378137,8238,27.00,3.02,2.09,0
101_1,1468379085,8239,27.00,3.02,2.09,0
101_1,1468380033,8244,27.00,3.02,2.09,0
101_1,1468380981,8244,27.00,3.02,2.09,0
101_1,1468381928,8245,27.00,3.02,2.09,0
101_1,1468382875,8222,25.00,3.02,2.09,0
101_1,1468383822,8225,23.00,3.02,2.09,0
101_1,1468384768,8224,22.00,3.02,2.09,0
101_1,1468385713,8227,21.00,3.02,2.09,0
101_1,1468386658,8229,19.00,3.03,2.09,0
101_1,1468387602,8230,18.00,3.02,2.09,0
101_1,1468388546,8231,17.00,3.02,2.09,0
101_1,1468389489,8232,16.00,3.03,2.09,0
101_1,1468390432,8231,15.00,3.02,2.09,0
101_1,1468391375,8230,14.00,3.03,2.09,0
101_1,1468392317,8230,14.00,3.02,2.09,0
101_1,1468393260,8228,13.00,3.02,2.09,0
101_1,1468394202,8226,12.00,3.02,2.09,0
101_1,1468395143,8225,11.00,3.02,2.09,0
101_1,1468396085,8049,11.00,3.02,2.09,0
101_1,1468397026,5871,11.00,3.02,2.03,0
101_1,1468397968,5285,10.00,3.02,2.01,0
101_1,1468398909,5058,10.00,3.02,2.01,0
101_1,1468399850,4479,9.00,3.02,1.99,0
101_1,1468400791,4157,9.00,3.03,1.99,0
101_1,1468401731,4070,8.00,3.02,1.98,0
101_1,1468402672,4012,8.00,3.03,1.98,0
101_1,1468403612,3981,7.00,3.02,1.98,0
101_1,1468404553,3966,7.00,3.02,1.98,0
101_1,1468405493,3949,7.00,3.02,1.98,0
101_1,1468406433,3937,7.00,3.02,1.98,0
101_1,1468407372,3932,7.00,3.02,1.98,0
101_1,1468408312,3927,6.00,3.02,1.98,0
101_1,1468409252,3916,6.00,3.03,1.98,0
101_1,1468410192,3898,6.00,3.03,1.98,0
101_1,1468411131,3892,6.00,3.02,1.98,0
101_1,1468412071,3889,6.00,3.02,1.98,0
101_1,1468413011,3888,6.00,3.03,1.98,0
101_1,1468413950,3883,6.00,3.02,1.98,0
101_1,1468414890,3878,6.00,3.02,1.98,0
101_1,1468415830,3881,6.00,3.02,1.98,0
101_1,1468416769,3891,6.00,3.02,1.98,0
101_1,1468417709,3932,6.00,3.02,1.98,0
101_1,1468418649,4028,7.00,3.02,1.99,0
101_1,1468419589,5696,8.00,3.02,2.03,0
101_1,1468420529,4690,8.00,3.02,2.00,0
101_1,1468421470,6458,9.00,3.03,2.05,0
101_1,1468422411,8239,11.00,3.03,2.09,0
101_1,1468423353,8219,14.00,3.03,2.10,0
101_1,1468424295,8233,16.00,3.02,2.10,0
101_1,1468425239,8241,19.00,3.03,2.10,0
101_1,1468426183,8235,20.00,3.03,2.10,0
101_1,1468427128,8237,22.00,3.02,2.10,0
101_1,1468428074,8229,23.00,3.03,2.10,0
101_1,1468429020,8238,23.00,3.02,2.09,0
101_1,1468429965,8223,22.00,3.02,2.09,0
101_1,1468430910,8232,23.00,3.02,2.09,0
101_1,1468431856,8239,23.00,3.02,2.10,0
101_1,1468432803,8237,25.00,3.03,2.09,0
101_1,1468433750,8236,25.00,3.02,2.09,0
101_1,1468434697,8241,25.00,3.03,2.09,0
101_1,1468435644,8238,26.00,3.02,2.09,0
101_1,1468436592,8238,27.00,3.02,2.09,0
101_1,1468437539,8239,26.00,3.02,2.09,0
101_1,1468438486,8238,26.00,3.02,2.09,0
101_1,1468439434,8239,26.00,3.02,2.09,0
101_1,1468440381,8239,27.00,3.03,2.09,0
101_1,1468441329,8240,27.00,3.02,2.09,0
101_1,1468442277,8240,27.00,3.02,2.09,0
101_1,1468443224,8239,27.00,3.02,2.09,0
101_1,1468444172,8238,28.00,3.02,2.09,0
101_1,1468445120,8238,28.00,3.02,2.09,0
101_1,1468446069,8236,28.00,3.02,2.09,0
101_1,1468447017,8235,29.00,3.02,2.09,0
101_1,1468447965,8235,29.00,3.02,2.09,0
101_1,1468448914,8233,29.00,3.02,2.09,0
101_1,1468449863,8234,29.00,3.03,2.09,0
101_1,1468450811,8234,30.00,3.02,2.09,0
101_1,1468451760,8233,30.00,3.02,2.09,0
101_1,1468452709,8234,30.00,3.03,2.09,0
101_1,1468453658,8234,30.00,3.02,2.09,0
101_1,1468454607,8229,30.00,3.02,2.09,0
101_1,1468455556,8223,31.00,3.03,2.09,0
101_1,1468456506,8225,31.00,3.03,2.09,0
101_1,1468457456,8232,31.00,3.03,2.09,0
101_1,1468458405,8225,31.00,3.02,2.09,0
101_1,1468459355,8223,32.00,3.02,2.09,0
101_1,1468460305,8221,33.00,3.02,2.09,0
101_1,1468461256,8220,33.00,3.02,2.09,0
101_1,1468462206,8219,33.00,3.02,2.09,0
101_1,1468463157,8219,33.00,3.02,2.09,0
101_1,1468464107,8218,33.00,3.02,2.09,0
101_1,1468465058,8221,33.00,3.02,2.09,0
101_1,1468466008,8197,31.00,3.02,2.09,0
101_1,1468466957,8198,30.00,3.02,2.09,0
101_1,1468467906,8195,30.00,3.02,2.09,0
101_1,1468468855,8193,29.00,3.02,2.09,0
101_1,1468469803,8194,29.00,3.02,2.09,0
101_1,1468470751,8191,27.00,3.03,2.09,0
101_1,1468471698,8188,24.00,3.03,2.09,0
101_1,1468472645,8190,22.00,3.02,2.09,0
101_1,1468473590,8197,21.00,3.03,2.09,0
101_1,1468474535,8200,19.00,3.03,2.09,0
101_1,1468475479,8202,18.00,3.03,2.09,0
101_1,1468476423,8202,17.00,3.03,2.09,0
101_1,1468477366,8203,16.00,3.02,2.09,0
101_1,1468478309,8205,16.00,3.03,2.09,0
101_1,1468479252,8205,15.00,3.02,2.09,0
101_1,1468480195,8205,15.00,3.03,2.09,0
101_1,1468481138,8206,14.00,3.03,2.09,0
101_1,1468482080,8207,13.00,3.03,2.09,0
101_1,1468483022,8204,13.00,3.02,2.09,0
101_1,1468483964,8196,12.00,3.03,2.09,0
101_1,1468484906,6865,12.00,3.02,2.05,0
101_1,1468485848,5322,11.00,3.02,2.01,0
101_1,1468486789,5126,10.00,3.02,2.01,0
101_1,1468487730,4903,10.00,3.02,2.00,0
101_1,1468488671,4855,10.00,3.02,2.00,0
101_1,1468489612,4429,9.00,3.03,1.99,0
101_1,1468490553,4040,9.00,3.03,1.98,0
101_1,1468491494,3979,8.00,3.03,1.98,0
101_1,1468492435,3963,8.00,3.02,1.98,0
101_1,1468493375,3964,8.00,3.03,1.98,0
101_1,1468494316,3943,7.00,3.03,1.98,0
101_1,1468495256,3935,7.00,3.03,1.98,0
101_1,1468496196,3908,7.00,3.02,1.98,0
101_1,1468497136,3891,7.00,3.03,1.98,0
101_1,1468498077,3881,6.00,3.02,1.98,0
101_1,1468499017,3889,7.00,3.03,1.98,0
101_1,1468499957,3892,7.00,3.03,1.98,0
101_1,1468500897,3872,6.00,3.03,1.98,0
101_1,1468501837,3867,6.00,3.03,1.98,0
101_1,1468502777,3874,7.00,3.02,1.98,0
101_1,1468503717,3900,6.00,3.03,1.98,0
101_1,1468504657,3934,7.00,3.03,1.98,0
101_1,1468505598,4558,7.00,3.03,1.99,0
101_1,1468506538,4886,8.00,3.02,2.00,0
101_1,1468507479,5090,9.00,3.02,2.01,0
101_1,1468508420,8203,10.00,3.03,2.09,0
101_1,1468509362,8186,13.00,3.03,2.09,0
101_1,1468510305,8191,16.00,3.03,2.09,0
101_1,1468511248,8196,18.00,3.03,2.09,0
101_1,1468512193,8197,19.00,3.03,2.09,0
101_1,1468513138,8205,21.00,3.02,2.09,0
101_1,1468514083,8202,22.00,3.02,2.09,0
101_1,1468515029,8195,23.00,3.02,2.09,0
101_1,1468515974,8208,22.00,3.02,2.09,0
101_1,1468516920,8197,22.00,3.03,2.09,0
101_1,1468517865,8195,22.00,3.03,2.09,0
101_1,1468518811,8197,23.00,3.03,2.09,0
101_1,1468519757,8190,25.00,3.02,2.09,0
101_1,1468520704,8200,24.00,3.02,2.09,0
101_1,1468521651,8204,26.00,3.02,2.09,0
101_1,1468522598,8197,26.00,3.03,2.09,0
101_1,1468523545,8201,26.00,3.02,2.09,0
101_1,1468524493,8202,27.00,3.03,2.09,0
101_1,1468525440,8207,27.00,3.02,2.09,0
101_1,1468526388,8213,28.00,3.03,2.09,0
101_1,1468527336,8213,28.00,3.02,2.09,0
101_1,1468528284,8218,28.00,3.03,2.09,0
101_1,1468529233,8221,29.00,3.03,2.09,0
101_1,1468530181,8221,29.00,3.02,2.09,0
101_1,1468531130,8222,30.00,3.02,2.09,0
101_1,1468532080,8220,30.00,3.02,2.09,0
101_1,1468533029,8211,30.00,3.02,2.09,0
101_1,1468533977,8193,29.00,3.03,2.09,0
101_1,1468534926,8195,27.00,3.02,2.09,0
101_1,1468535873,8195,26.00,3.02,2.09,0
101_1,1468536820,8194,25.00,3.02,2.09,0
101_1,1468537766,8193,24.00,3.02,2.09,0
101_1,1468538712,8193,23.00,3.02,2.09,0
101_1,1468539658,8194,22.00,3.02,2.09,0
101_1,1468540603,8194,22.00,3.02,2.09,0
101_1,1468541549,8195,22.00,3.02,2.09,0
101_1,1468542494,8194,22.00,3.03,2.09,0
101_1,1468543440,8195,22.00,3.03,2.09,0
101_1,1468544386,8193,22.00,3.02,2.09,0
101_1,1468545332,8192,22.00,3.03,2.09,0
101_1,1468546277,8191,23.00,3.03,2.09,0
101_1,1468547223,8192,23.00,3.02,2.09,0
101_1,1468548169,8192,23.00,3.02,2.09,0
101_1,1468549115,8192,23.00,3.03,2.09,0
101_1,1468550060,8192,22.00,3.03,2.09,0
101_1,1468551006,8190,23.00,3.03,2.09,0
101_1,1468551952,8190,23.00,3.02,2.09,0
101_1,1468552898,8190,23.00,3.03,2.09,0
101_1,1468553844,8192,22.00,3.02,2.09,0
101_1,1468554790,8192,22.00,3.03,2.09,0
101_1,1468555735,8192,23.00,3.03,2.09,0
101_1,1468556681,8192,23.00,3.03,2.09,0
101_1,1468557627,8191,23.00,3.02,2.09,0
101_1,1468558573,8191,23.00,3.02,2.09,0
101_1,1468559519,8191,22.00,3.03,2.09,0
101_1,1468560464,8198,21.00,3.02,2.09,0
101_1,1468561409,8212,20.00,3.02,2.09,0
101_1,1468562354,8213,19.00,3.03,2.09,0
101_1,1468563298,8214,18.00,3.03,2.09,0
101_1,1468564242,8216,17.00,3.02,2.09,0
101_1,1468565185,8218,16.00,3.02,2.09,0
101_1,1468566128,8219,15.00,3.03,2.09,0
101_1,1468567071,8212,14.00,3.03,2.09,0
101_1,1468568013,8208,14.00,3.03,2.09,0
101_1,1468568956,8205,13.00,3.03,2.09,0
101_1,1468569898,6626,12.00,3.03,2.05,0
101_1,1468570840,5333,12.00,3.03,2.02,0
101_1,1468571781,5019,11.00,3.03,2.01,0
101_1,1468572723,4936,11.00,3.02,2.01,0
101_1,1468573664,4671,10.00,3.03,2.00,0
101_1,1468574605,4155,10.00,3.03,1.99,0
101_1,1468575546,4046,9.00,3.02,1.99,0
101_1,1468576487,4003,9.00,3.02,1.98,0
101_1,1468577428,3974,9.00,3.03,1.98,0
101_1,1468578369,3950,8.00,3.03,1.98,0
101_1,1468579310,3948,8.00,3.02,1.99,0
101_1,1468580250,3939,8.00,3.03,1.98,0
101_1,1468581191,3929,8.00,3.02,1.98,0
101_1,1468582131,3891,7.00,3.02,1.98,0
101_1,1468583072,3884,7.00,3.03,1.98,0
101_1,1468584012,3882,7.00,3.02,1.98,0
101_1,1468584952,3878,7.00,3.03,1.98,0
101_1,1468585893,3867,7.00,3.03,1.98,0
101_1,1468586833,3870,7.00,3.03,1.98,0
101_1,1468587773,3873,7.00,3.03,1.98,0
101_1,1468588713,3888,7.00,3.02,1.98,0
101_1,1468589654,3907,7.00,3.03,1.98,0
101_1,1468590594,3951,8.00,3.02,1.98,0
101_1,1468591535,4650,8.00,3.03,2.00,0
101_1,1468592475,4920,9.00,3.03,2.01,0
101_1,1468593416,5099,10.00,3.02,2.01,0
101_1,1468594358,8218,10.00,3.02,2.09,0
101_1,1468595299,8195,12.00,3.03,2.10,0
101_1,1468596242,8190,15.00,3.03,2.10,0
101_1,1468597185,8192,17.00,3.03,2.10,0
101_1,1468598129,8194,19.00,3.03,2.10,0
101_1,1468599074,8200,20.00,3.03,2.10,0
101_1,1468600019,8197,21.00,3.03,2.10,0
101_1,1468600965,8201,22.00,3.03,2.10,0
101_1,1468601910,8194,22.00,3.02,2.10,0
101_1,1468602856,8194,22.00,3.02,2.09,0
101_1,1468603801,8194,22.00,3.02,2.09,0
101_1,1468604747,8197,22.00,3.03,2.10,0
101_1,1468605693,8194,24.00,3.02,2.09,0
101_1,1468606639,8193,24.00,3.02,2.09,0
101_1,1468607586,8194,24.00,3.02,2.09,0
101_1,1468608532,8195,25.00,3.02,2.09,0
101_1,1468609479,8194,24.00,3.03,2.09,0
101_1,1468610425,8194,24.00,3.03,2.09,0
101_1,1468611372,8193,24.00,3.03,2.09,0
101_1,1468612318,8195,24.00,3.03,2.09,0
101_1,1468613265,8196,25.00,3.02,2.09,0
101_1,1468614212,8198,25.00,3.03,2.09,0
101_1,1468615158,8198,25.00,3.03,2.09,0
101_1,1468616105,8197,26.00,3.03,2.09,0
101_1,1468617053,8198,26.00,3.03,2.09,0
101_1,1468618000,8207,27.00,3.03,2.09,0
101_1,1468618948,8208,27.00,3.03,2.09,0
101_1,1468619895,8196,27.00,3.02,2.09,0
101_1,1468620843,8201,27.00,3.03,2.09,0
101_1,1468621791,8202,27.00,3.02,2.09,0
101_1,1468622738,8197,27.00,3.02,2.09,0
101_1,1468623686,8198,26.00,3.02,2.09,0
101_1,1468624633,8196,26.00,3.03,2.09,0
101_1,1468625581,8195,27.00,3.03,2.09,0
101_1,1468626528,8201,27.00,3.02,2.09,0
101_1,1468627476,8207,27.00,3.03,2.09,0
101_1,1468628423,8202,27.00,3.03,2.09,0
101_1,1468629371,8200,28.00,3.03,2.09,0
101_1,1468630319,8198,27.00,3.03,2.09,0
101_1,1468631267,8211,28.00,3.02,2.09,0
101_1,1468632215,8211,28.00,3.03,2.09,0
101_1,1468633164,8211,29.00,3.02,2.09,0
101_1,1468634112,8212,29.00,3.03,2.09,0
101_1,1468635061,8210,29.00,3.02,2.09,0
101_1,1468636009,8199,29.00,3.02,2.09,0
101_1,1468636958,8195,28.00,3.03,2.09,0
101_1,1468637906,8195,27.00,3.02,2.09,0
101_1,1468638853,8194,26.00,3.03,2.09,0
101_1,1468639800,8194,25.00,3.03,2.09,0
101_1,1468640747,8193,25.00,3.03,2.09,0
101_1,1468641694,8194,25.00,3.03,2.09,0
101_1,1468642640,8188,25.00,3.02,2.09,0
101_1,1468643587,8188,25.00,3.03,2.09,0
101_1,1468644534,8185,25.00,3.03,2.09,0
101_1,1468645481,8192,23.00,3.03,2.09,0
101_1,1468646426,8192,22.00,3.03,2.09,0
101_1,1468647372,8197,21.00,3.02,2.09,0
101_1,1468648317,8201,20.00,3.02,2.09,0
101_1,1468649261,8202,19.00,3.02,2.09,0
101_1,1468650205,8203,18.00,3.03,2.09,0
101_1,1468651149,8204,17.00,3.03,2.09,0
101_1,1468652092,8205,16.00,3.03,2.09,0
101_1,1468653035,8205,16.00,3.03,2.09,0
101_1,1468653978,8205,16.00,3.02,2.09,0
101_1,1468654922,8204,15.00,3.03,2.09,0
101_1,1468655864,8197,15.00,3.03,2.09,0
101_1,1468656807,8196,14.00,3.03,2.09,0
101_1,1468657750,8193,14.00,3.03,2.09,0
101_1,1468658692,8192,13.00,3.03,2.09,0
101_1,1468659634,8191,13.00,3.02,2.09,0
101_1,1468660576,8190,13.00,3.03,2.09,0
101_1,1468661519,8189,13.00,3.03,2.09,0
101_1,1468662461,8188,12.00,3.03,2.09,0
101_1,1468663403,8186,12.00,3.03,2.09,0
101_1,1468664345,6821,12.00,3.02,2.06,0
101_1,1468665287,6734,12.00,3.03,2.05,0
101_1,1468666228,6066,12.00,3.03,2.04,0
101_1,1468667170,5868,12.00,3.03,2.03,0
101_1,1468668112,5920,12.00,3.03,2.03,0
101_1,1468669054,5730,12.00,3.03,2.03,0
101_1,1468669995,5629,12.00,3.03,2.02,0
101_1,1468670937,5642,12.00,3.03,2.02,0
101_1,1468671879,5599,11.00,3.03,2.02,0
101_1,1468672821,5230,11.00,3.03,2.01,0
101_1,1468673762,5182,11.00,3.03,2.01,0
101_1,1468674704,5173,11.00,3.03,2.01,0
101_1,1468675646,5177,12.00,3.03,2.01,0
101_1,1468676587,5172,11.00,3.02,2.01,0
101_1,1468677529,5169,11.00,3.03,2.02,0
101_1,1468678470,5166,11.00,3.03,2.02,0
101_1,1468679412,5176,11.00,3.03,2.01,0
101_1,1468680354,5426,11.00,3.02,2.02,0
101_1,1468681296,5853,12.00,3.02,2.03,0
101_1,1468682237,8151,12.00,3.03,2.09,0
101_1,1468683179,8195,12.00,3.03,2.09,0
101_1,1468684122,8198,13.00,3.02,2.09,0
101_1,1468685064,8199,12.00,3.03,2.09,0
101_1,1468686006,8203,13.00,3.03,2.09,0
101_1,1468686948,8210,13.00,3.03,2.09,0
101_1,1468687891,8212,13.00,3.03,2.09,0
101_1,1468688833,8217,14.00,3.03,2.09,0
101_1,1468689776,8218,14.00,3.03,2.09,0
101_1,1468690718,8220,14.00,3.03,2.09,0
101_1,1468691661,8224,14.00,3.03,2.09,0
101_1,1468692603,8225,15.00,3.02,2.09,0
101_1,1468693546,8216,16.00,3.02,2.09,0
101_1,1468694490,8223,16.00,3.03,2.09,0
101_1,1468695433,8222,15.00,3.03,2.09,0
101_1,1468696376,8223,15.00,3.03,2.10,0
101_1,1468697319,8227,16.00,3.03,2.09,0
101_1,1468698262,8227,16.00,3.03,2.09,0
101_1,1468699205,8211,17.00,3.02,2.09,0
101_1,1468700149,8201,17.00,3.02,2.10,0
101_1,1468701093,8196,18.00,3.03,2.09,0
101_1,1468702037,8194,19.00,3.03,2.10,0
101_1,1468702982,8195,20.00,3.02,2.10,0
101_1,1468703926,8194,20.00,3.02,2.10,0
101_1,1468704871,8197,20.00,3.03,2.10,0
101_1,1468705816,8194,21.00,3.02,2.10,0
101_1,1468706761,8201,21.00,3.02,2.10,0
101_1,1468707706,8208,20.00,3.03,2.09,0
101_1,1468708651,8194,21.00,3.03,2.10,0
101_1,1468709596,8194,22.00,3.03,2.10,0
101_1,1468710542,8199,22.00,3.02,2.09,0
101_1,1468711487,8198,22.00,3.03,2.09,0
101_1,1468712433,8195,23.00,3.03,2.09,0
101_1,1468713379,8199,23.00,3.03,2.09,0
101_1,1468714325,8208,22.00,3.03,2.09,0
101_1,1468715270,8208,21.00,3.03,2.09,0
101_1,1468716215,8207,19.00,3.03,2.09,0
101_1,1468717159,8196,20.00,3.03,2.09,0
101_1,1468718105,8194,22.00,3.03,2.09,0
101_1,1468719050,8194,23.00,3.03,2.09,0
101_1,1468719995,8194,23.00,3.03,2.09,0
101_1,1468720941,8197,23.00,3.03,2.09,0
101_1,1468721886,8197,22.00,3.03,2.10,0
101_1,1468722832,8197,21.00,3.03,2.09,0
101_1,1468723777,8196,21.00,3.03,2.09,0
101_1,1468724722,8196,21.00,3.02,2.09,0
101_1,1468725666,8197,21.00,3.03,2.09,0
101_1,1468726611,8198,21.00,3.03,2.09,0
101_1,1468727556,8198,21.00,3.03,2.09,0
101_1,1468728501,8201,20.00,3.02,2.09,0
101_1,1468729445,8201,20.00,3.03,2.09,0
101_1,1468730389,8200,20.00,3.03,2.09,0
101_1,1468731334,8200,20.00,3.03,2.09,0
101_1,1468732278,8201,19.00,3.03,2.09,0
101_1,1468733222,8210,18.00,3.03,2.09,0
101_1,1468734166,8214,18.00,3.03,2.09,0
101_1,1468735109,8215,17.00,3.03,2.09,0
101_1,1468736052,8210,15.00,3.03,2.09,0
101_1,1468736995,8208,15.00,3.03,2.09,0
101_1,1468737937,8204,14.00,3.03,2.09,0
101_1,1468738879,8198,13.00,3.03,2.09,0
101_1,1468739821,7023,12.00,3.03,2.06,0
101_1,1468740763,5244,12.00,3.03,2.01,0
101_1,1468741704,4902,11.00,3.03,2.01,0
101_1,1468742645,4396,10.00,3.03,1.99,0
101_1,1468743586,4009,9.00,3.03,1.98,0
101_1,1468744526,3958,8.00,3.02,1.98,0
101_1,1468745466,3945,8.00,3.03,1.99,0
101_1,1468746407,3934,7.00,3.03,1.98,0
101_1,1468747347,3934,7.00,3.03,1.98,0
101_1,1468748287,3911,7.00,3.03,1.98,0
101_1,1468749227,3899,7.00,3.03,1.98,0
101_1,1468750167,3893,7.00,3.03,1.98,0
101_1,1468751106,3886,6.00,3.03,1.98,0
101_1,1468752046,3876,6.00,3.03,1.98,0
101_1,1468752986,3875,6.00,3.03,1.98,0
101_1,1468753926,3883,6.00,3.03,1.98,0
101_1,1468754866,3896,7.00,3.03,1.98,0
101_1,1468755806,3892,7.00,3.03,1.98,0
101_1,1468756746,3886,7.00,3.03,1.98,0
101_1,1468757686,3896,7.00,3.03,1.98,0
101_1,1468758625,3903,7.00,3.03,1.98,0
101_1,1468759565,3916,7.00,3.02,1.98,0
101_1,1468760505,3974,7.00,3.03,1.98,0
101_1,1468761446,4019,7.00,3.03,1.99,0
101_1,1468762386,4193,8.00,3.02,1.99,0
101_1,1468763326,4597,8.00,3.03,2.00,0
101_1,1468764267,4590,9.00,3.02,2.00,0
101_1,1468765207,4559,9.00,3.03,2.00,0
101_1,1468766148,4545,9.00,3.03,2.00,0
101_1,1468767088,4610,9.00,3.03,2.00,0
101_1,1468768029,4975,10.00,3.02,2.01,0
101_1,1468768970,5435,10.00,3.02,2.02,0
101_1,1468769911,6334,11.00,3.03,2.05,0
101_1,1468770852,8200,11.00,3.03,2.09,0
101_1,1468771793,8204,11.00,3.03,2.09,0
101_1,1468772735,8207,11.00,3.03,2.09,0
101_1,1468773676,8208,11.00,3.02,2.09,0
101_1,1468774618,8205,11.00,3.03,2.09,0
101_1,1468775559,8206,12.00,3.03,2.09,0
101_1,1468776501,8210,12.00,3.03,2.09,0
101_1,1468777442,8213,12.00,3.03,2.09,0
101_1,1468778384,8213,12.00,3.03,2.09,0
101_1,1468779326,8216,12.00,3.02,2.09,0
101_1,1468780268,8219,13.00,3.02,2.09,0
101_1,1468781210,8229,13.00,3.02,2.10,0
101_1,1468782153,8229,13.00,3.03,2.09,0
101_1,1468783095,8219,13.00,3.03,2.09,0
101_1,1468784037,8212,13.00,3.03,2.09,0
101_1,1468784979,6854,12.00,3.03,2.06,0
101_1,1468785921,6039,12.00,3.03,2.04,0
101_1,1468786863,6064,12.00,3.03,2.04,0
101_1,1468787804,6059,11.00,3.03,2.04,0
101_1,1468788746,5750,11.00,3.03,2.03,0
101_1,1468789688,5412,11.00,3.03,2.02,0
101_1,1468790630,5292,11.00,3.02,2.02,0
101_1,1468791571,6337,11.00,3.03,2.05,0
101_1,1468792513,6639,12.00,3.03,2.06,0
101_1,1468793455,5622,12.00,3.03,2.03,0
101_1,1468794396,5276,12.00,3.03,2.02,0
101_1,1468795338,5816,12.00,3.03,2.04,0
101_1,1468796280,5102,12.00,3.02,2.01,0
101_1,1468797222,4548,11.00,3.03,2.00,0
101_1,1468798163,4330,11.00,3.03,1.99,0
101_1,1468799104,4965,11.00,3.03,2.01,0
101_1,1468800046,4987,11.00,3.02,2.01,0
101_1,1468800987,4901,11.00,3.03,2.01,0
101_1,1468801929,4826,11.00,3.03,2.01,0
101_1,1468802870,4529,11.00,3.02,2.00,0
101_1,1468803812,4414,11.00,3.03,2.00,0
101_1,1468804753,4473,11.00,3.03,2.00,0
101_1,1468805694,4561,11.00,3.03,2.00,0
101_1,1468806636,4288,11.00,3.03,1.99,0
101_1,1468807577,4443,10.00,3.03,2.00,0
101_1,1468808518,4228,10.00,3.03,1.99,0
101_1,1468809460,4139,10.00,3.02,1.99,0
101_1,1468810401,4128,10.00,3.03,1.99,0
101_1,1468811342,4121,10.00,3.02,1.99,0
101_1,1468812283,4086,10.00,3.03,1.99,0
101_1,1468813224,4084,10.00,3.03,1.99,0
101_1,1468814166,4112,10.00,3.02,1.99,0
101_1,1468815107,4091,10.00,3.03,1.99,0
101_1,1468816048,4062,10.00,3.03,1.99,0
101_1,1468816989,4044,10.00,3.03,1.99,0
101_1,1468817930,4017,10.00,3.03,1.99,0
101_1,1468818871,4014,10.00,3.03,1.99,0
101_1,1468819812,4018,10.00,3.03,1.99,0
101_1,1468820753,4018,10.00,3.03,1.99,0
101_1,1468821694,4017,10.00,3.03,1.99,0
101_1,1468822635,4030,9.00,3.02,1.99,0
101_1,1468823576,4039,10.00,3.03,1.99,0
101_1,1468824517,4040,10.00,3.03,1.99,0
101_1,1468825458,4040,10.00,3.03,1.99,0
101_1,1468826399,4040,10.00,3.03,1.99,0
101_1,1468827340,4053,10.00,3.03,1.99,0
101_1,1468828281,4076,10.00,3.03,1.99,0
101_1,1468829223,4178,10.00,3.03,1.96,0
101_1,1468830164,4192,10.00,3.03,1.96,0
101_1,1468831105,4224,10.00,3.03,1.95,0
101_1,1468832046,4239,10.00,3.03,1.95,0
101_1,1468832987,4371,10.00,3.02,1.95,0
101_1,1468833928,4449,10.00,3.02,1.95,0
101_1,1468834870,4452,10.00,3.03,1.95,0
101_1,1468835811,4476,11.00,3.03,1.95,0
101_1,1468836752,4454,10.00,3.03,1.95,0
101_1,1468837693,4460,10.00,3.03,1.95,0
101_1,1468838634,4444,10.00,3.03,1.95,0
101_1,1468839575,4441,10.00,3.03,1.95,0
101_1,1468840517,4445,10.00,3.03,1.95,0
101_1,1468841458,4477,10.00,3.02,1.95,0
101_1,1468842399,4657,11.00,3.03,1.95,0
101_1,1468843340,4667,10.00,3.03,1.95,0
101_1,1468844281,4773,10.00,3.02,1.95,0
101_1,1468845222,4789,10.00,3.02,1.95,0
101_1,1468846163,4804,10.00,3.03,1.95,0
101_1,1468847105,4848,11.00,3.03,1.95,0
101_1,1468848046,4869,11.00,3.03,1.95,0
101_1,1468848987,4889,11.00,3.03,1.95,0
101_1,1468849928,4928,11.00,3.03,1.95,0
101_1,1468850869,4922,11.00,3.03,1.95,0
101_1,1468851811,4901,11.00,3.03,1.95,0
101_1,1468852752,4846,11.00,3.03,1.95,0
101_1,1468853693,4735,10.00,3.02,1.95,0
101_1,1468854634,4304,10.00,3.02,1.94,0
101_1,1468855575,4218,10.00,3.02,1.93,0
101_1,1468856516,4198,10.00,3.02,1.93,0
101_1,1468857457,4188,10.00,3.03,1.93,0
101_1,1468858398,4188,10.00,3.02,1.93,0
101_1,1468859339,4193,10.00,3.03,1.94,0
101_1,1468860279,4188,10.00,3.03,1.94,0
101_1,1468861220,4161,10.00,3.03,1.94,0
101_1,1468862161,4167,10.00,3.03,1.94,0
101_1,1468863102,4178,10.00,3.02,1.94,0
101_1,1468864043,4180,10.00,3.03,1.94,0
101_1,1468864984,4542,10.00,3.03,1.95,0
101_1,1468865925,4289,10.00,3.03,1.94,0
101_1,1468866866,4815,10.00,3.02,1.95,0
101_1,1468867806,4870,10.00,3.02,1.95,0
101_1,1468868747,4873,10.00,3.03,1.95,0
101_1,1468869688,4956,10.00,3.03,1.96,0
101_1,1468869689,4956,10.00,3.03,1.96,0
101_1,1468870630,4981,10.00,3.03,1.96,0
101_1,1468871571,4996,11.00,3.03,1.96,0
101_1,1468872512,4948,10.00,3.03,1.96,0
101_1,1468873453,4944,10.00,3.03,1.96,0
101_1,1468874394,4954,11.00,3.03,1.96,0
101_1,1468875335,5059,10.00,3.03,1.96,0
101_1,1468876276,5317,11.00,3.02,1.97,0
101_1,1468877217,6743,11.00,3.03,2.00,0
101_1,1468878159,5665,11.00,3.03,1.98,0
101_1,1468879100,5942,11.00,3.03,1.98,0
101_1,1468880041,5499,11.00,3.03,1.97,0
101_1,1468880982,5241,11.00,3.03,1.96,0
101_1,1468881923,5205,11.00,3.03,1.96,0
101_1,1468882863,4989,11.00,3.03,1.95,0
101_1,1468883804,4971,10.00,3.03,1.95,0
101_1,1468884745,4964,10.00,3.03,1.95,0
101_1,1468885685,4985,10.00,3.03,1.95,0
101_1,1468886626,4978,11.00,3.03,1.95,0
101_1,1468887566,4961,10.00,3.03,1.95,0
101_1,1468888507,4761,10.00,3.03,1.95,0
101_1,1468889447,4889,10.00,3.02,1.95,0
101_1,1468890388,4920,10.00,3.03,1.95,0
101_1,1468891328,5000,10.00,3.02,1.95,0
101_1,1468892269,8352,11.00,3.02,2.04,0
101_1,1468893210,8381,12.00,3.03,2.04,0
101_1,1468894151,8370,12.00,3.03,2.04,0
101_1,1468895092,8358,12.00,3.03,2.04,0
101_1,1468896033,8362,11.00,3.03,2.04,0
101_1,1468896974,8369,12.00,3.03,2.04,0
101_1,1468897915,8374,12.00,3.02,2.04,0
101_1,1468898856,8376,12.00,3.03,2.04,0
101_1,1468899797,8367,12.00,3.02,2.04,0
101_1,1468900738,8368,12.00,3.03,2.04,0
101_1,1468901679,6734,11.00,3.02,2.00,0
101_1,1468902620,6353,11.00,3.03,1.99,0
101_1,1468903561,5867,11.00,3.03,1.98,0
101_1,1468904501,5298,11.00,3.03,1.96,0
101_1,1468905442,5158,11.00,3.03,1.96,0
101_1,1468906383,5123,11.00,3.03,1.95,0
101_1,1468907323,5066,11.00,3.02,1.96,0
101_1,1468908264,4994,11.00,3.03,1.95,0
101_1,1468909205,4463,10.00,3.02,1.94,0
101_1,1468910145,4332,10.00,3.03,1.93,0
101_1,1468911085,4286,10.00,3.03,1.93,0
101_1,1468912038,4248,10.00,3.03,1.93,0
101_1,1468912978,4216,10.00,3.03,1.93,0
101_1,1468913918,4193,10.00,3.03,1.93,0
101_1,1468914859,4178,10.00,3.02,1.93,0
101_1,1468915799,4166,9.00,3.03,1.93,0
101_1,1468916739,4154,9.00,3.03,1.93,0
101_1,1468917679,4152,9.00,3.03,1.93,0
101_1,1468918619,4148,9.00,3.03,1.93,0
101_1,1468919559,4139,9.00,3.02,1.93,0
101_1,1468920499,4099,9.00,3.03,1.93,0
101_1,1468921439,4096,9.00,3.02,1.92,0
101_1,1468922380,4102,9.00,3.03,1.92,0
101_1,1468923320,4102,9.00,3.02,1.92,0
101_1,1468924260,4104,8.00,3.03,1.92,0
101_1,1468925247,4106,8.00,2.99,1.92,0
101_1,1468926187,4101,9.00,3.03,1.92,0
101_1,1468927127,4093,8.00,3.03,1.92,0
101_1,1468928067,4083,8.00,3.02,1.92,0
101_1,1468929007,4074,8.00,3.02,1.92,0
101_1,1468929947,4068,8.00,3.02,1.92,0
101_1,1468930887,4066,8.00,3.02,1.92,0
101_1,1468931827,4064,8.00,3.03,1.92,0
101_1,1468932767,4067,8.00,3.03,1.92,0
101_1,1468933707,4073,8.00,3.02,1.92,0
101_1,1468934647,4077,8.00,3.03,1.92,0
101_1,1468935587,4087,8.00,3.02,1.92,0
101_1,1468936527,4096,8.00,3.03,1.92,0
101_1,1468937467,4098,8.00,3.02,1.92,0
101_1,1468938407,4106,8.00,3.03,1.92,0
101_1,1468938407,4106,8.00,3.03,1.92,0
101_1,1468939348,4103,8.00,3.03,1.92,0
101_1,1468940288,4102,9.00,3.03,1.92,0
101_1,1468941312,4110,-90.00,3.00,1.92,0
101_1,1468942253,4134,9.00,3.03,1.92,0
101_1,1468943193,4149,9.00,3.03,1.92,0
101_1,1468944133,4171,9.00,3.03,1.92,0
101_1,1468945073,4740,9.00,3.02,1.93,0
101_1,1468946013,5061,9.00,3.03,1.94,0
101_1,1468946954,5333,10.00,3.02,1.95,0
101_1,1468947894,5198,10.00,3.02,1.94,0
101_1,1468948835,5221,10.00,3.03,1.94,0
101_1,1468949776,8403,10.00,3.03,2.03,0
101_1,1468951086,8423,10.00,3.00,2.03,0
101_1,1468952027,8425,12.00,3.03,2.03,0
101_1,1468952968,8431,12.00,3.03,2.03,0
101_1,1468953910,8434,12.00,3.02,2.03,0
101_1,1468954851,8423,13.00,3.02,2.03,0
101_1,1468955793,8392,13.00,3.02,2.04,0
101_1,1468956734,8354,13.00,3.03,2.04,0
101_1,1468957676,8348,13.00,3.02,2.05,0
101_1,1468958617,8354,13.00,3.03,2.06,0
101_1,1468959559,8350,13.00,3.02,2.06,0
101_1,1468960500,8346,13.00,3.02,2.06,0
101_1,1468961442,8329,13.00,3.03,2.06,0
101_1,1468962383,8328,14.00,3.03,2.06,0
101_1,1468964777,8321,14.00,3.01,2.07,0
101_1,1468965719,8338,13.00,3.01,2.06,0
101_1,1468966660,8353,13.00,3.01,2.06,0
101_1,1468967602,8405,13.00,3.01,2.07,0
101_1,1468968545,8402,13.00,3.01,2.07,0
101_1,1468969487,8372,15.00,3.01,2.07,0
101_1,1468970429,8341,15.00,3.01,2.08,0
101_1,1468971371,8257,15.00,3.01,2.09,0
101_1,1468972314,8256,15.00,3.01,2.09,0
101_1,1468973257,8254,17.00,3.00,2.09,0
101_1,1468974200,8249,17.00,3.01,2.09,0
101_1,1468975143,8250,17.00,3.01,2.09,0
101_1,1468976085,8215,17.00,3.01,2.10,0
101_1,1468977028,8214,16.00,3.01,2.10,0
101_1,1468977971,8217,16.00,3.01,2.10,0
101_1,1472848473,8289,12.00,3.17,2.09,0
