100_5,1466161856,2810,26.00,3.25,1.89,0
100_5,1466162803,2808,26.00,3.24,1.89,0
100_5,1466163750,2808,26.00,3.25,1.89,0
100_5,1466164697,2810,27.00,3.25,1.89,0
100_5,1466165644,2805,27.00,3.25,1.90,0
100_5,1466166591,2804,27.00,3.24,1.90,0
100_5,1466167538,2806,27.00,3.25,1.90,0
100_5,1466168485,2804,27.00,3.25,1.90,0
100_5,1466169433,2815,27.00,3.25,1.90,0
100_5,1466170380,2820,27.00,3.25,1.90,0
100_5,1466171327,2813,28.00,3.25,1.90,0
100_5,1466172275,2968,28.00,3.25,1.90,0
100_5,1466173222,2974,28.00,3.24,1.90,0
100_5,1466174170,2903,28.00,3.25,1.90,0
100_5,1466175117,3042,28.00,3.25,1.91,0
100_5,1466176065,2993,28.00,3.25,1.90,0
100_5,1466177013,2916,28.00,3.24,1.90,0
100_5,1466177960,2873,28.00,3.25,1.90,0
100_5,1466178908,2815,28.00,3.25,1.90,0
100_5,1466179855,2807,28.00,3.25,1.90,0
100_5,1466180803,2807,27.00,3.25,1.90,0
100_5,1466181750,2810,27.00,3.25,1.89,0
100_5,1466182697,2812,27.00,3.25,1.89,0
100_5,1466183644,2820,27.00,3.25,1.89,0
100_5,1466184591,2820,27.00,3.25,1.89,0
100_5,1466185538,2818,26.00,3.25,1.89,0
100_5,1466186485,2813,26.00,3.25,1.89,0
100_5,1466187431,2798,25.00,3.25,1.88,0
100_5,1466188378,2801,25.00,3.25,1.88,0
100_5,1466189324,2797,24.00,3.25,1.88,0
100_5,1466190270,2791,24.00,3.25,1.88,0
100_5,1466191215,2787,24.00,3.24,1.88,0
100_5,1466192161,2786,23.00,3.25,1.88,0
100_5,1466193107,2786,23.00,3.25,1.87,0
100_5,1466194052,2733,22.00,3.24,1.86,0
100_5,1466194997,2606,22.00,3.25,1.86,0
100_5,1466195942,2535,21.00,3.24,1.86,0
100_5,1466196886,2500,21.00,3.25,1.85,0
100_5,1466197831,2488,20.00,3.24,1.85,0
100_5,1466198775,2491,20.00,3.24,1.85,0
100_5,1466199719,2491,20.00,3.24,1.85,0
100_5,1466200663,2487,20.00,3.25,1.85,0
100_5,1466201607,2479,19.00,3.25,1.85,0
100_5,1466202552,2439,19.00,3.25,1.85,0
100_5,1466203495,2434,19.00,3.25,1.85,0
100_5,1466204439,2418,19.00,3.25,1.85,0
100_5,1466205383,2377,18.00,3.25,1.85,0
100_5,1466206327,2329,18.00,3.25,1.84,0
100_5,1466207270,2313,18.00,3.25,1.84,0
100_5,1466208213,2307,17.00,3.25,1.84,0
100_5,1466209157,2302,17.00,3.25,1.84,0
100_5,1466210100,2298,17.00,3.25,1.84,0
100_5,1466211043,2283,16.00,3.25,1.84,0
100_5,1466211986,2243,16.00,3.24,1.84,0
100_5,1466212929,2233,16.00,3.24,1.84,0
100_5,1466213871,2191,15.00,3.25,1.84,0
100_5,1466214814,2183,15.00,3.25,1.84,0
100_5,1466215756,2154,14.00,3.25,1.84,0
100_5,1466216699,2110,15.00,3.25,1.83,0
100_5,1466217641,2096,14.00,3.24,1.83,0
100_5,1466218583,2096,14.00,3.25,1.83,0
100_5,1466219525,2185,14.00,3.24,1.84,0
100_5,1466220467,2199,14.00,3.24,1.84,0
100_5,1466221410,2201,14.00,3.25,1.84,0
100_5,1466222352,2200,15.00,3.25,1.84,0
100_5,1466223294,2203,15.00,3.25,1.84,0
100_5,1466224237,2209,14.00,3.24,1.84,0
100_5,1466225179,2209,15.00,3.25,1.84,0
100_5,1466226122,2226,15.00,3.25,1.84,0
100_5,1466227064,2251,15.00,3.25,1.84,0
100_5,1466228007,2257,15.00,3.25,1.84,0
100_5,1466228949,2264,15.00,3.25,1.84,0
100_5,1466229892,2264,16.00,3.25,1.84,0
100_5,1466230835,2265,16.00,3.25,1.84,0
100_5,1466231777,2265,15.00,3.25,1.84,0
100_5,1466232720,2268,16.00,3.25,1.84,0
100_5,1466233663,2270,16.00,3.25,1.84,0
100_5,1466234606,2280,16.00,3.24,1.84,0
100_5,1466235549,2293,16.00,3.25,1.84,0
100_5,1466236492,2305,16.00,3.25,1.84,0
100_5,1466237435,2328,16.00,3.25,1.84,0
100_5,1466238378,2336,17.00,3.24,1.84,0
100_5,1466239321,2356,17.00,3.25,1.84,0
100_5,1466240264,2401,17.00,3.25,1.85,0
100_5,1466241207,2438,18.00,3.24,1.85,0
100_5,1466242151,2429,17.00,3.24,1.85,0
100_5,1466243094,2426,17.00,3.25,1.85,0
100_5,1466244038,2433,18.00,3.25,1.85,0
100_5,1466244981,2431,18.00,3.24,1.85,0
100_5,1466245924,2439,18.00,3.25,1.85,0
100_5,1466246868,2446,18.00,3.25,1.85,0
100_5,1466247812,2445,18.00,3.25,1.85,0
100_5,1466248755,2472,19.00,3.25,1.85,0
100_5,1466249699,2518,19.00,3.25,1.85,0
100_5,1466250644,2591,20.00,3.24,1.86,0
100_5,1466251588,2735,20.00,3.24,1.86,0
100_5,1466252532,2735,20.00,3.24,1.86,0
100_5,1466253477,2761,20.00,3.24,1.86,0
100_5,1466254421,2775,21.00,3.25,1.86,0
100_5,1466255366,2779,21.00,3.25,1.86,0
100_5,1466256310,2779,21.00,3.25,1.87,0
100_5,1466257255,2779,21.00,3.24,1.86,0
100_5,1466258200,2818,21.00,3.25,1.87,0
100_5,1466259145,2824,21.00,3.24,1.87,0
100_5,1466260090,2823,22.00,3.25,1.87,0
100_5,1466261035,2821,22.00,3.25,1.87,0
100_5,1466261980,2823,22.00,3.25,1.87,0
100_5,1466262925,2823,22.00,3.25,1.87,0
100_5,1466263870,2822,22.00,3.25,1.87,0
100_5,1466264815,2820,22.00,3.25,1.87,0
100_5,1466265760,2812,21.00,3.25,1.87,0
100_5,1466266705,2817,21.00,3.25,1.87,0
100_5,1466267649,2817,21.00,3.25,1.87,0
100_5,1466268594,2817,22.00,3.25,1.87,0
100_5,1466269539,2819,22.00,3.25,1.87,0
100_5,1466270484,2819,22.00,3.25,1.87,0
100_5,1466271429,2819,21.00,3.25,1.87,0
100_5,1466272374,2818,21.00,3.25,1.87,0
100_5,1466273319,2816,21.00,3.24,1.87,0
100_5,1466274264,2815,21.00,3.25,1.87,0
100_5,1466275208,2765,20.00,3.25,1.86,0
100_5,1466276153,2741,20.00,3.25,1.86,0
100_5,1466277097,2744,20.00,3.25,1.86,0
100_5,1466278041,2700,20.00,3.25,1.86,0
100_5,1466278985,2564,19.00,3.24,1.85,0
100_5,1466279929,2512,18.00,3.25,1.85,0
100_5,1466280873,2488,18.00,3.25,1.85,0
100_5,1466281816,2485,17.00,3.25,1.85,0
100_5,1466282760,2478,17.00,3.25,1.85,0
100_5,1466283703,2473,17.00,3.25,1.85,0
100_5,1466284646,2464,17.00,3.25,1.85,0
100_5,1466285590,2449,17.00,3.25,1.85,0
100_5,1466286533,2428,17.00,3.25,1.85,0
100_5,1466287476,2415,17.00,3.25,1.85,0
100_5,1466288419,2412,17.00,3.25,1.85,0
100_5,1466289362,2399,17.00,3.24,1.85,0
100_5,1466290305,2394,16.00,3.25,1.85,0
100_5,1466291248,2369,16.00,3.25,1.84,0
100_5,1466292191,2342,16.00,3.25,1.84,0
100_5,1466293134,2345,16.00,3.24,1.84,0
100_5,1466294077,2368,16.00,3.25,1.84,0
100_5,1466295021,2343,16.00,3.24,1.84,0
100_5,1466295964,2350,16.00,3.25,1.84,0
100_5,1466296907,2333,16.00,3.25,1.85,0
100_5,1466297849,2328,16.00,3.24,1.84,0
100_5,1466298792,2320,16.00,3.25,1.85,0
100_5,1466299735,2313,16.00,3.25,1.84,0
100_5,1466300678,2307,16.00,3.25,1.84,0
100_5,1466301621,2307,16.00,3.25,1.84,0
100_5,1466302564,2305,16.00,3.25,1.84,0
100_5,1466303507,2296,16.00,3.25,1.84,0
100_5,1466304449,2297,16.00,3.25,1.84,0
100_5,1466305392,2296,16.00,3.25,1.84,0
100_5,1466306335,2297,16.00,3.25,1.84,0
100_5,1466307278,2295,16.00,3.25,1.84,0
100_5,1466308221,2290,16.00,3.24,1.84,0
100_5,1466309163,2283,16.00,3.25,1.84,0
100_5,1466310106,2282,16.00,3.25,1.84,0
100_5,1466311049,2281,15.00,3.25,1.84,0
100_5,1466311991,2285,15.00,3.24,1.84,0
100_5,1466312934,2289,16.00,3.24,1.84,0
100_5,1466313877,2288,16.00,3.25,1.84,0
100_5,1466314820,2283,15.00,3.24,1.84,0
100_5,1466315762,2281,15.00,3.24,1.84,0
100_5,1466316705,2278,15.00,3.24,1.84,0
100_5,1466317648,2282,15.00,3.25,1.84,0
100_5,1466318591,2317,16.00,3.25,1.84,0
100_5,1466319534,2331,16.00,3.24,1.84,0
100_5,1466320476,2330,16.00,3.25,1.84,0
100_5,1466321419,2325,16.00,3.24,1.84,0
100_5,1466322362,2324,16.00,3.25,1.84,0
100_5,1466323305,2326,16.00,3.24,1.84,0
100_5,1466324248,2316,16.00,3.25,1.84,0
100_5,1466325191,2300,16.00,3.25,1.84,0
100_5,1466326134,2305,16.00,3.25,1.84,0
100_5,1466327077,2331,16.00,3.24,1.84,0
100_5,1466328020,2365,16.00,3.25,1.84,0
100_5,1466328963,2388,17.00,3.25,1.84,0
100_5,1466329907,2390,17.00,3.25,1.85,0
100_5,1466330850,2391,17.00,3.24,1.85,0
100_5,1466331793,2364,17.00,3.24,1.84,0
100_5,1466332736,2333,16.00,3.25,1.84,0
100_5,1466333679,2338,16.00,3.25,1.84,0
100_5,1466334622,2392,17.00,3.25,1.85,0
100_5,1466335566,2417,17.00,3.25,1.85,0
100_5,1466336509,2428,17.00,3.25,1.85,0
100_5,1466337453,2450,18.00,3.24,1.85,0
100_5,1466338396,2424,18.00,3.24,1.85,0
100_5,1466339340,2495,19.00,3.24,1.85,0
100_5,1466340284,2449,19.00,3.25,1.85,0
100_5,1466341228,2463,19.00,3.25,1.85,0
100_5,1466342172,2519,19.00,3.25,1.85,0
100_5,1466343116,2515,19.00,3.25,1.85,0
100_5,1466344060,2502,18.00,3.24,1.85,0
100_5,1466345004,2488,18.00,3.24,1.85,0
100_5,1466345948,2460,18.00,3.24,1.85,0
100_5,1466346891,2441,17.00,3.24,1.85,0
100_5,1466347834,2382,17.00,3.25,1.85,0
100_5,1466348778,2351,16.00,3.25,1.84,0
100_5,1466349721,2331,16.00,3.25,1.84,0
100_5,1466350664,2325,16.00,3.25,1.84,0
100_5,1466351607,2330,16.00,3.25,1.84,0
100_5,1466352550,2337,16.00,3.24,1.84,0
100_5,1466353493,2336,16.00,3.25,1.84,0
100_5,1466354436,2325,16.00,3.24,1.84,0
100_5,1466355379,2298,16.00,3.24,1.84,0
100_5,1466356322,2285,16.00,3.25,1.84,0
100_5,1466357265,2289,16.00,3.24,1.84,0
100_5,1466358208,2322,16.00,3.25,1.85,0
100_5,1466359151,2335,17.00,3.25,1.84,0
100_5,1466360094,2336,16.00,3.24,1.84,0
100_5,1466361037,2333,16.00,3.24,1.84,0
100_5,1466361980,2325,16.00,3.24,1.84,0
100_5,1466362923,2309,16.00,3.25,1.84,0
100_5,1466363866,2294,16.00,3.25,1.84,0
100_5,1466364809,2280,16.00,3.24,1.84,0
100_5,1466365752,2254,15.00,3.24,1.84,0
100_5,1466366694,2057,14.00,3.24,1.83,0
100_5,1466367636,2016,14.00,3.24,1.83,0
100_5,1466368578,2009,13.00,3.25,1.83,0
100_5,1466369520,2003,13.00,3.24,1.83,0
100_5,1466370462,1989,13.00,3.24,1.83,0
100_5,1466371404,2796,13.00,3.24,1.22,0
100_5,1466372346,3237,12.00,3.24,0.88,0
100_5,1466373288,3275,12.00,3.25,0.82,0
100_5,1466374229,3277,11.00,3.24,0.82,0
100_5,1466375171,3281,11.00,3.24,0.82,0
100_5,1466376112,3380,11.00,3.25,0.74,0
100_5,1466377053,3412,10.00,3.24,0.71,0
100_5,1466377994,3426,10.00,3.24,0.70,0
100_5,1466378935,3432,10.00,3.24,0.69,0
100_5,1466379877,3429,10.00,3.24,0.69,0
100_5,1466380818,3442,10.00,3.24,0.68,0
100_5,1466381759,3450,10.00,3.25,0.67,0
100_5,1466382700,3450,10.00,3.24,0.67,0
100_5,1466383641,3451,10.00,3.24,0.67,0
100_5,1466384582,3451,10.00,3.25,0.66,0
100_5,1466385523,3467,10.00,3.25,0.65,0
100_5,1466386463,3466,10.00,3.24,0.64,0
100_5,1466387404,3464,10.00,3.25,0.65,0
100_5,1466388345,3471,10.00,3.24,0.64,0
100_5,1466389286,3469,9.00,3.24,0.64,0
100_5,1466390227,3469,10.00,3.24,0.64,0
100_5,1466391168,3467,10.00,3.24,0.64,0
100_5,1466392109,3472,9.00,3.24,0.63,0
100_5,1466393050,3472,10.00,3.25,0.63,0
100_5,1466393991,3472,9.00,3.25,0.63,0
100_5,1466394931,3472,10.00,3.25,0.63,0
100_5,1466395872,3476,10.00,3.24,0.63,0
100_5,1466396813,3480,9.00,3.25,0.63,0
100_5,1466397754,3479,10.00,3.24,0.63,0
100_5,1466398695,3481,9.00,3.24,0.62,0
100_5,1466399635,3468,9.00,3.24,0.64,0
100_5,1466400576,3459,10.00,3.25,0.64,0
100_5,1466401517,3459,10.00,3.24,0.64,0
100_5,1466402458,3457,10.00,3.25,0.65,0
100_5,1466403399,3450,10.00,3.24,0.65,0
100_5,1466404340,3453,10.00,3.24,0.66,0
100_5,1466405281,3464,11.00,3.25,0.66,0
100_5,1466406222,3473,11.00,3.24,0.67,0
100_5,1466407163,3466,11.00,3.24,0.65,0
100_5,1466408104,3467,11.00,3.25,0.65,0
100_5,1466409045,3467,10.00,3.24,0.65,0
100_5,1466409986,3467,10.00,3.25,0.65,0
100_5,1466410927,3465,10.00,3.25,0.65,0
100_5,1466411868,3469,10.00,3.24,0.65,0
100_5,1466412809,3467,11.00,3.25,0.65,0
100_5,1466413750,3470,10.00,3.25,0.65,0
100_5,1466414691,3468,10.00,3.25,0.65,0
100_5,1466415632,3468,10.00,3.25,0.64,0
100_5,1466416573,3468,11.00,3.24,0.65,0
100_5,1466417514,3470,11.00,3.25,0.64,0
100_5,1466418455,3475,11.00,3.25,0.68,0
100_5,1466419397,3433,11.00,3.25,0.71,0
100_5,1466420338,3441,12.00,3.24,0.74,0
100_5,1466421279,3461,12.00,3.25,0.74,0
100_5,1466422221,3461,12.00,3.25,0.72,0
100_5,1466423162,3452,12.00,3.24,0.72,0
100_5,1466424104,3311,13.00,3.24,0.88,0
100_5,1466425045,3454,13.00,3.24,0.74,0
100_5,1466425987,3338,13.00,3.24,0.83,0
100_5,1466426929,3315,13.00,3.24,0.85,0
100_5,1466427870,3317,13.00,3.24,0.85,0
100_5,1466428812,3093,13.00,3.24,1.04,0
100_5,1466429754,2021,13.00,3.24,1.83,0
100_5,1466430696,2143,13.00,3.24,1.84,0
100_5,1466431637,2119,13.00,3.24,1.84,0
100_5,1466432579,2199,14.00,3.24,1.84,0
100_5,1466433521,2206,14.00,3.24,1.84,0
100_5,1466434463,2202,13.00,3.24,1.84,0
100_5,1466435405,2203,14.00,3.25,1.84,0
100_5,1466436347,2212,14.00,3.25,1.84,0
100_5,1466437289,2273,14.00,3.25,1.84,0
100_5,1466438232,2239,14.00,3.24,1.84,0
100_5,1466439174,2234,14.00,3.24,1.84,0
100_5,1466440116,2273,15.00,3.24,1.84,0
100_5,1466441058,2274,14.00,3.24,1.84,0
100_5,1466442000,2252,14.00,3.24,1.84,0
100_5,1466442942,2239,14.00,3.24,1.84,0
100_5,1466443885,2228,14.00,3.24,1.84,0
100_5,1466444826,2209,13.00,3.25,1.84,0
100_5,1466445768,2202,13.00,3.24,1.84,0
100_5,1466446710,2208,13.00,3.24,1.84,0
100_5,1466447652,2208,13.00,3.25,1.84,0
100_5,1466448594,2210,13.00,3.24,1.84,0
100_5,1466449535,2199,13.00,3.24,1.84,0
100_5,1466450477,3200,13.00,3.25,1.11,0
100_5,1466451419,3405,13.00,3.25,0.85,0
100_5,1466452360,3470,12.00,3.24,0.72,0
100_5,1466453302,3499,11.00,3.24,0.68,0
100_5,1466454243,3502,11.00,3.24,0.67,0
100_5,1466455184,3501,11.00,3.24,0.66,0
100_5,1466456125,3495,11.00,3.24,0.66,0
100_5,1466457066,3494,11.00,3.24,0.66,0
100_5,1466458007,3491,10.00,3.25,0.66,0
100_5,1466458948,3490,10.00,3.24,0.66,0
100_5,1466459889,3490,10.00,3.24,0.66,0
100_5,1466460830,3492,10.00,3.24,0.66,0
100_5,1466461771,3492,10.00,3.25,0.66,0
100_5,1466462711,3491,10.00,3.25,0.66,0
100_5,1466463652,3491,10.00,3.25,0.65,0
100_5,1466464593,3495,10.00,3.24,0.65,0
100_5,1466465534,3497,10.00,3.24,0.65,0
100_5,1466466475,3500,10.00,3.24,0.65,0
100_5,1466467416,3498,10.00,3.25,0.65,0
100_5,1466468357,3500,10.00,3.24,0.65,1
100_5,1466469298,3501,10.00,3.24,0.65,0
100_5,1466470239,3504,10.00,3.24,0.64,0
100_5,1466471180,3503,11.00,3.25,0.64,0
100_5,1466472121,3505,10.00,3.24,0.64,0
100_5,1466473062,3505,10.00,3.24,0.64,0
100_5,1466474002,3505,10.00,3.25,0.64,0
100_5,1466474943,3506,10.00,3.24,0.64,0
100_5,1466475884,3505,10.00,3.25,0.63,0
100_5,1466476825,3504,10.00,3.24,0.64,0
100_5,1466477765,3506,10.00,3.25,0.63,0
100_5,1466478706,3510,10.00,3.25,0.63,0
100_5,1466479647,3511,10.00,3.24,0.63,0
100_5,1466480588,3513,10.00,3.25,0.63,0
100_5,1466481528,3516,10.00,3.24,0.63,0
100_5,1466482469,3517,10.00,3.25,0.63,0
100_5,1466483410,3519,10.00,3.24,0.63,0
100_5,1466484350,3519,10.00,3.24,0.63,0
100_5,1466485291,3518,10.00,3.24,0.64,0
100_5,1466486232,3516,10.00,3.24,0.64,0
100_5,1466487173,3516,10.00,3.24,0.64,0
100_5,1466488113,3516,10.00,3.24,0.64,0
100_5,1466489054,3510,10.00,3.24,0.64,0
100_5,1466489995,3510,10.00,3.24,0.64,0
100_5,1466490936,3515,10.00,3.25,0.64,0
100_5,1466491877,3519,11.00,3.24,0.65,0
100_5,1466492817,3527,11.00,3.25,0.66,0
100_5,1466493758,3528,11.00,3.25,0.66,0
100_5,1466494699,3529,11.00,3.25,0.66,0
100_5,1466495640,3532,11.00,3.24,0.66,0
100_5,1466496581,3531,12.00,3.24,0.67,0
100_5,1466497522,3534,11.00,3.25,0.69,0
100_5,1466498464,3535,12.00,3.24,0.69,0
100_5,1466499405,3543,11.00,3.24,0.68,0
100_5,1466500346,3516,12.00,3.24,0.70,0
100_5,1466501287,3506,12.00,3.24,0.71,0
100_5,1466502228,3548,12.00,3.24,0.72,0
100_5,1466503169,3556,12.00,3.24,0.71,0
100_5,1466504111,3755,12.00,3.24,0.74,0
100_5,1466505052,3806,13.00,3.24,0.77,0
100_5,1466505994,3716,12.00,3.25,0.74,0
100_5,1466506935,3793,13.00,3.25,0.76,0
100_5,1466507876,3791,13.00,3.25,0.78,0
100_5,1466508818,3715,12.00,3.24,0.75,0
100_5,1466509759,3633,13.00,3.24,0.73,0
100_5,1466510701,3654,12.00,3.25,0.73,0
100_5,1466511642,3585,12.00,3.24,0.68,0
100_5,1466512583,3550,11.00,3.24,0.66,0
100_5,1466513524,3564,12.00,3.24,0.68,0
100_5,1466514465,3567,11.00,3.23,0.68,0
100_5,1466515406,3578,12.00,3.24,0.72,0
100_5,1466516347,3610,12.00,3.24,0.68,0
100_5,1466517288,3600,11.00,3.24,0.69,0
100_5,1466518229,3595,12.00,3.24,0.67,0
100_5,1466519170,3592,11.00,3.24,0.67,0
100_5,1466520111,3597,11.00,3.24,0.67,0
100_5,1466521052,3619,12.00,3.24,0.71,0
100_5,1466521993,3844,12.00,3.24,0.74,0
100_5,1466522934,3718,12.00,3.24,0.72,0
100_5,1466523875,3711,12.00,3.25,0.72,0
100_5,1466524817,3740,12.00,3.24,0.72,0
100_5,1466525758,3666,12.00,3.24,0.68,0
100_5,1466526699,3615,12.00,3.25,0.67,0
100_5,1466527640,3630,12.00,3.24,0.67,0
100_5,1466528581,3614,12.00,3.24,0.67,0
100_5,1466529522,3594,11.00,3.24,0.67,0
100_5,1466530462,3603,11.00,3.24,0.67,0
100_5,1466531403,3595,11.00,3.24,0.66,0
100_5,1466532344,3581,11.00,3.24,0.66,0
100_5,1466533285,3565,11.00,3.24,0.66,0
100_5,1466534226,3561,11.00,3.24,0.65,0
100_5,1466535166,3556,11.00,3.24,0.65,0
100_5,1466536107,3556,11.00,3.23,0.65,0
100_5,1466537047,0,11.00,3.24,0.00,0
100_5,1466537988,0,10.00,3.24,0.00,0
100_5,1466538929,0,11.00,3.24,0.00,0
100_5,1466539869,0,10.00,3.24,0.00,0
100_5,1466540809,0,10.00,3.24,0.00,0
100_5,1466541750,0,10.00,3.24,0.00,0
100_5,1466542690,0,10.00,3.24,0.00,0
100_5,1466543631,0,10.00,3.24,0.00,0
100_5,1466544571,0,10.00,3.24,0.00,0
100_5,1466545511,0,10.00,3.24,0.00,0
100_5,1466546452,0,10.00,3.24,0.00,0
100_5,1466547392,0,9.00,3.24,0.00,0
100_5,1466548332,0,9.00,3.25,0.00,0
100_5,1466549272,0,9.00,3.24,0.00,0
100_5,1466550212,0,9.00,3.24,0.00,0
100_5,1466551152,0,9.00,3.24,0.00,0
100_5,1466552092,0,9.00,3.24,0.00,0
100_5,1466553032,0,9.00,3.24,0.00,0
100_5,1466553972,0,9.00,3.24,0.00,0
100_5,1466554912,0,9.00,3.24,0.00,0
100_5,1466555852,0,9.00,3.24,0.00,0
100_5,1466556792,0,9.00,3.24,0.00,0
100_5,1466557732,0,9.00,3.24,0.00,0
100_5,1466558671,0,9.00,3.24,0.00,0
100_5,1466559611,0,9.00,3.23,0.00,0
100_5,1466560551,0,8.00,3.24,0.00,0
100_5,1466561491,1,9.00,3.24,0.00,0
100_5,1466562431,0,9.00,3.24,0.00,0
100_5,1466563370,0,9.00,3.24,0.00,0
100_5,1466564310,0,9.00,3.24,0.00,0
100_5,1466565250,0,9.00,3.24,0.00,0
100_5,1466566190,0,9.00,3.24,0.00,0
100_5,1466567130,0,9.00,3.24,0.00,0
100_5,1466568070,0,9.00,3.24,0.00,0
100_5,1466569010,0,9.00,3.24,0.00,0
100_5,1466569950,0,9.00,3.24,0.00,0
100_5,1466570890,0,9.00,3.24,0.00,0
100_5,1466571829,0,9.00,3.24,0.00,0
100_5,1466572770,0,10.00,3.24,0.00,0
100_5,1466573710,0,10.00,3.24,0.00,0
100_5,1466574650,0,10.00,3.24,0.00,0
100_5,1466575590,0,10.00,3.24,0.00,0
100_5,1466576530,0,11.00,3.24,0.00,0
100_5,1466577471,0,11.00,3.24,0.00,0
100_5,1466578411,0,11.00,3.24,0.00,0
100_5,1466579351,0,11.00,3.24,0.00,0
100_5,1466580292,0,12.00,3.24,0.00,0
100_5,1466581233,0,12.00,3.24,0.00,0
100_5,1466582173,10,12.00,3.24,0.00,0
100_5,1466583114,0,12.00,3.24,0.00,0
100_5,1466584055,0,13.00,3.24,0.00,0
100_5,1466584996,13,14.00,3.24,0.06,0
100_5,1466585938,2287,13.00,3.24,1.85,0
100_5,1466586879,2305,14.00,3.24,1.85,0
100_5,1466587820,2330,14.00,3.24,1.85,0
100_5,1466588761,2337,14.00,3.24,1.85,0
100_5,1466589703,2326,14.00,3.24,1.85,0
100_5,1466590644,2407,15.00,3.24,1.85,0
100_5,1466591586,2394,15.00,3.24,1.85,0
100_5,1466592527,2420,14.00,3.24,1.85,0
100_5,1466593469,2462,15.00,3.24,1.85,0
100_5,1466594411,2514,16.00,3.24,1.86,0
100_5,1466595353,2524,16.00,3.24,1.86,0
100_5,1466596295,2560,17.00,3.24,1.86,0
100_5,1466597237,2579,17.00,3.24,1.86,0
100_5,1466598180,2592,17.00,3.24,1.86,0
100_5,1466599122,0,17.00,3.24,0.00,0
100_5,1466600064,2376,17.00,3.24,0.00,0
100_5,1466601007,0,18.00,3.24,0.00,0
100_5,1466601950,23,18.00,3.24,0.00,0
100_5,1466602892,2795,18.00,3.24,0.00,0
100_5,1466603835,2801,18.00,3.24,0.00,0
100_5,1466604778,2830,18.00,3.24,1.87,0
100_5,1466605721,2781,18.00,3.24,0.00,0
100_5,1466606664,2806,19.00,3.24,0.00,0
100_5,1466607607,2822,19.00,3.24,0.00,0
100_5,1466608550,2827,19.00,3.24,1.87,0
100_5,1466609493,2829,19.00,3.24,1.87,0
100_5,1466610436,2818,19.00,3.24,0.00,0
100_5,1466611378,2691,19.00,3.24,0.00,0
100_5,1466612321,470,19.00,3.24,0.00,0
100_5,1466613264,2810,18.00,3.24,1.87,0
100_5,1466614206,2808,18.00,3.24,1.86,0
100_5,1466615149,2814,18.00,3.24,0.00,0
100_5,1466616091,2804,17.00,3.24,1.86,0
100_5,1466617033,2800,17.00,3.24,1.86,0
100_5,1466617976,2817,18.00,3.24,1.87,0
100_5,1466618918,2808,17.00,3.24,1.86,0
100_5,1466619860,2796,17.00,3.24,0.00,0
100_5,1466620802,2784,16.00,3.24,0.00,0
100_5,1466621744,2591,16.00,3.24,0.00,0
100_5,1466622686,2555,15.00,3.24,1.85,0
100_5,1466623627,2522,15.00,3.24,1.85,0
100_5,1466624568,0,15.00,3.24,0.00,0
100_5,1466625510,639,14.00,3.24,0.00,0
100_5,1466626451,0,14.00,3.24,0.00,0
100_5,1466627391,0,14.00,3.24,0.00,0
100_5,1466628332,0,14.00,3.24,0.00,0
100_5,1466629273,0,13.00,3.24,0.00,0
100_5,1466630214,1137,13.00,3.24,0.00,0
100_5,1466631155,0,13.00,3.24,0.00,0
100_5,1466632095,134,12.00,3.24,0.00,0
100_5,1466633036,0,12.00,3.24,0.00,0
100_5,1466633976,1275,11.00,3.24,0.00,0
100_5,1466634916,0,11.00,3.24,0.00,0
100_5,1466635856,212,11.00,3.24,0.00,0
100_5,1466636796,0,10.00,3.24,0.00,0
100_5,1466637736,3631,10.00,3.24,0.00,0
100_5,1466638676,3718,10.00,3.24,0.79,0
100_5,1466639615,3726,10.00,3.24,0.75,0
100_5,1466640555,3637,9.00,3.24,0.73,0
100_5,1466641495,0,9.00,3.24,0.00,0
100_5,1466642434,0,10.00,3.24,0.00,0
100_5,1466643374,0,9.00,3.24,0.00,0
100_5,1466644313,0,9.00,3.24,0.00,0
100_5,1466645252,2387,9.00,3.24,0.00,0
100_5,1466646192,3586,8.00,3.24,0.66,0
100_5,1466647131,3592,9.00,3.24,0.64,0
100_5,1466648070,3591,8.00,3.23,0.64,0
100_5,1466649009,3588,8.00,3.24,0.63,0
100_5,1466649948,3591,8.00,3.24,0.63,0
100_5,1466650887,3588,8.00,3.23,0.63,0
100_5,1466651826,3587,8.00,3.24,0.63,0
100_5,1466652765,3587,8.00,3.23,0.63,0
100_5,1466653704,3587,8.00,3.24,0.62,0
100_5,1466654643,3587,8.00,3.24,0.63,0
100_5,1466655582,3590,8.00,3.24,0.63,0
100_5,1466656521,3592,8.00,3.24,0.63,0
100_5,1466657460,3575,8.00,3.24,0.65,0
100_5,1466658400,721,8.00,3.24,0.00,0
100_5,1466659339,0,9.00,3.24,0.00,0
100_5,1466660278,3676,9.00,3.24,0.86,0
100_5,1466661218,3708,10.00,3.24,0.90,0
100_5,1466662158,2273,10.00,3.24,0.00,0
100_5,1466663098,2306,11.00,3.24,0.00,0
100_5,1466664038,2338,12.00,3.24,0.00,0
100_5,1466664978,2476,13.00,3.24,0.00,0
100_5,1466665919,2492,14.00,3.24,0.00,0
100_5,1466666860,2424,14.00,3.24,0.00,0
100_5,1466667801,2551,15.00,3.24,0.00,0
100_5,1466668742,2608,15.00,3.24,0.00,0
100_5,1466669683,2759,16.00,3.24,0.00,0
100_5,1466670625,2828,16.00,3.24,0.00,0
100_5,1466671567,2837,17.00,3.24,0.00,0
100_5,1466672509,2835,18.00,3.23,0.00,0
100_5,1466673451,2784,18.00,3.24,0.00,0
100_5,1466674394,2835,18.00,3.24,0.00,0
100_5,1466675336,2848,18.00,3.24,1.87,0
100_5,1466676279,2820,19.00,3.24,0.00,0
100_5,1466677221,2853,19.00,3.24,1.87,0
100_5,1466678164,2702,20.00,3.23,0.00,0
100_5,1466679107,2458,20.00,3.24,0.00,0
100_5,1466680050,2866,20.00,3.24,1.87,0
100_5,1466680993,2827,20.00,3.24,0.00,0
100_5,1466681936,2843,20.00,3.24,0.00,0
100_5,1466682879,2428,21.00,3.24,0.00,0
100_5,1466683823,1928,21.00,3.24,0.00,0
100_5,1466684766,2883,21.00,3.24,1.88,0
100_5,1466685709,2880,21.00,3.23,0.00,0
100_5,1466686653,2887,22.00,3.24,0.00,0
100_5,1466687597,2884,21.00,3.24,0.00,0
100_5,1466688540,2192,22.00,3.24,0.00,0
100_5,1466689484,2953,22.00,3.24,0.00,0
100_5,1466690428,2961,22.00,3.24,1.89,0
100_5,1466691371,2984,22.00,3.24,1.89,0
100_5,1466692315,2711,22.00,3.24,0.00,0
100_5,1466693259,2886,22.00,3.24,0.00,0
100_5,1466694203,2961,23.00,3.24,0.00,0
100_5,1466695147,2913,22.00,3.24,0.00,0
100_5,1466696091,2949,22.00,3.24,0.00,0
100_5,1466697034,2917,22.00,3.24,0.00,0
100_5,1466697978,2870,22.00,3.24,0.00,0
100_5,1466698922,2876,22.00,3.24,1.88,0
100_5,1466699866,2413,22.00,3.24,0.00,0
100_5,1466700810,2866,22.00,3.23,1.88,0
100_5,1466701753,2858,22.00,3.24,0.00,0
100_5,1466702697,2761,22.00,3.24,0.00,0
100_5,1466703641,2607,22.00,3.24,0.00,0
100_5,1466704584,2858,21.00,3.24,1.87,0
100_5,1466705527,2856,21.00,3.24,1.87,0
100_5,1466706470,2856,20.00,3.24,1.87,0
100_5,1466707413,0,20.00,3.24,0.00,0
100_5,1466708356,2845,19.00,3.24,1.86,0
100_5,1466709298,947,19.00,3.24,0.00,0
100_5,1466710241,893,19.00,3.24,0.00,0
100_5,1466711183,2816,18.00,3.24,1.86,0
100_5,1466712125,2802,17.00,3.24,1.86,0
100_5,1466713067,2792,17.00,3.24,1.86,0
100_5,1466714008,2782,17.00,3.24,1.86,0
100_5,1466714950,2674,16.00,3.24,1.85,0
100_5,1466715891,2613,16.00,3.24,1.85,0
100_5,1466716833,2554,15.00,3.24,1.85,0
100_5,1466717774,2533,15.00,3.23,1.85,0
100_5,1466718715,2528,15.00,3.24,1.85,0
100_5,1466719656,2523,15.00,3.24,1.85,0
100_5,1466720596,2513,14.00,3.24,1.84,0
100_5,1466721537,2498,14.00,3.24,1.85,0
100_5,1466722478,2487,14.00,3.24,1.84,0
100_5,1466723418,2482,14.00,3.24,1.84,0
100_5,1466724359,2458,13.00,3.24,1.85,0
100_5,1466725299,2430,13.00,3.24,1.84,0
100_5,1466726240,2405,13.00,3.24,1.84,0
100_5,1466727180,2401,13.00,3.24,1.84,0
100_5,1466728120,2363,13.00,3.23,1.84,0
100_5,1466729060,2347,12.00,3.24,1.84,0
100_5,1466730000,2337,12.00,3.24,1.84,0
100_5,1466730940,2329,12.00,3.24,1.84,0
100_5,1466731880,2315,12.00,3.24,1.83,0
100_5,1466732820,2299,11.00,3.24,1.83,0
100_5,1466733760,2289,11.00,3.24,1.83,0
100_5,1466734699,0,11.00,3.24,0.00,0
100_5,1466735639,0,11.00,3.24,0.00,0
100_5,1466736578,2266,11.00,3.24,1.83,0
100_5,1466737518,2262,11.00,3.24,1.83,0
100_5,1466738458,2260,11.00,3.23,1.83,0
100_5,1466739397,2260,11.00,3.24,1.83,0
100_5,1466740337,2261,11.00,3.24,1.83,0
100_5,1466741276,2271,11.00,3.24,1.83,0
100_5,1466742216,2272,11.00,3.24,1.83,0
100_5,1466743155,2279,11.00,3.24,1.83,0
100_5,1466744095,2319,11.00,3.24,1.83,0
100_5,1466745035,2331,12.00,3.24,1.83,0
100_5,1466745975,2359,12.00,3.24,1.83,0
100_5,1466746915,2414,12.00,3.24,1.84,0
100_5,1466747855,2458,13.00,3.24,1.84,0
100_5,1466748795,2490,13.00,3.24,1.84,0
100_5,1466749736,2503,14.00,3.24,1.84,0
100_5,1466750676,2588,14.00,3.24,1.85,0
100_5,1466751617,2747,15.00,3.24,1.85,0
100_5,1466752558,2702,16.00,3.24,0.00,0
100_5,1466753500,2824,17.00,3.24,1.86,0
100_5,1466754442,2829,18.00,3.24,1.86,0
100_5,1466755383,2833,18.00,3.24,0.00,0
100_5,1466756326,2846,18.00,3.24,0.00,0
100_5,1466757268,2851,19.00,3.24,1.86,0
100_5,1466758210,2858,20.00,3.24,0.00,0
100_5,1466759153,2857,20.00,3.24,1.86,0
100_5,1466760096,2838,21.00,3.24,0.00,0
100_5,1466761039,2856,21.00,3.24,0.00,0
100_5,1466761982,2857,21.00,3.24,1.86,0
100_5,1466762925,2846,21.00,3.24,0.00,0
100_5,1466763869,2843,22.00,3.24,0.00,0
100_5,1466764812,2861,23.00,3.24,1.88,0
100_5,1466765756,2866,23.00,3.24,0.00,0
100_5,1466766700,2899,23.00,3.23,1.88,0
100_5,1466767643,2940,23.00,3.24,1.88,0
100_5,1466768587,2968,23.00,3.23,0.00,0
100_5,1466769532,2991,24.00,3.24,1.88,0
100_5,1466770476,2995,24.00,3.24,1.88,0
100_5,1466771420,3002,24.00,3.24,0.00,0
100_5,1466772365,3009,24.00,3.24,1.88,0
100_5,1466773309,2997,25.00,3.24,0.00,0
100_5,1466774254,2994,24.00,3.24,0.00,0
100_5,1466775198,3010,25.00,3.24,1.88,0
100_5,1466776143,3002,25.00,3.24,1.88,0
100_5,1466777087,3013,25.00,3.24,1.89,0
100_5,1466778032,2963,24.00,3.24,1.88,0
100_5,1466778976,2954,24.00,3.24,0.00,0
100_5,1466779920,2916,24.00,3.24,1.87,0
100_5,1466780865,2996,25.00,3.24,1.88,0
100_5,1466781809,2982,25.00,3.24,0.00,0
100_5,1466782754,2903,24.00,3.24,0.00,0
100_5,1466783698,2983,25.00,3.24,1.88,0
100_5,1466784643,2963,25.00,3.24,1.88,0
100_5,1466785587,2777,24.00,3.23,0.00,0
100_5,1466786531,2830,23.00,3.24,1.87,0
100_5,1466787474,2530,21.00,3.23,0.00,0
100_5,1466788417,2826,21.00,3.24,1.86,0
100_5,1466789360,0,20.00,3.24,0.00,0
100_5,1466790303,2736,20.00,3.23,0.00,0
100_5,1466791245,2791,20.00,3.23,0.00,0
100_5,1466792188,2790,20.00,3.24,0.00,0
100_5,1466793130,2430,20.00,3.24,0.00,0
100_5,1466794073,2628,20.00,3.24,0.00,0
100_5,1466795015,2808,20.00,3.23,0.00,0
100_5,1466795958,2787,20.00,3.24,0.00,0
100_5,1466796900,2450,19.00,3.24,0.00,0
100_5,1466797843,2741,19.00,3.24,0.00,0
100_5,1466798785,2726,19.00,3.23,0.00,0
100_5,1466799727,0,19.00,3.24,0.00,0
100_5,1466800669,0,19.00,3.24,0.00,0
100_5,1466801611,2717,18.00,3.23,0.00,0
100_5,1466802553,0,18.00,3.23,0.00,0
100_5,1466803495,107,18.00,3.24,0.00,0
100_5,1466804437,259,17.00,3.24,0.09,0
100_5,1466805378,0,17.00,3.23,0.00,0
100_5,1466806320,1,17.00,3.24,0.00,0
100_5,1466807261,0,17.00,3.24,0.00,0
100_5,1466808203,0,17.00,3.24,0.00,0
100_5,1466809144,2538,17.00,3.23,1.84,0
100_5,1466810085,2520,16.00,3.24,0.00,0
100_5,1466811026,1123,16.00,3.24,0.00,0
100_5,1466811967,2409,16.00,3.23,0.00,0
100_5,1466812908,61,15.00,3.24,0.00,0
100_5,1466813849,1943,15.00,3.24,0.00,0
100_5,1466814790,0,15.00,3.24,0.00,0
100_5,1466815730,0,14.00,3.24,0.00,0
100_5,1466816671,0,14.00,3.24,0.00,0
100_5,1466817611,0,14.00,3.24,0.00,0
100_5,1466818552,2301,14.00,3.24,0.00,0
100_5,1466819492,0,14.00,3.24,0.00,0
100_5,1466820432,0,13.00,3.24,0.00,0
100_5,1466821372,1086,13.00,3.23,0.00,0
100_5,1466822313,0,13.00,3.24,0.00,0
100_5,1466823253,0,13.00,3.24,0.00,0
100_5,1466824193,0,13.00,3.24,0.00,0
100_5,1466825132,2262,13.00,3.23,0.00,0
100_5,1466826072,1681,13.00,3.24,0.00,0
100_5,1466827012,0,12.00,3.24,0.00,0
100_5,1466827952,0,12.00,3.24,0.00,0
100_5,1466828892,0,12.00,3.23,0.00,0
100_5,1466829831,3,13.00,3.24,0.00,0
100_5,1466830771,0,13.00,3.24,0.00,0
100_5,1466831711,0,13.00,3.24,0.00,0
100_5,1466832651,0,13.00,3.24,0.00,0
100_5,1466833591,0,14.00,3.23,0.00,0
100_5,1466834531,0,14.00,3.23,0.00,0
100_5,1466835472,0,15.00,3.23,0.00,0
100_5,1466836412,1930,15.00,3.24,1.84,0
100_5,1466837353,2571,16.00,3.24,1.85,0
100_5,1466838294,2793,16.00,3.24,1.85,0
100_5,1466839236,2822,17.00,3.24,1.86,0
100_5,1466840178,2827,19.00,3.24,1.86,0
100_5,1466841120,2833,19.00,3.24,1.86,0
100_5,1466842062,2843,20.00,3.24,1.86,0
100_5,1466843004,2860,20.00,3.24,1.86,0
100_5,1466843947,2744,21.00,3.24,0.00,0
100_5,1466844890,2859,21.00,3.23,0.00,0
100_5,1466845833,2859,22.00,3.24,0.00,0
100_5,1466846776,2862,22.00,3.23,0.00,0
100_5,1466847719,2861,22.00,3.24,0.00,0
100_5,1466848662,2856,22.00,3.24,0.00,0
100_5,1466849606,2862,23.00,3.24,1.87,0
100_5,1466850549,2412,23.00,3.24,0.00,0
100_5,1466851493,2859,23.00,3.23,1.87,0
100_5,1466852436,2860,23.00,3.24,1.87,0
100_5,1466853380,2858,23.00,3.24,1.87,0
100_5,1466854324,2854,23.00,3.24,1.88,0
100_5,1466855268,2903,24.00,3.23,1.88,0
100_5,1466856211,2847,23.00,3.24,1.88,0
100_5,1466857155,2853,24.00,3.24,1.88,0
100_5,1466858099,2859,24.00,3.24,1.88,0
100_5,1466859043,2980,25.00,3.24,1.88,0
100_5,1466859988,2942,24.00,3.24,1.88,0
100_5,1466860932,2848,24.00,3.24,1.87,0
100_5,1466861876,2832,23.00,3.23,1.87,0
100_5,1466862819,1203,22.00,3.23,0.00,0
100_5,1466863763,2844,22.00,3.24,1.85,0
100_5,1466864706,0,21.00,3.23,0.00,0
100_5,1466865649,2835,23.00,3.24,1.87,0
100_5,1466866593,2946,24.00,3.24,0.00,0
100_5,1466867537,2633,24.00,3.23,0.00,0
100_5,1466868481,2987,25.00,3.24,0.00,0
100_5,1466869426,2989,25.00,3.24,1.88,0
100_5,1466870370,2986,25.00,3.23,1.88,0
100_5,1466871315,2983,25.00,3.24,0.00,0
100_5,1466872259,2974,25.00,3.24,0.00,0
100_5,1466873204,2888,25.00,3.24,0.00,0
100_5,1466874149,0,25.00,3.24,0.00,0
100_5,1466875093,2807,25.00,3.24,0.00,0
100_5,1466876037,2827,23.00,3.24,1.86,0
100_5,1466876980,2842,22.00,3.24,1.85,0
100_5,1466877923,1995,19.00,3.24,0.00,0
100_5,1466878865,0,16.00,3.23,0.00,0
100_5,1466879805,0,15.00,3.24,0.00,0
100_5,1466880746,2356,14.00,3.23,1.83,0
100_5,1466881686,2349,14.00,3.23,1.83,0
100_5,1466882626,2338,14.00,3.24,1.83,0
100_5,1466883566,2323,14.00,3.24,1.82,0
100_5,1466884507,2308,13.00,3.23,1.82,0
100_5,1466885447,35,13.00,3.23,0.00,0
100_5,1466886387,57,13.00,3.24,0.04,0
100_5,1466887327,2287,14.00,3.24,0.00,0
100_5,1466888267,2292,14.00,3.23,1.83,0
100_5,1466889207,2298,14.00,3.23,0.00,0
100_5,1466890147,2284,14.00,3.23,1.83,0
100_5,1466891088,2286,14.00,3.24,1.83,0
100_5,1466892028,2299,14.00,3.24,1.83,0
100_5,1466892968,2258,14.00,3.24,1.83,0
100_5,1466893908,1919,13.00,3.23,0.00,0
100_5,1466894848,285,14.00,3.24,0.00,0
100_5,1466895788,71,14.00,3.23,0.00,0
100_5,1466896728,2246,14.00,3.24,0.00,0
100_5,1466897669,0,14.00,3.24,0.00,0
100_5,1466898609,2164,14.00,3.24,0.00,0
100_5,1466899549,2253,14.00,3.24,1.83,0
100_5,1466900489,2247,13.00,3.24,1.83,0
100_5,1466901429,829,13.00,3.24,0.00,0
100_5,1466902369,0,13.00,3.23,0.00,0
100_5,1466903309,762,13.00,3.24,0.00,0
100_5,1466904249,2170,13.00,3.24,0.00,0
100_5,1466905188,572,13.00,3.24,0.00,0
100_5,1466906128,0,12.00,3.24,0.00,0
100_5,1466907068,3178,12.00,3.24,0.00,0
100_5,1466908008,2027,12.00,3.23,0.00,0
100_5,1466908947,3548,12.00,3.24,0.90,0
100_5,1466909887,3568,12.00,3.24,0.87,0
100_5,1466910826,3523,12.00,3.23,0.86,0
100_5,1466911766,3500,12.00,3.23,0.85,0
100_5,1466912705,0,12.00,3.24,0.00,0
100_5,1466913645,3600,12.00,3.23,0.86,0
100_5,1466914584,3621,12.00,3.23,0.87,0
100_5,1466915524,3537,12.00,3.23,0.00,0
100_5,1466916464,3359,13.00,3.23,0.00,0
100_5,1466917403,750,13.00,3.24,0.00,0
100_5,1466918343,2198,13.00,3.24,0.00,0
100_5,1466919283,0,13.00,3.23,0.00,0
100_5,1466920223,2270,14.00,3.24,1.83,0
100_5,1466921163,2296,14.00,3.23,1.83,0
100_5,1466922104,2102,14.00,3.24,0.00,0
100_5,1466923044,2451,15.00,3.23,1.84,0
100_5,1466923985,2015,16.00,3.24,0.00,0
100_5,1466924926,2482,16.00,3.24,0.00,0
100_5,1466925867,930,16.00,3.24,0.00,0
100_5,1466926808,2409,17.00,3.23,0.00,0
100_5,1466927749,2544,17.00,3.24,1.85,0
100_5,1466928691,2097,18.00,3.23,0.00,0
100_5,1466929632,2827,19.00,3.23,1.86,0
100_5,1466930575,2836,20.00,3.23,1.86,0
100_5,1466931517,2836,21.00,3.24,1.86,0
100_5,1466932460,2266,21.00,3.24,0.00,0
100_5,1466933403,2844,21.00,3.23,1.86,0
100_5,1466934345,2848,21.00,3.24,1.86,0
100_5,1466935288,2859,22.00,3.24,1.86,0
100_5,1466936232,1495,22.00,3.23,0.00,0
100_5,1466937175,2870,23.00,3.23,1.87,0
100_5,1466938119,2848,23.00,3.24,0.00,0
100_5,1466939062,0,24.00,3.24,0.00,0
100_5,1466940006,2854,24.00,3.24,0.00,0
100_5,1466940950,2764,25.00,3.23,0.00,0
100_5,1466941895,2881,25.00,3.23,1.88,0
100_5,1466942839,2847,24.00,3.23,1.83,0
100_5,1466943783,2849,24.00,3.24,0.00,0
100_5,1466944726,2633,22.00,3.24,0.00,0
100_5,1466945668,0,18.00,3.24,0.00,0
100_5,1466946610,0,16.00,3.23,0.00,0
100_5,1466947550,4,16.00,3.24,0.00,0
100_5,1466948491,69,16.00,3.24,0.00,0
100_5,1466949432,61,16.00,3.22,0.00,0
100_5,1466950373,1572,16.00,3.23,0.00,0
100_5,1466951314,2515,17.00,3.23,0.00,0
100_5,1466952255,1213,17.00,3.24,0.00,0
100_5,1466953196,2508,17.00,3.23,1.84,0
100_5,1466954138,0,16.00,3.24,0.00,0
100_5,1466955078,0,15.00,3.23,0.00,0
100_5,1466956019,2326,15.00,3.23,1.82,0
100_5,1466956960,2300,15.00,3.23,0.00,0
100_5,1466957900,1,14.00,3.24,0.00,0
100_5,1466958840,3606,14.00,3.24,0.94,0
100_5,1466959780,3634,13.00,3.23,0.93,0
100_5,1466960720,3120,13.00,3.24,0.00,0
100_5,1466961660,3640,13.00,3.23,0.92,0
100_5,1466962600,3653,13.00,3.23,0.92,0
100_5,1466963540,2395,13.00,3.22,1.73,0
100_5,1466964480,2256,14.00,3.22,0.00,0
100_5,1466965420,1444,14.00,3.22,0.00,0
100_5,1466966360,0,14.00,3.23,0.00,0
100_5,1466967300,3356,14.00,3.22,0.00,0
100_5,1466968241,3643,14.00,3.23,0.00,0
100_5,1466969181,3703,14.00,3.23,0.90,0
100_5,1466970121,3710,14.00,3.22,0.89,0
100_5,1466971061,3714,14.00,3.23,0.88,0
100_5,1466972001,3378,14.00,3.22,0.00,0
100_5,1466972941,141,14.00,3.23,0.00,0
100_5,1466973881,3527,13.00,3.22,0.00,0
100_5,1466974821,3557,13.00,3.22,0.00,0
100_5,1466975761,3718,13.00,3.23,0.00,0
100_5,1466976700,0,13.00,3.22,0.00,0
100_5,1466977640,3836,12.00,3.22,0.00,0
100_5,1466978580,3803,12.00,3.22,0.73,0
100_5,1466979519,3800,12.00,3.22,0.71,0
100_5,1466980459,3801,12.00,3.22,0.71,0
100_5,1466981399,3796,12.00,3.19,0.70,0
100_5,1466982338,3796,13.00,3.19,0.71,0
100_5,1466983278,3836,12.00,3.20,0.73,0
100_5,1466984217,3881,13.00,3.19,0.00,0
100_5,1466985157,3889,12.00,3.19,0.73,0
100_5,1466986097,3865,13.00,3.19,0.00,0
100_5,1466987037,3896,13.00,3.18,0.74,0
100_5,1466987976,3747,13.00,3.18,0.00,0
100_5,1466988916,3895,13.00,3.18,0.00,0
100_5,1466989856,3896,13.00,3.18,0.73,0
100_5,1466990796,3896,13.00,3.17,0.73,0
100_5,1466991735,3896,13.00,3.17,0.73,0
100_5,1466991736,3896,13.00,3.17,0.73,1
100_5,1466992676,3895,13.00,3.17,0.73,0
100_5,1466993616,3894,13.00,3.16,0.73,0
100_5,1466994555,3894,13.00,3.16,0.73,0
100_5,1466995495,3902,13.00,3.16,0.73,0
100_5,1466996435,3918,13.00,3.15,0.71,0
100_5,1466997375,3921,12.00,3.15,0.71,0
100_5,1466998314,3918,12.00,3.14,0.71,0
100_5,1466999254,3924,13.00,3.14,0.71,0
100_5,1467000194,3919,13.00,3.14,0.71,0
100_5,1467001133,3925,13.00,3.14,0.70,0
100_5,1467002073,3917,13.00,3.13,0.70,0
100_5,1467003013,3886,12.00,3.13,0.70,0
100_5,1467003952,3862,13.00,3.12,0.69,0
100_5,1467004892,3810,13.00,3.11,0.69,0
100_5,1467005832,3789,12.00,3.10,0.68,0
100_5,1467006771,3786,12.00,3.10,0.69,0
100_5,1467007711,3799,12.00,3.09,0.69,0
100_5,1467008651,3819,12.00,3.10,0.69,0
100_5,1467009590,3861,12.00,3.09,0.69,0
100_5,1467010530,3859,12.00,3.09,0.69,0
100_5,1467011469,3901,12.00,3.09,0.70,0
100_5,1467012409,3913,12.00,3.09,0.70,0
100_5,1467013349,3925,12.00,3.08,0.70,0
100_5,1467014288,3929,13.00,3.07,0.70,0
100_5,1467015228,4,12.00,3.08,0.00,0
100_5,1467016168,3929,13.00,3.07,0.70,0
100_5,1467017108,3933,13.00,3.07,0.70,0
100_5,1467018047,3939,13.00,3.06,0.70,0
100_5,1467018987,3938,12.00,3.06,0.70,0
100_5,1467019927,3926,13.00,3.06,0.71,0
100_5,1467020867,3924,13.00,3.05,0.72,0
100_5,1467021806,3925,13.00,3.05,0.72,0
100_5,1467022746,3926,13.00,3.06,0.72,0
100_5,1467023686,3929,13.00,3.05,0.71,0
100_5,1467024625,3929,13.00,3.05,0.72,0
100_5,1467025565,3930,12.00,3.05,0.72,0
100_5,1467026505,3933,13.00,3.05,0.71,0
100_5,1467027445,3931,13.00,3.04,0.72,0
100_5,1467028384,3929,13.00,3.03,0.72,0
100_5,1467029324,3928,13.00,3.02,0.72,0
100_5,1467030264,3930,13.00,3.02,0.72,0
100_5,1467031204,3933,13.00,3.04,0.72,0
100_5,1467032144,3932,13.00,3.01,0.72,0
100_5,1467033084,3944,13.00,3.03,0.71,0
100_5,1467034023,3946,12.00,3.03,0.71,0
100_5,1467034963,3935,12.00,3.03,0.72,0
100_5,1467035902,3933,12.00,3.03,0.72,0
100_5,1467036842,3935,12.00,3.03,0.72,0
100_5,1467037782,3923,13.00,3.02,0.74,0
100_5,1467038721,3936,13.00,3.03,0.76,0
100_5,1467039661,3927,13.00,3.02,0.78,0
100_5,1467040601,3925,14.00,3.03,0.79,0
100_5,1467041541,3939,14.00,3.02,0.77,0
100_5,1467042481,3941,13.00,3.02,0.77,0
100_5,1467043421,3942,14.00,3.02,0.77,0
100_5,1467044361,3944,13.00,3.02,0.76,0
100_5,1467045301,3943,13.00,3.02,0.76,0
100_5,1467046241,3944,14.00,3.01,0.77,0
100_5,1467047181,3569,14.00,3.01,0.00,0
100_5,1467048122,3699,14.00,3.02,0.00,0
100_5,1467049062,3801,14.00,3.00,0.00,0
100_5,1467050002,3783,14.00,3.01,0.00,0
100_5,1467050942,3920,14.00,3.01,0.00,0
100_5,1467051882,3854,14.00,3.01,0.84,0
100_5,1467052822,3543,13.00,3.01,0.00,0
100_5,1467053762,3955,14.00,3.01,0.00,0
100_5,1467054702,2558,14.00,3.00,0.00,0
100_5,1467055642,3842,14.00,3.00,0.00,0
100_5,1467056582,3685,13.00,3.00,0.00,0
100_5,1467057522,3035,14.00,3.00,0.00,0
100_5,1467058462,3876,13.00,3.00,0.00,0
100_5,1467059402,3960,13.00,3.00,0.74,0
100_5,1467060342,3503,13.00,2.99,0.00,0
100_5,1467061281,3725,13.00,2.99,0.00,0
100_5,1467062221,2503,13.00,2.99,0.00,0
100_5,1467063161,3934,13.00,2.99,0.00,0
100_5,1467064101,3934,13.00,2.98,0.73,0
100_5,1467065041,3935,13.00,2.98,0.73,0
100_5,1467065980,3935,12.00,2.98,0.73,0
100_5,1467066920,3635,13.00,2.98,0.00,0
100_5,1467067860,3394,13.00,2.98,0.00,0
100_5,1467068800,10,13.00,2.97,0.00,0
100_5,1467069739,3940,13.00,2.97,0.73,0
100_5,1467070679,3939,13.00,2.97,0.72,0
100_5,1467071619,3961,13.00,2.97,0.71,0
100_5,1467072559,3948,13.00,2.96,0.72,0
100_5,1467073498,3824,13.00,2.96,0.00,0
100_5,1467074438,3269,13.00,2.96,0.00,0
100_5,1467075378,3970,12.00,2.96,0.70,0
100_5,1467076317,3968,12.00,2.96,0.70,0
100_5,1467077257,3423,12.00,2.96,0.00,0
100_5,1467078197,0,12.00,2.95,0.00,0
100_5,1467079136,1618,13.00,2.95,0.00,0
100_5,1467080076,3976,12.00,2.96,0.70,0
100_5,1467081015,3975,12.00,2.96,0.70,0
100_5,1467081955,3974,12.00,2.95,0.70,0
100_5,1467082894,3974,13.00,2.95,0.70,0
100_5,1467083834,3973,12.00,2.95,0.70,0
100_5,1467084774,3972,12.00,2.95,0.70,0
100_5,1467085713,3970,13.00,2.94,0.70,0
100_5,1467086653,3970,12.00,2.94,0.70,0
100_5,1467087592,3969,13.00,2.94,0.70,0
100_5,1467088532,3969,12.00,2.94,0.70,0
100_5,1467089472,3972,12.00,2.94,0.70,0
100_5,1467090411,3971,12.00,2.94,0.70,0
100_5,1467091351,3396,12.00,2.93,0.00,0
100_5,1467092290,3413,12.00,2.93,0.00,0
100_5,1467093230,0,12.00,2.93,0.00,0
100_5,1467094170,83,12.00,2.94,0.00,0
100_5,1467095109,0,12.00,2.93,0.00,0
100_5,1467096049,0,13.00,2.92,0.00,0
100_5,1467096988,0,12.00,2.93,0.00,0
100_5,1467097928,0,12.00,2.93,0.00,0
100_5,1467098867,0,13.00,2.92,0.00,0
100_5,1467099807,0,12.00,2.92,0.00,0
100_5,1467100747,0,13.00,2.92,0.00,0
100_5,1467101686,0,12.00,2.92,0.00,0
100_5,1467102626,0,13.00,2.92,0.00,0
100_5,1467103566,7,13.00,2.92,0.00,0
100_5,1467104506,0,13.00,2.92,0.00,0
100_5,1467105445,0,14.00,2.91,0.00,0
100_5,1467106385,0,14.00,2.91,0.00,0
100_5,1467107325,0,14.00,2.91,0.00,0
100_5,1467108266,0,14.00,2.91,0.00,0
100_5,1467109206,0,15.00,2.91,0.00,0
100_5,1467110146,0,15.00,2.91,0.00,0
100_5,1467111087,0,15.00,2.90,0.00,0
100_5,1467112028,0,15.00,2.90,0.00,0
100_5,1467112968,0,15.00,2.91,0.00,0
100_5,1467113909,0,16.00,2.90,0.00,0
100_5,1467114850,0,16.00,2.90,0.00,0
100_5,1467115790,0,16.00,2.90,0.00,0
100_5,1467116731,0,16.00,2.90,0.00,0
100_5,1467117672,2,17.00,2.91,0.00,0
100_5,1467118613,357,17.00,2.90,0.00,0
100_5,1467119554,1,17.00,2.90,0.00,0
100_5,1467120495,0,16.00,2.90,0.00,0
100_5,1467121436,0,15.00,2.90,0.00,0
100_5,1467122377,0,16.00,2.90,0.00,0
100_5,1467123317,0,16.00,2.90,0.00,0
100_5,1467124258,1,17.00,2.90,0.00,0
100_5,1467125199,0,17.00,2.90,0.00,0
100_5,1467126141,0,18.00,2.90,0.00,0
100_5,1467127082,0,17.00,2.90,0.00,0
100_5,1467128023,1,17.00,2.91,0.00,0
100_5,1467128964,2098,17.00,2.89,0.00,0
100_5,1467129905,0,17.00,2.89,0.00,0
100_5,1467130846,1,17.00,2.90,0.00,0
100_5,1467131788,3,17.00,2.90,0.00,0
100_5,1467132729,6,18.00,2.90,0.00,0
100_5,1467133670,2,18.00,2.89,0.00,0
100_5,1467134612,3,18.00,2.89,0.00,0
100_5,1467135554,1,18.00,2.89,0.00,0
100_5,1467136495,0,18.00,2.88,0.00,0
100_5,1467137437,0,19.00,2.87,0.00,0
100_5,1467138379,2450,19.00,2.88,0.00,0
100_5,1467139320,2412,17.00,2.88,0.00,0
100_5,1467140261,831,17.00,2.89,0.00,0
100_5,1467141202,50,16.00,2.89,0.00,0
100_5,1467142143,2512,16.00,2.89,0.00,0
100_5,1467143084,0,16.00,2.89,0.00,0
100_5,1467144025,0,15.00,2.89,0.00,0
100_5,1467144965,0,15.00,2.90,0.00,0
100_5,1467145906,0,14.00,2.90,0.00,0
100_5,1467146846,0,14.00,2.90,0.00,0
100_5,1467147786,0,14.00,2.91,0.00,0
100_5,1467148726,0,15.00,2.89,0.00,0
100_5,1467149667,0,14.00,2.90,0.00,0
100_5,1467150607,0,14.00,2.90,0.00,0
100_5,1467151547,0,14.00,2.89,0.00,0
100_5,1467152487,0,14.00,2.88,0.00,0
100_5,1467153427,0,14.00,2.87,0.00,0
100_5,1467154367,0,14.00,2.86,0.00,0
100_5,1467155307,420,14.00,2.86,0.00,0
100_5,1467156247,0,14.00,2.86,0.00,0
100_5,1467157187,0,14.00,2.85,0.00,0
100_5,1467158127,0,14.00,2.86,0.00,0
100_5,1467159067,0,13.00,2.85,0.00,0
100_5,1467160007,0,13.00,2.87,0.00,0
100_5,1467160947,1874,12.00,2.87,0.00,0
100_5,1467161886,0,12.00,2.87,0.00,0
100_5,1467162826,0,12.00,2.87,0.00,0
100_5,1467163765,0,12.00,2.87,0.00,0
100_5,1467164704,0,12.00,2.87,0.00,0
100_5,1467165644,8,12.00,2.87,0.00,0
100_5,1467166583,0,12.00,2.87,0.00,0
100_5,1467167522,4,11.00,2.87,0.00,0
100_5,1467168462,0,11.00,2.87,0.00,0
100_5,1467169401,122,11.00,2.87,0.00,0
100_5,1467170340,160,11.00,2.87,0.00,0
100_5,1467171279,0,11.00,2.86,0.00,0
100_5,1467172218,211,11.00,2.86,0.00,0
100_5,1467173157,0,11.00,2.87,0.00,0
100_5,1467174097,0,11.00,2.86,0.00,0
100_5,1467175036,48,12.00,2.87,0.00,0
100_5,1467175975,0,11.00,2.87,0.00,0
100_5,1467176914,1,12.00,2.88,0.00,0
100_5,1467177854,0,12.00,2.88,0.00,0
100_5,1467178793,0,12.00,2.88,0.00,0
100_5,1467179733,0,13.00,2.87,0.00,0
100_5,1467180672,35,13.00,2.87,0.00,0
100_5,1467181612,1,14.00,2.87,0.00,0
100_5,1467182553,0,14.00,2.87,0.00,0
100_5,1467183493,4,15.00,2.87,0.00,0
100_5,1467184433,0,16.00,2.88,0.00,0
100_5,1467185374,0,16.00,2.87,0.00,0
100_5,1467186315,0,17.00,2.87,0.00,0
100_5,1467187256,0,17.00,2.87,0.00,0
100_5,1467188198,0,18.00,2.86,0.00,0
100_5,1467189139,0,19.00,2.87,0.00,0
100_5,1467190081,0,19.00,2.87,0.00,0
100_5,1467191023,1061,20.00,2.87,0.00,0
100_5,1467191965,241,20.00,2.86,0.00,0
100_5,1467192908,121,20.00,2.87,0.00,0
100_5,1467193850,483,20.00,2.86,0.00,0
100_5,1467194792,2381,20.00,2.87,0.00,0
100_5,1467195735,889,20.00,2.87,0.00,0
100_5,1467196677,16,21.00,2.86,0.00,0
100_5,1467197620,19,21.00,2.86,0.00,0
100_5,1467198563,0,22.00,2.86,0.00,0
100_5,1467199506,193,22.00,2.87,0.00,0
100_5,1467200449,721,22.00,2.87,0.00,0
100_5,1467201392,1418,22.00,2.87,0.00,0
100_5,1467202336,2047,23.00,2.87,0.00,0
100_5,1467203279,858,23.00,2.87,0.00,0
100_5,1467204222,2304,23.00,2.87,0.00,0
100_5,1467205166,1557,23.00,2.87,0.00,0
100_5,1467206110,0,23.00,2.87,0.00,0
100_5,1467207053,2575,23.00,2.87,0.00,0
100_5,1467207997,2759,23.00,2.87,0.00,0
100_5,1467208940,2913,23.00,2.87,0.00,0
100_5,1467209884,2923,23.00,2.88,0.00,0
100_5,1467210827,2905,23.00,2.89,0.00,0
100_5,1467211771,3008,23.00,2.88,0.00,0
100_5,1467212714,2915,23.00,2.88,0.00,0
100_5,1467213658,2841,23.00,2.88,0.00,0
100_5,1467214601,2851,23.00,2.88,0.00,0
100_5,1467215544,2843,23.00,2.88,1.87,0
100_5,1467216487,2845,22.00,2.88,0.00,0
100_5,1467217430,2717,22.00,2.89,0.00,0
100_5,1467218373,2774,22.00,2.88,0.00,0
100_5,1467219316,2801,21.00,2.89,0.00,0
100_5,1467220259,2856,22.00,2.89,0.00,0
100_5,1467221202,2841,22.00,2.88,0.00,0
100_5,1467222145,2755,22.00,2.88,0.00,0
100_5,1467223088,2423,22.00,2.87,0.00,0
100_5,1467224031,2386,22.00,2.88,0.00,0
100_5,1467224974,938,21.00,2.88,0.00,0
100_5,1467225917,1901,20.00,2.88,0.00,0
100_5,1467226859,855,20.00,2.88,0.00,0
100_5,1467227801,613,20.00,2.88,0.00,0
100_5,1467228744,2115,19.00,2.87,0.00,0
100_5,1467229685,1,19.00,2.87,0.00,0
100_5,1467230627,0,19.00,2.87,0.00,0
100_5,1467231569,0,18.00,2.88,0.00,0
100_5,1467232510,14,17.00,2.88,0.00,0
100_5,1467233451,1215,17.00,2.88,0.00,0
100_5,1467234392,59,17.00,2.88,0.00,0
100_5,1467235333,1543,16.00,2.89,0.00,0
100_5,1467236274,1098,16.00,2.89,0.00,0
100_5,1467237215,2433,16.00,2.89,0.00,0
100_5,1467238156,2465,15.00,2.88,0.00,0
100_5,1467239096,2412,15.00,2.89,0.00,0
100_5,1467240037,2399,15.00,2.88,0.00,0
100_5,1467240977,1900,15.00,2.89,0.00,0
100_5,1467241918,325,15.00,2.89,0.00,0
100_5,1467242858,2239,15.00,2.89,0.00,0
100_5,1467243798,27,15.00,2.88,0.00,0
100_5,1467244739,2496,14.00,2.89,0.00,0
100_5,1467245679,2431,15.00,2.88,0.00,0
100_5,1467246619,2494,15.00,2.89,0.00,0
100_5,1467247559,2232,15.00,2.88,0.00,0
100_5,1467248500,2343,15.00,2.89,0.00,0
100_5,1467249440,2245,14.00,2.88,0.00,0
100_5,1467250380,2345,15.00,2.89,0.00,0
100_5,1467251321,2339,15.00,2.85,0.00,0
100_5,1467252261,3,15.00,2.85,0.00,0
100_5,1467253202,3,16.00,2.84,0.00,0
100_5,1467254143,1,15.00,2.84,0.00,0
100_5,1467255083,0,15.00,2.83,0.00,0
100_5,1467256024,502,15.00,2.84,0.00,0
100_5,1467256965,0,15.00,2.83,0.00,0
100_5,1467257905,1,15.00,2.83,0.00,0
100_5,1467258846,1,15.00,2.83,0.00,0
100_5,1467259786,1670,15.00,2.83,0.00,0
100_5,1467260726,1513,15.00,2.83,0.00,0
100_5,1467261667,2266,15.00,2.83,0.00,0
100_5,1467262607,2303,15.00,2.83,0.00,0
100_5,1467263548,843,15.00,2.82,0.00,0
100_5,1467264488,885,15.00,2.83,0.00,0
100_5,1467265428,2222,15.00,2.83,0.00,0
100_5,1467266369,1836,15.00,2.82,0.00,0
100_5,1467267309,2280,15.00,2.82,0.00,0
100_5,1467268250,1582,15.00,2.82,0.00,0
100_5,1467269190,42,14.00,2.82,0.00,0
100_5,1467270130,59,15.00,2.83,0.00,0
100_5,1467271071,410,15.00,2.82,0.00,0
100_5,1467272011,273,15.00,2.82,0.00,0
100_5,1467272952,487,15.00,2.82,0.00,0
100_5,1467273892,1386,15.00,2.82,0.00,0
100_5,1467274832,1276,15.00,2.82,0.00,0
100_5,1467275773,3,15.00,2.82,0.00,0
100_5,1467276713,2,15.00,2.82,0.00,0
100_5,1467277653,277,15.00,2.82,0.00,0
100_5,1467278594,2361,15.00,2.82,0.00,0
100_5,1467279535,2446,16.00,2.82,0.00,0
100_5,1467280475,2518,16.00,2.81,0.00,0
100_5,1467281416,2469,16.00,2.82,0.00,0
100_5,1467282357,1401,16.00,2.82,0.00,0
100_5,1467283298,1774,16.00,2.82,0.00,0
100_5,1467284239,2499,17.00,2.82,0.00,0
100_5,1467285180,2521,17.00,2.82,0.00,0
100_5,1467286121,237,17.00,2.81,0.00,0
100_5,1467287062,39,18.00,2.82,0.00,0
100_5,1467288004,2749,18.00,2.82,0.00,0
100_5,1467288945,2762,19.00,2.82,0.00,0
100_5,1467289887,2836,20.00,2.82,0.00,0
100_5,1467290830,2768,21.00,2.82,0.00,0
100_5,1467291773,2698,21.00,2.82,0.00,0
100_5,1467292715,2733,21.00,2.82,0.00,0
100_5,1467293657,54,20.00,2.82,0.00,0
100_5,1467294599,0,18.00,2.82,0.00,0
100_5,1467295541,854,18.00,2.81,0.00,0
100_5,1467296482,0,18.00,2.81,0.00,0
100_5,1467297424,0,18.00,2.83,0.00,0
100_5,1467298365,2508,18.00,2.83,0.00,0
100_5,1467299307,0,19.00,2.84,0.00,0
100_5,1467300248,7,19.00,2.84,0.00,0
100_5,1467301190,1827,19.00,2.84,0.00,0
100_5,1467302132,0,19.00,2.84,0.00,0
100_5,1467303074,0,19.00,2.84,0.00,0
100_5,1467304016,0,19.00,2.84,0.00,0
100_5,1467304957,387,19.00,2.84,0.00,0
100_5,1467305899,0,19.00,2.85,0.00,0
100_5,1467306841,26,18.00,2.85,0.00,0
100_5,1467307782,1,18.00,2.85,0.00,0
100_5,1467308724,1,18.00,2.85,0.00,0
100_5,1467309665,0,17.00,2.85,0.00,0
100_5,1467310606,0,16.00,2.85,0.00,0
100_5,1467311546,0,15.00,2.85,0.00,0
100_5,1467312487,0,15.00,2.86,0.00,0
100_5,1467313427,1,15.00,2.86,0.00,0
100_5,1467314368,1,16.00,2.85,0.00,0
100_5,1467315309,1,16.00,2.85,0.00,0
100_5,1467316249,1,16.00,2.85,0.00,0
100_5,1467317190,0,16.00,2.86,0.00,0
100_5,1467318130,1,15.00,2.86,0.00,0
100_5,1467319071,1,15.00,2.86,0.00,0
100_5,1467320011,1,15.00,2.86,0.00,0
100_5,1467320951,0,14.00,2.86,0.00,0
100_5,1467321892,0,14.00,2.86,0.00,0
100_5,1467322832,0,14.00,2.85,0.00,0
100_5,1467323772,0,14.00,2.86,0.00,0
100_5,1467324712,0,14.00,2.86,0.00,0
100_5,1467325652,0,14.00,2.86,0.00,0
100_5,1467326592,0,14.00,2.86,0.00,0
100_5,1467327532,0,13.00,2.86,0.00,0
100_5,1467328471,0,13.00,2.86,0.00,0
100_5,1467329411,0,13.00,2.86,0.00,0
100_5,1467330351,0,13.00,2.86,0.00,0
100_5,1467331291,0,13.00,2.86,0.00,0
100_5,1467332230,8,13.00,2.86,0.00,0
100_5,1467333170,0,13.00,2.86,0.00,0
100_5,1467334109,0,13.00,2.86,0.00,0
100_5,1467335049,20,13.00,2.86,0.00,0
100_5,1467335988,0,13.00,2.86,0.00,0
100_5,1467336928,0,13.00,2.86,0.00,0
100_5,1467337867,0,13.00,2.87,0.00,0
100_5,1467338807,1,13.00,2.86,0.00,0
100_5,1467339747,1,13.00,2.87,0.00,0
100_5,1467340686,1,13.00,2.86,0.00,0
100_5,1467341626,1,13.00,2.87,0.00,0
100_5,1467342566,1,13.00,2.87,0.00,0
100_5,1467343506,1,13.00,2.86,0.00,0
100_5,1467344445,2,13.00,2.86,0.00,0
100_5,1467345385,2,13.00,2.86,0.00,0
100_5,1467346325,1,13.00,2.87,0.00,0
100_5,1467347265,2,14.00,2.87,0.01,0
100_5,1467348205,2,14.00,2.87,0.01,0
100_5,1467349144,2,13.00,2.87,0.01,0
100_5,1467350084,2,14.00,2.87,0.01,0
100_5,1467351024,2,14.00,2.86,0.01,0
100_5,1467351964,3,14.00,2.87,0.02,0
100_5,1467352904,6,14.00,2.87,0.05,0
100_5,1467353844,6,14.00,2.87,0.04,0
100_5,1467354784,7,14.00,2.87,0.04,0
100_5,1467355724,5,14.00,2.87,0.02,0
100_5,1467356664,8,14.00,2.87,0.03,0
100_5,1467357604,8,14.00,2.87,0.03,0
100_5,1467358544,8,14.00,2.87,0.03,0
100_5,1467359484,5,14.00,2.87,0.03,0
100_5,1467360424,5,13.00,2.87,0.03,0
100_5,1467361364,3,13.00,2.87,0.00,0
100_5,1467362303,3,13.00,2.87,0.00,0
100_5,1467363243,3,13.00,2.87,0.00,0
100_5,1467364183,3,13.00,2.87,0.00,0
100_5,1467365122,3,13.00,2.87,0.00,0
100_5,1467366062,0,12.00,2.87,0.00,0
100_5,1467367001,1,13.00,2.87,0.00,0
100_5,1467367941,4,13.00,2.87,0.01,0
100_5,1467368880,0,13.00,2.87,0.00,0
100_5,1467369820,0,13.00,2.87,0.00,0
100_5,1467370760,1817,13.00,2.87,0.00,0
100_5,1467371700,2508,14.00,2.87,1.85,0
100_5,1467372640,2513,15.00,2.87,1.85,0
100_5,1467373580,2508,15.00,2.87,0.00,0
100_5,1467374521,2522,15.00,2.87,0.00,0
100_5,1467375461,2526,16.00,2.87,0.00,0
100_5,1467376402,2552,16.00,2.87,0.00,0
100_5,1467377343,2562,16.00,2.87,0.00,0
100_5,1467378283,2599,17.00,2.87,0.00,0
100_5,1467379224,2381,17.00,2.87,0.00,0
100_5,1467380165,2601,17.00,2.87,1.85,0
100_5,1467381106,2458,17.00,2.87,0.00,0
100_5,1467382047,2106,17.00,2.87,0.00,0
100_5,1467382988,2355,17.00,2.88,0.00,0
100_5,1467383930,2293,17.00,2.88,0.00,0
100_5,1467384871,2823,18.00,2.88,1.86,0
100_5,1467385812,2715,18.00,2.87,0.00,0
100_5,1467386754,2788,19.00,2.88,0.00,0
100_5,1467387696,0,19.00,2.88,0.00,0
100_5,1467388638,2843,19.00,2.88,1.87,0
100_5,1467389579,2068,20.00,2.88,0.00,0
100_5,1467390521,2845,19.00,2.87,1.87,0
100_5,1467391463,2798,19.00,2.88,0.00,0
100_5,1467392405,2816,19.00,2.88,0.00,0
100_5,1467393347,2843,19.00,2.88,0.00,0
100_5,1467394289,2844,19.00,2.88,1.87,0
100_5,1467395231,2842,19.00,2.88,1.87,0
100_5,1467396173,2830,19.00,2.88,1.87,0
100_5,1467397114,2825,18.00,2.88,1.87,0
100_5,1467398056,2825,18.00,2.88,1.86,0
100_5,1467398997,2510,18.00,2.88,0.00,0
100_5,1467399938,2682,17.00,2.88,1.86,0
100_5,1467400879,2633,17.00,2.88,1.85,0
100_5,1467401820,2573,16.00,2.88,0.00,0
100_5,1467402761,2568,16.00,2.88,0.00,0
100_5,1467403702,2529,16.00,2.88,0.00,0
100_5,1467404642,2489,15.00,2.88,0.00,0
100_5,1467405583,3,15.00,2.88,0.00,0
100_5,1467406523,2515,15.00,2.88,0.00,0
100_5,1467407463,2494,15.00,2.88,0.00,0
100_5,1467408403,2473,14.00,2.88,1.84,0
100_5,1467409343,2448,14.00,2.88,0.00,0
100_5,1467410283,618,14.00,2.88,0.00,0
100_5,1467411223,2346,13.00,2.88,0.00,0
100_5,1467412163,2208,13.00,2.88,0.00,0
100_5,1467413102,2347,13.00,2.88,1.83,0
100_5,1467414042,2274,13.00,2.88,0.00,0
100_5,1467414982,2040,13.00,2.88,0.00,0
100_5,1467415921,2334,12.00,2.88,1.84,0
100_5,1467416861,2259,13.00,2.88,0.00,0
100_5,1467417800,556,12.00,2.88,0.00,0
100_5,1467418740,2333,13.00,2.88,1.84,0
100_5,1467419679,2330,12.00,2.89,0.00,0
100_5,1467420619,2221,12.00,2.88,0.00,0
100_5,1467421558,2316,13.00,2.88,0.00,0
100_5,1467422498,0,12.00,2.88,0.00,0
100_5,1467423437,2331,12.00,2.88,0.00,0
100_5,1467424377,2331,12.00,2.88,1.84,0
100_5,1467425316,2290,13.00,2.88,0.00,0
100_5,1467426255,2330,12.00,2.88,0.00,0
100_5,1467427195,1585,12.00,2.88,0.00,0
100_5,1467428134,2294,12.00,2.88,0.00,0
100_5,1467429074,1467,12.00,2.88,0.00,0
100_5,1467430013,2333,12.00,2.88,0.00,0
100_5,1467430953,2334,12.00,2.88,0.00,0
100_5,1467431892,1461,12.00,2.88,0.00,0
100_5,1467432832,2326,12.00,2.89,0.00,0
100_5,1467433771,2274,12.00,2.88,0.00,0
100_5,1467434711,2337,13.00,2.89,0.00,0
100_5,1467435650,2344,13.00,2.88,0.00,0
100_5,1467436590,2366,13.00,2.88,0.00,0
100_5,1467437529,0,13.00,2.88,0.00,0
100_5,1467438469,2432,13.00,2.88,0.00,0
100_5,1467439409,2379,13.00,2.89,0.00,0
100_5,1467440348,2411,13.00,2.88,0.00,0
100_5,1467441288,2365,13.00,2.89,0.00,0
100_5,1467442228,1757,13.00,2.88,0.00,0
100_5,1467443167,2451,13.00,2.88,1.85,0
100_5,1467444107,2411,13.00,2.89,0.00,0
100_5,1467445047,869,13.00,2.89,0.00,0
100_5,1467445987,2457,13.00,2.88,1.85,0
100_5,1467446926,2462,13.00,2.89,1.85,0
100_5,1467447866,1837,13.00,2.88,0.00,0
100_5,1467448806,2394,14.00,2.88,0.00,0
100_5,1467449746,2322,14.00,2.89,0.00,0
100_5,1467450686,2486,14.00,2.88,1.85,0
100_5,1467451626,2496,14.00,2.89,1.85,0
100_5,1467452566,2498,14.00,2.88,1.85,0
100_5,1467453506,1404,14.00,2.88,0.00,0
100_5,1467454446,2279,15.00,2.89,0.00,0
100_5,1467455386,2496,15.00,2.89,0.00,0
100_5,1467456326,2557,15.00,2.89,1.86,0
100_5,1467457267,1212,15.00,2.89,0.00,0
100_5,1467458207,2553,15.00,2.89,0.00,0
100_5,1467459148,2555,15.00,2.89,0.00,0
100_5,1467460088,2533,15.00,2.89,0.00,0
100_5,1467461028,2561,15.00,2.89,0.00,0
100_5,1467461969,2562,15.00,2.89,0.00,0
100_5,1467462909,2563,15.00,2.89,1.85,0
100_5,1467463850,2562,15.00,2.88,1.85,0
100_5,1467464790,2556,15.00,2.89,1.85,0
100_5,1467465730,2526,15.00,2.89,0.00,0
100_5,1467466671,2154,15.00,2.89,0.00,0
100_5,1467467611,1713,14.00,2.89,0.00,0
100_5,1467468551,2523,14.00,2.89,0.00,0
100_5,1467469491,1650,14.00,2.88,0.00,0
100_5,1467470431,1481,14.00,2.88,0.00,0
100_5,1467471371,2526,14.00,2.89,0.00,0
100_5,1467472311,2534,15.00,2.89,0.00,0
100_5,1467473252,2373,15.00,2.89,0.00,0
100_5,1467474192,2545,15.00,2.88,0.00,0
100_5,1467475132,2241,15.00,2.89,0.00,0
100_5,1467476073,2117,15.00,2.89,0.00,0
100_5,1467477013,2519,15.00,2.88,0.00,0
100_5,1467477953,2532,15.00,2.89,1.85,0
100_5,1467478893,2529,15.00,2.89,1.85,0
100_5,1467479833,2525,15.00,2.89,0.00,0
100_5,1467480774,2507,15.00,2.88,0.00,0
100_5,1467481714,2524,14.00,2.89,1.85,0
100_5,1467482654,2524,14.00,2.89,1.85,0
100_5,1467483594,2524,14.00,2.89,1.85,0
100_5,1467484534,2525,14.00,2.89,1.85,0
100_5,1467485474,2526,15.00,2.89,1.85,0
100_5,1467486414,2525,15.00,2.89,1.85,0
100_5,1467487355,2524,15.00,2.89,1.85,0
100_5,1467488295,2524,15.00,2.89,1.85,0
100_5,1467489235,2522,15.00,2.89,1.85,0
100_5,1467490175,2522,14.00,2.89,0.00,0
100_5,1467491115,2518,14.00,2.89,0.00,0
100_5,1467492055,2521,15.00,2.89,1.85,0
100_5,1467492995,2520,14.00,2.89,1.85,0
100_5,1467493936,2520,14.00,2.89,1.85,0
100_5,1467494876,1433,14.00,2.89,0.00,0
100_5,1467495816,2514,14.00,2.89,0.00,0
100_5,1467496756,2505,14.00,2.89,0.00,0
100_5,1467497695,2496,14.00,2.89,0.00,0
100_5,1467498635,2492,14.00,2.89,0.00,0
100_5,1467499575,2490,14.00,2.89,0.00,0
100_5,1467500515,2487,14.00,2.89,0.00,0
100_5,1467501455,2118,13.00,2.89,0.00,0
100_5,1467502395,2485,14.00,2.89,0.00,0
100_5,1467503334,2485,14.00,2.89,1.85,0
100_5,1467504274,1963,13.00,2.89,0.00,0
100_5,1467505214,2482,13.00,2.89,1.85,0
100_5,1467506154,2481,13.00,2.89,1.85,0
100_5,1467507094,2481,14.00,2.89,1.85,0
100_5,1467508033,2480,13.00,2.89,0.00,0
100_5,1467508973,2480,13.00,2.89,0.00,0
100_5,1467509913,2479,13.00,2.89,0.00,0
100_5,1467510852,2478,13.00,2.89,0.00,0
100_5,1467511792,2473,13.00,2.89,0.00,0
100_5,1467512732,2478,13.00,2.89,0.00,0
100_5,1467513672,2477,13.00,2.89,0.00,0
100_5,1467514611,2264,13.00,2.89,0.00,0
100_5,1467515551,2440,13.00,2.89,0.00,0
100_5,1467516491,2480,13.00,2.89,1.85,0
100_5,1467517431,2480,14.00,2.89,1.85,0
100_5,1467518370,2318,14.00,2.89,0.00,0
100_5,1467519310,2413,13.00,2.89,0.00,0
100_5,1467520250,2395,13.00,2.89,0.00,0
100_5,1467521190,2399,14.00,2.89,0.00,0
100_5,1467522130,2440,14.00,2.89,0.00,0
100_5,1467523069,1378,14.00,2.89,0.00,0
100_5,1467524009,2486,14.00,2.89,1.85,0
100_5,1467524949,2136,14.00,2.89,0.00,0
100_5,1467525889,1990,14.00,2.89,0.00,0
100_5,1467526829,2484,14.00,2.89,1.85,0
100_5,1467527769,2485,14.00,2.89,1.85,0
100_5,1467528709,2488,14.00,2.89,1.85,0
100_5,1467529648,2494,14.00,2.89,1.85,0
100_5,1467530588,2489,13.00,2.89,1.85,0
100_5,1467531528,2489,14.00,2.89,1.85,0
100_5,1467532468,2494,14.00,2.90,1.85,0
100_5,1467533408,2510,14.00,2.89,1.85,0
100_5,1467534348,2423,14.00,2.89,0.00,0
100_5,1467535288,2514,14.00,2.89,1.85,0
100_5,1467536228,2514,14.00,2.89,1.86,0
100_5,1467537168,2516,14.00,2.89,0.00,0
100_5,1467538108,2260,14.00,2.89,0.00,0
100_5,1467539048,2521,14.00,2.89,1.85,0
100_5,1467539989,2524,14.00,2.89,1.85,0
100_5,1467540929,2523,15.00,2.89,1.85,0
100_5,1467541869,2522,15.00,2.89,1.86,0
100_5,1467542809,2522,15.00,2.89,1.85,0
100_5,1467543749,2523,15.00,2.89,1.85,0
100_5,1467544689,2526,15.00,2.89,1.85,0
100_5,1467545630,2533,15.00,2.89,1.85,0
100_5,1467546570,2534,15.00,2.90,1.85,0
100_5,1467547510,2534,15.00,2.90,1.85,0
100_5,1467548451,2548,15.00,2.89,1.86,0
100_5,1467549391,2549,15.00,2.89,1.86,0
100_5,1467550332,2563,16.00,2.89,1.86,0
100_5,1467551272,2583,16.00,2.89,1.86,0
100_5,1467552213,2610,16.00,2.90,1.86,0
100_5,1467553153,2719,16.00,2.90,1.86,0
100_5,1467554094,2739,16.00,2.89,1.86,0
100_5,1467555035,2799,17.00,2.89,1.86,0
100_5,1467555976,2799,17.00,2.90,1.86,0
100_5,1467556917,2804,17.00,2.89,1.87,0
100_5,1467557858,2806,17.00,2.89,1.87,0
100_5,1467558799,2808,17.00,2.89,1.87,0
100_5,1467559740,2809,17.00,2.90,1.87,0
100_5,1467560681,2810,17.00,2.89,1.87,0
100_5,1467561622,2812,17.00,2.90,1.87,0
100_5,1467562563,2813,17.00,2.89,1.87,0
100_5,1467563504,2812,17.00,2.89,1.87,0
100_5,1467564446,2812,17.00,2.90,1.87,0
100_5,1467565387,2812,17.00,2.90,1.87,0
100_5,1467566328,2812,17.00,2.90,1.87,0
100_5,1467567269,2812,17.00,2.90,1.87,0
100_5,1467568210,2806,17.00,2.89,1.87,0
100_5,1467569151,2806,17.00,2.89,1.87,0
100_5,1467570092,2811,17.00,2.89,1.87,0
100_5,1467571033,2809,17.00,2.90,1.87,0
100_5,1467571974,2806,17.00,2.89,1.87,0
100_5,1467572915,2709,17.00,2.89,1.86,0
100_5,1467573856,2649,16.00,2.90,1.86,0
100_5,1467574797,2645,16.00,2.89,1.86,0
100_5,1467575738,2637,16.00,2.90,1.86,0
100_5,1467576678,2624,16.00,2.90,1.86,0
100_5,1467577619,2613,16.00,2.89,1.86,0
100_5,1467578560,2605,16.00,2.90,1.86,0
100_5,1467579500,2580,16.00,2.90,1.86,0
100_5,1467580441,2557,15.00,2.90,1.86,0
100_5,1467581381,2536,15.00,2.90,0.00,0
100_5,1467582322,2551,15.00,2.89,1.85,0
100_5,1467583262,1572,15.00,2.90,0.00,0
100_5,1467584203,2549,15.00,2.90,1.85,0
100_5,1467585143,0,15.00,2.90,0.00,0
100_5,1467586083,3,15.00,2.90,0.00,0
100_5,1467587024,5,15.00,2.90,0.00,0
100_5,1467587964,2538,14.00,2.90,1.85,0
100_5,1467588904,2222,15.00,2.90,0.00,0
100_5,1467589844,53,15.00,2.90,0.00,0
100_5,1467590785,1885,15.00,2.90,0.00,0
100_5,1467591725,417,14.00,2.90,0.00,0
100_5,1467592665,2531,14.00,2.90,0.00,0
100_5,1467593605,2531,15.00,2.90,0.00,0
100_5,1467594545,2522,14.00,2.90,0.00,0
100_5,1467595485,2441,14.00,2.90,0.00,0
100_5,1467596426,2527,14.00,2.90,0.00,0
100_5,1467597366,2526,14.00,2.90,0.00,0
100_5,1467598306,2525,14.00,2.90,0.00,0
100_5,1467599246,2196,14.00,2.90,0.00,0
100_5,1467600186,2355,14.00,2.90,1.85,0
100_5,1467601126,2528,14.00,2.90,0.00,0
100_5,1467602066,2524,14.00,2.90,0.00,0
100_5,1467603006,2525,14.00,2.89,0.00,0
100_5,1467603946,2525,14.00,2.90,0.00,0
100_5,1467604886,2529,14.00,2.90,1.85,0
100_5,1467605826,2529,14.00,2.89,1.85,0
100_5,1467606767,2530,14.00,2.90,1.85,0
100_5,1467607707,2532,14.00,2.90,1.85,0
100_5,1467608647,2534,15.00,2.90,1.85,0
100_5,1467609587,2534,15.00,2.90,1.85,0
100_5,1467610527,2534,15.00,2.90,1.85,0
100_5,1467611468,2534,15.00,2.90,1.85,0
100_5,1467612408,2535,14.00,2.90,1.86,0
100_5,1467613348,2534,15.00,2.89,1.85,0
100_5,1467614288,2538,15.00,2.90,1.85,0
100_5,1467615228,2550,15.00,2.89,1.85,0
100_5,1467616169,2545,15.00,2.90,1.85,0
100_5,1467617109,2537,15.00,2.90,1.85,0
100_5,1467618049,282,15.00,2.90,0.02,0
100_5,1467618989,2532,14.00,2.90,1.85,0
100_5,1467619930,2531,15.00,2.90,1.85,0
100_5,1467620870,2465,14.00,2.90,0.00,0
100_5,1467621810,0,14.00,2.90,0.00,0
100_5,1467622750,1533,14.00,2.90,0.00,0
100_5,1467623690,2045,14.00,2.90,0.00,0
100_5,1467624630,2315,14.00,2.90,0.00,0
100_5,1467625570,1787,15.00,2.90,0.00,0
100_5,1467626511,2539,14.00,2.90,1.85,0
100_5,1467627451,2540,15.00,2.90,1.85,0
100_5,1467628391,759,14.00,2.90,0.00,0
100_5,1467629331,376,15.00,2.90,0.00,0
100_5,1467630272,2564,15.00,2.90,1.86,0
100_5,1467631212,1992,15.00,2.90,0.00,0
100_5,1467632152,2467,15.00,2.90,0.00,0
100_5,1467633093,2797,16.00,2.90,0.00,0
100_5,1467634034,2790,16.00,2.90,0.00,0
100_5,1467634975,2617,16.00,2.90,0.00,0
100_5,1467635915,2732,16.00,2.90,0.00,0
100_5,1467636856,2811,16.00,2.90,1.86,0
100_5,1467637797,2810,16.00,2.90,0.00,0
100_5,1467638738,2805,16.00,2.90,1.86,0
100_5,1467639679,2795,16.00,2.90,0.00,0
100_5,1467640619,2830,17.00,2.90,1.87,0
100_5,1467641560,2834,17.00,2.90,1.87,0
100_5,1467642502,2835,17.00,2.90,1.87,0
100_5,1467643443,2790,18.00,2.90,0.00,0
100_5,1467644384,2838,18.00,2.90,0.00,0
100_5,1467645326,2856,18.00,2.90,1.87,0
100_5,1467646267,2853,18.00,2.90,1.87,0
100_5,1467647209,2852,18.00,2.90,1.87,0
100_5,1467648150,2854,18.00,2.90,1.87,0
100_5,1467649092,2858,19.00,2.90,1.87,0
100_5,1467650034,2861,19.00,2.90,1.87,0
100_5,1467650975,0,19.00,2.90,0.00,0
100_5,1467651917,2846,18.00,2.90,1.87,0
100_5,1467652858,2839,18.00,2.90,1.87,0
100_5,1467653800,2831,17.00,2.90,1.87,0
100_5,1467654741,2614,16.00,2.90,0.00,0
100_5,1467655681,2555,15.00,2.90,0.00,0
100_5,1467656622,2496,15.00,2.90,0.00,0
100_5,1467657562,2475,15.00,2.90,0.00,0
100_5,1467658502,2576,16.00,2.90,0.00,0
100_5,1467659443,2589,15.00,2.90,0.00,0
100_5,1467660383,2576,15.00,2.90,0.00,0
100_5,1467661324,2503,15.00,2.90,0.00,0
100_5,1467662264,2445,15.00,2.90,0.00,0
100_5,1467663205,2562,15.00,2.90,1.85,0
100_5,1467664145,2561,15.00,2.90,0.00,0
100_5,1467665085,2561,15.00,2.90,0.00,0
100_5,1467666026,2561,15.00,2.90,0.00,0
100_5,1467666966,2553,15.00,2.90,0.00,0
100_5,1467667906,2549,15.00,2.90,1.85,0
100_5,1467668846,2547,15.00,2.90,1.85,0
100_5,1467669786,2404,14.00,2.91,0.00,0
100_5,1467670727,2546,14.00,2.90,0.00,0
100_5,1467671667,2546,14.00,2.90,0.00,0
100_5,1467672607,2544,14.00,2.90,0.00,0
100_5,1467673547,2543,14.00,2.91,0.00,0
100_5,1467674487,2543,14.00,2.90,1.85,0
100_5,1467675427,2336,14.00,2.91,0.00,0
100_5,1467676367,2494,14.00,2.90,0.00,0
100_5,1467677307,2542,14.00,2.90,1.85,0
100_5,1467678247,2542,14.00,2.90,1.85,0
100_5,1467679187,2541,14.00,2.90,0.00,0
100_5,1467680127,2541,14.00,2.90,1.85,0
100_5,1467681068,2541,14.00,2.90,1.85,0
100_5,1467682008,2529,14.00,2.90,0.00,0
100_5,1467682948,2507,14.00,2.90,0.00,0
100_5,1467683888,2538,14.00,2.91,1.85,0
100_5,1467684828,2536,14.00,2.90,1.85,0
100_5,1467685767,2132,14.00,2.90,0.00,0
100_5,1467686707,2396,14.00,2.90,0.00,0
100_5,1467687647,2532,14.00,2.90,1.86,0
100_5,1467688587,2533,13.00,2.90,1.85,0
100_5,1467689527,2533,14.00,2.90,1.85,0
100_5,1467690467,2535,14.00,2.90,0.00,0
100_5,1467691407,2495,14.00,2.90,0.00,0
100_5,1467692347,2536,14.00,2.90,0.00,0
100_5,1467693287,2402,14.00,2.90,0.00,0
100_5,1467694227,2091,14.00,2.90,0.00,0
100_5,1467695167,2537,14.00,2.90,1.85,0
100_5,1467696107,2539,14.00,2.90,1.85,0
100_5,1467697047,2544,14.00,2.91,0.00,0
100_5,1467697987,2526,14.00,2.90,0.00,0
100_5,1467698927,2554,14.00,2.91,1.85,0
100_5,1467699867,2051,15.00,2.90,0.00,0
100_5,1467700808,2554,14.00,2.90,1.86,0
100_5,1467701748,2553,15.00,2.91,1.85,0
100_5,1467702688,2553,14.00,2.90,1.86,0
100_5,1467703628,2554,15.00,2.91,1.86,0
100_5,1467704568,2557,15.00,2.90,1.86,0
100_5,1467705508,2560,15.00,2.90,1.86,0
100_5,1467706449,2689,15.00,2.91,0.00,0
100_5,1467707389,818,15.00,2.90,0.00,0
100_5,1467708330,2671,15.00,2.91,1.86,0
100_5,1467709270,2663,15.00,2.91,0.00,0
100_5,1467710211,2673,15.00,2.90,1.86,0
100_5,1467711151,2558,16.00,2.90,0.00,0
100_5,1467712092,2809,16.00,2.90,1.86,0
100_5,1467713032,2744,16.00,2.91,0.00,0
100_5,1467713973,2820,16.00,2.90,0.00,0
100_5,1467714914,2812,16.00,2.90,0.00,0
100_5,1467715854,2824,16.00,2.90,0.00,0
100_5,1467716795,2815,16.00,2.90,1.86,0
100_5,1467717736,2619,16.00,2.90,0.00,0
100_5,1467718677,2826,17.00,2.91,1.87,0
100_5,1467719618,2545,17.00,2.90,0.00,0
100_5,1467720559,2827,17.00,2.90,1.87,0
100_5,1467721500,2828,17.00,2.90,1.87,0
100_5,1467722441,2747,17.00,2.90,0.00,0
100_5,1467723382,2755,17.00,2.90,0.00,0
100_5,1467724323,2801,18.00,2.91,0.00,0
100_5,1467725264,2845,17.00,2.91,0.00,0
100_5,1467726206,2756,18.00,2.91,0.00,0
100_5,1467727147,2870,19.00,2.90,1.88,0
100_5,1467728089,2804,19.00,2.91,0.00,0
100_5,1467729031,2755,19.00,2.90,0.00,0
100_5,1467729972,2872,19.00,2.90,1.88,0
100_5,1467730914,2858,20.00,2.90,1.88,0
100_5,1467731856,2861,20.00,2.91,1.88,0
100_5,1467732799,2860,20.00,2.90,1.88,0
100_5,1467733741,2860,20.00,2.91,0.00,0
100_5,1467734683,2863,19.00,2.90,1.88,0
100_5,1467735625,2862,19.00,2.90,1.88,0
100_5,1467736567,2774,19.00,2.90,0.00,0
100_5,1467737508,2854,18.00,2.90,1.87,0
100_5,1467738450,2849,18.00,2.90,1.87,0
100_5,1467739391,2833,18.00,2.91,1.87,0
100_5,1467740332,2818,17.00,2.91,1.87,0
100_5,1467741273,2824,17.00,2.90,1.87,0
100_5,1467742214,2824,17.00,2.90,1.87,0
100_5,1467743155,2828,17.00,2.91,1.87,0
100_5,1467744096,2828,17.00,2.91,1.87,0
100_5,1467745037,2825,17.00,2.90,1.87,0
100_5,1467745979,2823,17.00,2.91,1.87,0
100_5,1467746920,2820,17.00,2.90,1.87,0
100_5,1467747860,2665,16.00,2.91,1.86,0
100_5,1467748801,2545,15.00,2.90,1.85,0
100_5,1467749741,2537,14.00,2.91,1.85,0
100_5,1467750681,2537,14.00,2.91,1.85,0
100_5,1467751621,2537,14.00,2.90,1.85,0
100_5,1467752561,2537,14.00,2.91,1.85,0
100_5,1467753501,2533,14.00,2.91,1.85,0
100_5,1467754441,2533,14.00,2.91,0.00,0
100_5,1467755380,2523,13.00,2.90,0.00,0
100_5,1467756320,2488,13.00,2.91,0.00,0
100_5,1467757260,2513,13.00,2.90,1.85,0
100_5,1467758200,2190,13.00,2.91,0.00,0
100_5,1467759140,2507,13.00,2.91,1.85,0
100_5,1467760079,2501,13.00,2.91,1.85,0
100_5,1467761019,2492,13.00,2.91,0.00,0
100_5,1467761959,2475,13.00,2.91,0.00,0
100_5,1467762898,2492,13.00,2.91,0.00,0
100_5,1467763838,2487,12.00,2.90,0.00,0
100_5,1467764777,2493,13.00,2.91,1.85,0
100_5,1467765717,2492,13.00,2.90,1.85,0
100_5,1467766657,2488,12.00,2.90,1.85,0
100_5,1467767596,2105,12.00,2.91,0.00,0
100_5,1467768536,2485,13.00,2.91,1.85,0
100_5,1467769475,2479,13.00,2.91,0.00,0
100_5,1467770415,2432,13.00,2.91,0.00,0
100_5,1467771354,2483,12.00,2.91,1.85,0
100_5,1467772294,2483,12.00,2.91,1.85,0
100_5,1467773233,2483,13.00,2.91,1.85,0
100_5,1467774173,2482,12.00,2.91,0.00,0
100_5,1467775112,2484,12.00,2.91,1.85,0
100_5,1467776052,2401,13.00,2.90,0.00,0
100_5,1467776991,2484,13.00,2.91,1.85,0
100_5,1467777931,2484,12.00,2.91,1.85,0
100_5,1467778870,2485,12.00,2.91,1.85,0
100_5,1467779810,2485,13.00,2.91,1.85,0
100_5,1467780749,2487,13.00,2.91,1.85,0
100_5,1467781689,2487,13.00,2.91,1.85,0
100_5,1467782628,2463,13.00,2.91,0.00,0
100_5,1467783568,2491,13.00,2.91,1.85,0
100_5,1467784508,2494,13.00,2.91,1.85,0
100_5,1467785447,1927,13.00,2.91,0.00,0
100_5,1467786387,2512,13.00,2.91,1.85,0
100_5,1467787327,2522,13.00,2.91,1.85,0
100_5,1467788266,2428,13.00,2.90,0.00,0
100_5,1467789206,2523,13.00,2.90,1.85,0
100_5,1467790146,2522,13.00,2.91,1.85,0
100_5,1467791086,2524,13.00,2.90,1.85,0
100_5,1467792025,2525,13.00,2.91,0.00,0
100_5,1467792965,2510,13.00,2.91,0.00,0
100_5,1467793905,2496,14.00,2.91,0.00,0
100_5,1467794845,2076,13.00,2.91,0.00,0
100_5,1467795785,2402,14.00,2.91,0.00,0
100_5,1467796725,2446,14.00,2.90,0.00,0
100_5,1467797664,2537,14.00,2.91,1.85,0
100_5,1467798604,2543,14.00,2.90,1.85,0
100_5,1467799544,2546,14.00,2.91,1.85,0
100_5,1467800484,2325,14.00,2.91,0.03,0
100_5,1467801424,2542,14.00,2.91,0.00,0
100_5,1467802364,2549,14.00,2.91,1.85,0
100_5,1467803304,2542,14.00,2.90,1.85,0
100_5,1467804244,2557,14.00,2.91,0.00,0
100_5,1467805184,2510,14.00,2.91,0.00,0
100_5,1467806124,2550,15.00,2.91,0.00,0
100_5,1467807064,2610,15.00,2.91,1.86,0
100_5,1467808005,2674,15.00,2.91,1.86,0
100_5,1467808945,2624,15.00,2.91,1.86,0
100_5,1467809885,2654,15.00,2.91,0.00,0
100_5,1467810826,2781,15.00,2.91,0.00,0
100_5,1467811766,2783,16.00,2.91,0.00,0
100_5,1467812707,2759,16.00,2.91,0.00,0
100_5,1467813647,2828,16.00,2.91,0.00,0
100_5,1467814588,2827,16.00,2.91,0.00,0
100_5,1467815529,2825,17.00,2.91,0.00,0
100_5,1467816470,2817,17.00,2.91,0.00,0
100_5,1467817411,2825,17.00,2.91,0.00,0
100_5,1467818352,2810,17.00,2.91,0.00,0
100_5,1467819293,2704,17.00,2.91,0.00,0
100_5,1467820234,2750,17.00,2.91,0.00,0
100_5,1467821175,2675,17.00,2.91,0.00,0
100_5,1467822116,2836,17.00,2.91,0.00,0
100_5,1467823058,2855,18.00,2.91,1.87,0
100_5,1467823999,2855,18.00,2.91,1.87,0
100_5,1467824941,2849,18.00,2.91,0.00,0
100_5,1467825882,2856,18.00,2.91,1.87,0
100_5,1467826824,2855,18.00,2.91,1.87,0
100_5,1467827765,2837,18.00,2.91,1.87,0
100_5,1467828706,2441,17.00,2.91,0.00,0
100_5,1467829647,2829,17.00,2.91,1.87,0
100_5,1467830588,2832,16.00,2.91,1.87,0
100_5,1467831528,2824,16.00,2.91,1.87,0
100_5,1467832469,2728,16.00,2.91,0.00,0
100_5,1467833410,2653,15.00,2.91,1.86,0
100_5,1467834350,2595,15.00,2.91,1.86,0
100_5,1467835290,2577,15.00,2.91,1.86,0
100_5,1467836230,2552,14.00,2.91,0.00,0
100_5,1467837170,2548,14.00,2.91,1.86,0
100_5,1467838110,2544,14.00,2.91,1.85,0
100_5,1467839050,2539,14.00,2.91,1.85,0
100_5,1467839990,2537,13.00,2.91,1.85,0
100_5,1467840930,2531,14.00,2.91,1.85,0
100_5,1467841869,2513,13.00,2.91,1.85,0
100_5,1467842809,2226,12.00,2.90,0.00,0
100_5,1467843749,2490,13.00,2.91,0.00,0
100_5,1467844688,2484,13.00,2.91,0.00,0
100_5,1467845627,2204,12.00,2.91,0.00,0
100_5,1467846567,2435,12.00,2.91,1.85,0
100_5,1467847506,2399,12.00,2.91,1.85,0
100_5,1467848445,1792,12.00,2.91,0.00,0
100_5,1467849384,2346,12.00,2.91,0.00,0
100_5,1467850324,2367,11.00,2.91,0.00,0
100_5,1467851263,2329,11.00,2.91,0.00,0
100_5,1467852202,2342,11.00,2.91,1.84,0
100_5,1467853141,2337,11.00,2.91,1.84,0
100_5,1467854080,2258,11.00,2.91,0.00,0
100_5,1467855019,2330,11.00,2.91,0.00,0
100_5,1467855958,3459,11.00,2.91,0.00,0
100_5,1467856896,3792,11.00,2.91,0.00,0
100_5,1467857835,3837,11.00,2.91,0.00,0
100_5,1467858774,3844,10.00,2.91,0.87,0
100_5,1467859713,3825,10.00,2.91,0.87,0
100_5,1467860651,3810,10.00,2.91,0.86,0
100_5,1467861590,3806,9.00,2.91,0.86,0
100_5,1467862529,3807,9.00,2.91,0.86,0
100_5,1467863467,3800,10.00,2.91,0.00,0
100_5,1467864406,3802,9.00,2.91,0.00,0
100_5,1467865344,3802,10.00,2.91,0.00,0
100_5,1467866283,3791,10.00,2.91,0.00,0
100_5,1467867221,3835,10.00,2.91,0.86,0
100_5,1467868160,3852,10.00,2.91,0.88,0
100_5,1467869099,3809,11.00,2.91,0.00,0
100_5,1467870038,2282,11.00,2.91,0.00,0
100_5,1467870977,2358,11.00,2.90,0.00,0
100_5,1467871916,2424,11.00,2.91,1.85,0
100_5,1467872855,2486,12.00,2.91,0.00,0
100_5,1467873794,2439,12.00,2.91,0.00,0
100_5,1467874734,2441,13.00,2.91,0.00,0
100_5,1467875673,2589,14.00,2.91,0.00,0
100_5,1467876613,2835,15.00,2.91,1.87,0
100_5,1467877554,2837,16.00,2.91,0.00,0
100_5,1467878494,2837,16.00,2.91,1.87,0
100_5,1467879435,2838,16.00,2.91,0.32,0
100_5,1467880376,2856,17.00,2.91,1.87,0
100_5,1467881317,2860,17.00,2.91,1.87,0
100_5,1467882258,2860,18.00,2.91,1.87,0
100_5,1467883199,2862,18.00,2.91,1.87,0
100_5,1467884141,2861,18.00,2.91,1.87,0
100_5,1467885082,2856,18.00,2.91,0.00,0
100_5,1467886023,2858,17.00,2.91,1.87,0
100_5,1467886964,2858,18.00,2.91,1.87,0
100_5,1467887905,2858,17.00,2.91,0.00,0
100_5,1467888847,2883,19.00,2.91,0.00,0
100_5,1467889788,2882,19.00,2.91,1.88,0
100_5,1467890730,2875,20.00,2.91,1.89,0
100_5,1467891672,2875,20.00,2.91,1.89,0
100_5,1467892614,2880,20.00,2.91,1.89,0
100_5,1467893557,2882,20.00,2.91,0.00,0
100_5,1467894499,2853,21.00,2.91,0.00,0
100_5,1467895442,2984,21.00,2.91,0.00,0
100_5,1467896384,2880,21.00,2.91,1.89,0
100_5,1467897326,2953,21.00,2.91,1.89,0
100_5,1467898269,2994,21.00,2.91,1.89,0
100_5,1467899211,3033,21.00,2.91,1.90,0
100_5,1467900154,3036,21.00,2.91,1.90,0
100_5,1467901096,2872,21.00,2.91,1.89,0
100_5,1467902038,2870,19.00,2.91,1.88,0
100_5,1467902980,2822,18.00,2.91,1.87,0
100_5,1467903921,2648,15.00,2.91,1.85,0
100_5,1467904861,2825,15.00,2.91,1.86,0
100_5,1467905802,2825,16.00,2.91,1.87,0
100_5,1467906742,2827,17.00,2.91,1.87,0
100_5,1467907683,2829,17.00,2.91,1.87,0
100_5,1467908624,2826,16.00,2.91,1.87,0
100_5,1467909565,2826,17.00,2.91,1.87,0
100_5,1467910506,2826,17.00,2.91,1.87,0
100_5,1467911447,2825,16.00,2.91,1.87,0
100_5,1467912388,2825,17.00,2.91,1.87,0
100_5,1467913329,2825,17.00,2.91,1.87,0
100_5,1467914270,2827,17.00,2.91,1.87,0
100_5,1467915211,2826,17.00,2.91,0.00,0
100_5,1467916152,2826,17.00,2.91,1.87,0
100_5,1467917093,2825,17.00,2.91,1.87,0
100_5,1467918033,2825,17.00,2.91,1.86,0
100_5,1467918974,2820,16.00,2.91,1.86,0
100_5,1467919915,2748,16.00,2.91,1.86,0
100_5,1467920855,2714,15.00,2.91,0.00,0
100_5,1467921796,2667,15.00,2.91,0.00,0
100_5,1467922736,2617,15.00,2.91,1.85,0
100_5,1467923676,2593,15.00,2.91,1.85,0
100_5,1467924617,2580,15.00,2.91,1.85,0
100_5,1467925557,2581,15.00,2.91,1.85,0
100_5,1467926497,2582,14.00,2.91,1.85,0
100_5,1467927437,2579,15.00,2.91,1.85,0
100_5,1467928377,2556,14.00,2.91,0.00,0
100_5,1467929317,2552,15.00,2.91,1.85,0
100_5,1467930257,2549,14.00,2.91,1.85,0
100_5,1467931197,2541,14.00,2.91,1.85,0
100_5,1467932137,2527,14.00,2.91,1.85,0
100_5,1467933077,2521,14.00,2.91,1.85,0
100_5,1467934017,2513,13.00,2.91,1.85,0
100_5,1467934957,2505,13.00,2.91,1.85,0
100_5,1467935897,2503,13.00,2.91,1.85,0
100_5,1467936836,2502,13.00,2.91,1.85,0
100_5,1467937776,2502,13.00,2.91,1.85,0
100_5,1467938715,2374,13.00,2.91,0.00,0
100_5,1467939655,2502,13.00,2.91,0.00,0
100_5,1467940595,2502,13.00,2.91,0.00,0
100_5,1467941534,2501,13.00,2.91,1.85,0
100_5,1467942474,2495,13.00,2.92,1.85,0
100_5,1467943413,2486,13.00,2.91,1.85,0
100_5,1467944353,1597,12.00,2.91,0.00,0
100_5,1467945292,2366,12.00,2.91,0.00,0
100_5,1467946232,2410,12.00,2.91,1.84,1
100_5,1467947171,2377,12.00,2.91,1.84,0
100_5,1467948111,2366,12.00,2.91,1.84,0
100_5,1467949050,2337,11.00,2.91,0.00,0
100_5,1467949989,2368,11.00,2.91,1.84,0
100_5,1467950928,2329,12.00,2.92,0.00,0
100_5,1467951867,2417,12.00,2.92,0.00,0
100_5,1467952806,2479,12.00,2.91,1.85,0
100_5,1467953746,2484,12.00,2.91,1.85,0
100_5,1467954685,2382,12.00,2.91,0.00,0
100_5,1467955625,2488,13.00,2.91,0.00,0
100_5,1467956564,2506,13.00,2.91,1.85,0
100_5,1467957504,2526,13.00,2.91,1.85,0
100_5,1467958444,2534,13.00,2.92,1.85,0
100_5,1467959383,2562,14.00,2.91,1.85,0
100_5,1467960323,2592,14.00,2.91,1.86,0
100_5,1467961264,1305,15.00,2.91,0.00,0
100_5,1467962204,2803,15.00,2.92,0.00,0
100_5,1467963144,2667,16.00,2.91,0.00,0
100_5,1467964085,2850,17.00,2.91,1.87,0
100_5,1467965026,2848,17.00,2.91,1.87,0
100_5,1467965967,2859,18.00,2.91,1.87,0
100_5,1467966909,2871,18.00,2.92,1.87,0
100_5,1467967850,2834,19.00,2.91,0.00,0
100_5,1467968792,2878,19.00,2.91,1.88,0
100_5,1467969734,2880,20.00,2.91,1.88,0
100_5,1467970676,2877,19.00,2.91,1.88,0
100_5,1467971617,2873,19.00,2.91,1.88,0
100_5,1466161913,2858,19.00,2.89,0.00,0
100_5,1466161940,2875,19.00,2.90,0.00,0
