101.4,1489262806,8269,3.22,3.30,0
101.4,1489263703,8220,2.03,3.30,1
101.4,1489264600,8239,1.05,3.30,2
101.4,1489265497,8253,0.52,3.30,3
101.4,1489266393,8266,0.59,3.30,4
101.4,1489267290,8745,-0.15,3.30,5
101.4,1489268186,8815,-0.83,3.30,6
101.4,1489269082,8920,-1.14,3.30,7
101.4,1489269978,8793,-1.24,3.30,8
101.4,1489270874,8791,-1.00,3.30,9
101.4,1489271770,8741,-0.86,3.30,10
101.4,1489272666,8774,-1.00,3.30,11
101.4,1489273562,8788,-1.21,3.30,12
101.4,1489274458,8736,-0.66,3.30,13
101.4,1489275355,8773,-1.48,3.30,14
101.4,1489276251,9270,-2.43,3.30,15
101.4,1489277146,9291,-4.22,3.30,16
101.4,1489277146,9291,-4.22,3.30,16
101.4,1489278941,9534,-5.00,3.30,17
101.4,1489278936,9803,-6.96,3.30,18
101.4,1489279830,9905,-7.94,3.30,19
101.4,1489280724,10005,-8.95,3.30,20
101.4,1489281618,10182,-9.64,3.30,21
101.4,1489282511,10196,-10.30,3.29,22
101.4,1489283405,10187,-10.43,3.29,23
101.4,1489284298,10199,-10.48,3.29,24
101.4,1489285192,10201,-10.84,3.29,25
101.4,1489286085,10188,-11.11,3.27,26
101.4,1489286978,10190,-11.34,3.27,27
101.4,1489287872,10168,-11.39,3.27,28
101.4,1489288765,10143,-11.48,3.27,29
101.4,1489289658,10138,-11.67,3.26,30
101.4,1489290551,10135,-11.76,3.27,31
101.4,1489291444,10132,-12.00,3.27,32
101.4,1489292337,10130,-11.67,3.25,33
101.4,1489293230,10124,-12.19,3.26,34
101.4,1489294123,10130,-12.28,3.23,35
101.4,1489295016,10125,-12.76,3.25,36
101.4,1489295909,10169,-12.86,3.23,37
101.4,1489296801,10188,-13.30,3.23,38
101.4,1489297694,10178,-13.85,3.22,39
101.4,1489298587,10225,-14.21,3.20,40
101.4,1489299479,10383,-14.72,3.21,41
101.4,1489300371,10393,-14.88,3.20,42
101.4,1489301264,10398,-15.36,3.19,43
101.4,1489302156,10402,-15.36,3.19,44
101.4,1489303048,10366,-15.95,3.18,45
101.4,1489303940,10357,-16.34,3.17,46
101.4,1489304832,10522,-16.62,3.17,47
101.4,1489305724,10539,-17.07,3.16,48
101.4,1489306615,10545,-17.30,3.15,49
101.4,1489307507,11075,-17.47,3.14,50
101.4,1489308399,11092,-17.82,3.13,51
101.4,1489309290,11059,-18.36,3.14,52
101.4,1489310182,11034,-18.91,3.13,53
101.4,1489311073,10946,-18.97,3.13,54
101.4,1489311964,10969,-19.28,3.11,55
101.4,1489312855,10967,-19.03,3.11,56
101.4,1489313746,10937,-19.41,3.11,57
101.4,1489314638,10818,-19.92,3.10,58
101.4,1489315529,10997,-20.11,3.10,59
101.4,1489316420,10971,-20.24,3.10,60
101.4,1489317311,11042,-20.24,3.09,61
101.4,1489318202,11074,-20.44,3.09,62
101.4,1489319093,11077,-20.57,3.09,63
101.4,1489319984,10915,-20.37,3.08,64
101.4,1489320875,10725,-20.44,3.07,65
101.4,1489321766,10953,-20.31,3.08,66
101.4,1489322657,10705,-20.05,3.08,67
101.4,1489323548,10904,-19.98,3.08,68
101.4,1489324439,11065,-20.24,3.07,69
101.4,1489325330,11092,-20.37,3.08,70
101.4,1489326221,11005,-20.50,3.08,71
101.4,1489327112,10989,-20.18,3.06,72
101.4,1489328003,10731,-20.11,3.08,73
101.4,1489328894,10928,-19.92,3.07,74
101.4,1489329786,11075,-19.66,3.07,75
101.4,1489330677,10592,-17.82,3.09,76
101.4,1489331569,10393,-16.62,3.09,77
101.4,1489332460,10381,-16.45,3.11,78
101.4,1489333352,10385,-16.17,3.10,79
101.4,1489334244,10274,-15.52,3.11,80
101.4,1489335137,10077,-13.70,3.13,81
101.4,1489336029,10057,-12.47,3.12,82
101.4,1489336922,10057,-11.76,3.13,83
101.4,1489337815,10049,-11.53,3.15,84
101.4,1489338708,9989,-10.88,3.16,85
101.4,1489339601,9988,-10.43,3.16,86
101.4,1489340495,9896,-10.25,3.17,87
101.4,1489341388,9828,-9.72,3.16,88
101.4,1489342282,9301,-8.31,3.17,89
101.4,1489343176,9263,-6.60,3.19,90
101.4,1489344070,9275,-5.58,3.18,91
101.4,1489344965,9275,-5.62,3.19,92
101.4,1489345859,9050,-5.12,3.19,93
101.4,1489346754,9015,-4.44,3.21,94
101.4,1489347649,8768,-3.77,3.22,95
101.4,1489348544,8629,-2.65,3.21,96
101.4,1489349440,8280,-1.66,3.23,97
101.4,1489350336,8213,-0.90,3.21,98
101.4,1489351232,8183,-0.11,3.24,99
101.4,1489352128,8153,0.46,3.25,100
101.4,1489353024,8255,0.06,3.24,101
101.4,1489353920,8744,-0.62,3.23,102
101.4,1489354816,8783,-0.96,3.25,103
101.4,1489355712,8762,-1.31,3.23,104
101.4,1489356608,8757,-1.21,3.23,105
101.4,1489357504,8744,-0.83,3.24,106
101.4,1489358399,8759,-1.17,3.24,107
101.4,1489359295,8851,-1.80,3.23,108
101.4,1489360191,8809,-1.87,3.24,109
101.4,1489361087,8810,-1.73,3.23,110
101.4,1489361982,8937,-2.26,3.23,111
101.4,1489362878,9270,-2.79,3.21,112
101.4,1489363773,9284,-3.88,3.22,113
101.4,1489364668,9298,-4.89,3.21,114
101.4,1489365562,9302,-5.58,3.20,115
101.4,1489366457,9536,-6.56,3.19,116
101.4,1489367351,9875,-7.86,3.19,117
101.4,1489368245,10012,-9.12,3.18,118
101.4,1489369138,10138,-10.43,3.16,119
101.4,1489370032,10101,-11.67,3.14,120
101.4,1489370925,10088,-12.57,3.14,121
101.4,1489371817,10079,-13.40,3.13,122
101.4,1489372710,10122,-13.90,3.12,123
101.4,1489373602,10075,-14.46,3.11,124
101.4,1489374495,10064,-14.99,3.11,125
101.4,1489375387,10124,-15.36,3.09,126
101.4,1489376279,10201,-15.79,3.08,127
101.4,1489377171,10322,-16.23,3.09,128
101.4,1489378063,10332,-16.51,3.09,129
101.4,1489378955,10333,-16.62,3.08,130
101.4,1489379847,10319,-17.13,3.08,131
101.4,1489380739,10307,-17.36,3.06,132
101.4,1489381630,10291,-17.30,3.06,133
101.4,1489382522,10470,-17.65,3.07,134
101.4,1489383414,10517,-17.82,3.05,135
101.4,1489384305,10517,-18.18,3.05,136
101.4,1489385197,10523,-18.42,3.04,137
101.4,1489386088,10523,-18.36,3.05,138
101.4,1489386980,10947,-18.66,3.03,139
101.4,1489387871,10516,-18.60,3.03,140
101.4,1489388763,10510,-18.54,3.04,141
101.4,1489389654,10941,-18.66,3.04,142
101.4,1489390546,11001,-18.91,3.03,143
101.4,1489391437,10991,-18.66,3.03,144
101.4,1489392329,11027,-18.91,3.03,145
101.4,1489393220,11027,-18.85,3.03,146
101.4,1489394111,11051,-19.03,3.02,147
101.4,1489395003,11074,-19.16,3.02,148
101.4,1489395894,11081,-19.28,3.03,149
101.4,1489396785,11083,-19.41,3.02,150
101.4,1489397676,11082,-19.47,3.02,151
101.4,1489398568,11090,-19.41,3.02,152
101.4,1489399459,11080,-19.66,3.02,153
101.4,1489400350,10976,-19.98,3.02,154
101.4,1489401241,10975,-19.72,3.00,155
101.4,1489402132,10866,-20.24,2.99,156
101.4,1489403023,10720,-20.11,2.99,157
101.4,1489403914,10659,-20.37,3.01,158
101.4,1489404805,10641,-20.11,3.01,159
101.4,1489405697,10627,-20.37,3.00,160
101.4,1489406587,10630,-20.84,3.01,161
101.4,1489407478,10610,-20.84,3.00,162
101.4,1489408369,10740,-20.70,3.01,163
101.4,1489409260,10670,-20.84,2.99,164
101.4,1489410151,10890,-21.11,3.00,165
101.4,1489411042,10897,-21.24,3.00,166
101.4,1489411933,10938,-20.90,3.00,167
101.4,1489412824,10976,-21.52,2.99,168
101.4,1489413715,10963,-21.52,3.00,169
101.4,1489414605,10943,-21.17,3.00,170
101.4,1489415496,10606,-20.84,3.00,171
101.4,1489416387,10617,-21.04,3.01,172
101.4,1489417278,11157,-18.97,2.99,173
101.4,1489418170,11105,-18.42,3.01,174
101.4,1489419061,10296,-17.82,3.02,175
101.4,1489419953,10357,-16.17,3.04,176
101.4,1489420845,10064,-15.41,3.06,177
101.4,1489421737,10016,-13.85,3.06,178
101.4,1489422629,10002,-13.06,3.06,179
101.4,1489423522,10001,-13.50,3.07,180
101.4,1489424415,9981,-13.06,3.07,181
101.4,1489425307,9969,-12.38,3.08,182
101.4,1489426200,9851,-11.76,3.09,183
101.4,1489427093,9811,-11.25,3.10,184
101.4,1489427986,9770,-10.21,3.11,185
101.4,1489428880,9541,-9.55,3.11,186
101.4,1489429773,9402,-8.90,3.12,187
101.4,1489430667,9291,-8.35,3.13,188
101.4,1489431561,9280,-7.40,3.13,189
101.4,1489432455,9275,-6.36,3.13,190
101.4,1489433350,9277,-5.97,3.15,191
101.4,1489434244,9248,-5.50,3.14,192
101.4,1489435139,8756,-4.70,3.14,193
101.4,1489436034,8747,-3.55,3.15,194
101.4,1489436929,8746,-2.79,3.17,195
101.4,1489437824,9144,-3.44,3.18,196
101.4,1489438720,9258,-3.55,3.18,197
101.4,1489439615,9264,-3.85,3.17,198
101.4,1489440510,9261,-3.77,3.18,199
101.4,1489441405,9222,-3.66,3.16,200
101.4,1489442300,9257,-3.66,3.17,201
101.4,1489443195,9254,-3.63,3.16,202
101.4,1489444090,9255,-3.48,3.17,203
101.4,1489444985,9273,-3.88,3.15,204
101.4,1489445880,9271,-4.03,3.18,205
101.4,1489446775,9270,-4.25,3.16,206
101.4,1489447670,9273,-4.44,3.17,207
101.4,1489448565,9275,-4.55,3.17,208
101.4,1489449460,9275,-4.74,3.17,209
101.4,1489450355,9279,-5.04,3.15,210
101.4,1489451249,9280,-5.81,3.17,211
101.4,1489452144,9491,-7.12,3.15,212
101.4,1489453038,9796,-8.35,3.13,213
101.4,1489453931,9903,-9.59,3.14,214
101.4,1489454825,10024,-10.66,3.13,215
101.4,1489455718,10037,-11.81,3.11,216
101.4,1489456611,10048,-12.81,3.10,217
101.4,1489457503,10086,-13.65,3.09,218
101.4,1489458396,10132,-14.72,3.07,219
101.4,1489459288,10309,-15.63,3.07,220
101.4,1489460180,10292,-16.56,3.06,221
101.4,1489461072,10261,-16.73,3.04,222
101.4,1489461964,10477,-17.47,3.05,223
101.4,1489462855,10481,-18.06,3.04,224
101.4,1489463747,10463,-18.18,3.04,225
101.4,1489464638,10451,-18.48,3.02,226
101.4,1489465530,10204,-17.94,3.02,227
101.4,1489466422,10428,-17.94,3.03,228
101.4,1489467313,10657,-18.30,3.02,229
101.4,1489468205,10458,-17.88,3.02,230
101.4,1489469096,10918,-18.73,3.02,231
101.4,1489469987,10963,-19.03,3.00,232
101.4,1489470879,10865,-19.41,3.01,233
101.4,1489471770,10629,-19.85,3.01,234
101.4,1489472661,10572,-20.31,3.00,235
101.4,1489473552,10552,-20.50,2.99,236
101.4,1489474443,10979,-20.84,2.98,237
101.4,1489475333,11062,-21.17,2.98,238
101.4,1489476224,11043,-21.52,2.98,239
101.4,1489477115,11055,-21.72,2.97,240
101.4,1489478006,10890,-21.86,2.98,241
101.4,1489478896,10895,-22.07,2.97,242
101.4,1489479787,10891,-21.86,2.97,243
101.4,1489480678,10841,-22.22,2.96,244
101.4,1489481568,10872,-22.22,2.97,245
101.4,1489482459,10864,-21.93,2.97,246
101.4,1489483349,10840,-22.36,2.95,247
101.4,1489484240,10829,-22.36,2.97,248
101.4,1489485130,10748,-22.65,2.96,249
101.4,1489486021,10789,-22.94,2.96,250
101.4,1489486911,10818,-22.58,2.95,251
101.4,1489487802,10815,-22.72,2.95,252
101.4,1489488692,10727,-23.01,2.97,253
101.4,1489489582,10746,-23.01,2.96,254
101.4,1489490473,10786,-22.87,2.96,255
101.4,1489491363,10785,-23.01,2.96,256
101.4,1489492253,10558,-23.69,2.93,257
101.4,1489493144,10544,-23.46,2.95,258
101.4,1489494034,10539,-23.84,2.94,259
101.4,1489494924,10530,-24.07,2.93,260
101.4,1489495814,10514,-24.15,2.95,261
101.4,1489496704,10515,-24.07,2.95,262
101.4,1489497594,10517,-23.84,2.94,263
101.4,1489498484,10436,-24.39,2.94,264
101.4,1489499374,10504,-24.39,2.94,265
101.4,1489500264,10505,-24.00,2.93,266
101.4,1489501154,10518,-24.00,2.94,267
101.4,1489502044,10514,-23.92,2.93,268
101.4,1489502934,10705,-23.69,2.94,269
101.4,1489503824,11174,-21.31,2.95,270
101.4,1489504715,11114,-20.90,2.96,271
101.4,1489505605,10986,-19.98,2.97,272
101.4,1489506497,10558,-18.54,2.99,273
101.4,1489507388,10208,-18.12,2.99,274
101.4,1489508279,10174,-16.51,3.00,275
101.4,1489509171,9892,-14.67,3.03,276
101.4,1489510063,9858,-13.75,3.02,277
101.4,1489510956,9792,-14.11,3.04,278
101.4,1489511848,9860,-13.45,3.05,279
101.4,1489512741,9757,-12.71,3.05,280
101.4,1489513633,9673,-11.48,3.05,281
101.4,1489514526,9480,-10.93,3.06,282
101.4,1489515419,9151,-10.08,3.09,283
101.4,1489516313,9015,-9.38,3.08,284
101.4,1489517206,9012,-8.78,3.10,285
101.4,1489518100,9021,-8.06,3.09,286
101.4,1489518994,9025,-7.73,3.11,287
101.4,1489519888,9030,-7.53,3.12,288
101.4,1489520782,8664,-7.00,3.11,289
101.4,1489521676,8757,-6.52,3.12,290
101.4,1489522570,8576,-5.89,3.12,291
101.4,1489523465,8595,-5.62,3.13,292
101.4,1489524359,8606,-5.16,3.13,293
101.4,1489525254,9019,-5.43,3.12,294
101.4,1489526149,9048,-5.81,3.12,295
101.4,1489527043,9045,-6.72,3.12,296
101.4,1489527937,9050,-7.36,3.09,297
101.4,1489528831,9046,-7.28,3.11,298
101.4,1489529725,9048,-7.57,3.10,299
101.4,1489530619,9041,-7.36,3.12,300
101.4,1489531513,9213,-8.23,3.11,301
101.4,1489532407,9330,-8.57,3.11,302
101.4,1489533301,9052,-8.06,3.10,303
101.4,1489534195,9057,-8.40,3.10,304
101.4,1489535089,9395,-8.73,3.10,305
101.4,1489535982,9581,-9.46,3.10,306
101.4,1489536876,9674,-10.52,3.09,307
101.4,1489537769,9820,-11.39,3.09,308
101.4,1489538662,9898,-11.90,3.08,309
101.4,1489539555,9891,-13.06,3.08,310
101.4,1489540447,9909,-14.31,3.05,311
101.4,1489541339,10166,-15.73,3.05,312
101.4,1489542231,10160,-17.01,3.04,313
101.4,1489543123,10371,-18.18,3.02,314
101.4,1489544014,10895,-18.85,3.02,315
101.4,1489544906,10682,-19.85,2.99,316
101.4,1489545797,10560,-20.57,2.99,317
101.4,1489546687,10904,-21.38,2.98,318
101.4,1489547578,11082,-21.58,2.98,319
101.4,1489548469,11105,-22.15,2.96,320
101.4,1489549359,10935,-22.58,2.96,321
101.4,1489550250,10854,-23.16,2.94,322
101.4,1489551140,10844,-23.39,2.94,323
101.4,1489552030,10834,-23.84,2.93,324
101.4,1489552920,10823,-24.00,2.92,325
101.4,1489553810,10764,-24.07,2.92,326
101.4,1489554700,10714,-24.70,2.92,327
101.4,1489555590,10781,-24.78,2.93,328
101.4,1489556480,10814,-25.11,2.93,329
101.4,1489557370,10825,-25.43,2.92,330
101.4,1489558260,10831,-25.43,2.92,331
101.4,1489559150,10844,-25.19,2.90,332
101.4,1489560040,10853,-25.77,2.91,333
101.4,1489560930,10850,-25.19,2.91,334
101.4,1489561819,10854,-25.52,2.90,335
101.4,1489562709,10814,-25.19,2.91,336
101.4,1489563599,10834,-25.43,2.91,337
101.4,1489564489,10829,-25.68,2.92,338
101.4,1489565378,10848,-25.43,2.91,339
101.4,1489566268,10769,-25.43,2.91,340
101.4,1489567158,10840,-25.94,2.90,341
101.4,1489568047,10823,-25.60,2.90,342
101.4,1489568937,10837,-25.43,2.91,343
101.4,1489569827,10681,-26.02,2.91,344
101.4,1489570717,10600,-25.85,2.91,345
101.4,1489571606,10490,-25.94,2.90,346
101.4,1489572496,10598,-25.77,2.90,347
101.4,1489573386,10560,-26.19,2.90,348
101.4,1489574275,9733,-26.28,2.90,349
101.4,1489575165,9581,-26.37,2.91,350
101.4,1489576054,9724,-26.63,2.90,351
101.4,1489576944,9721,-26.19,2.90,352
101.4,1489577834,9768,-26.28,2.90,353
101.4,1489578723,9715,-26.71,2.90,354
101.4,1489579613,9485,-26.54,2.89,355
101.4,1489580502,9211,-27.07,2.90,356
101.4,1489581392,9138,-27.62,2.89,357
101.4,1489582281,9103,-27.52,2.89,358
101.4,1489583170,9102,-27.89,2.89,359
101.4,1489584059,9081,-27.99,2.88,360
101.4,1489584949,9121,-27.62,2.88,361
101.4,1489585838,9050,-27.52,2.89,362
101.4,1489586727,9071,-27.71,2.89,363
101.4,1489587616,9093,-27.52,2.89,364
101.4,1489588506,9062,-27.25,2.89,365
101.4,1489589395,9320,-26.89,2.89,366
101.4,1489590285,10894,-24.46,2.89,367
101.4,1489591175,10751,-23.46,2.92,368
101.4,1489592065,10775,-22.72,2.92,369
101.4,1489592956,10531,-20.70,2.93,370
101.4,1489593846,10634,-19.79,2.95,371
101.4,1489594738,9972,-17.88,2.97,372
101.4,1489595630,9650,-14.36,2.99,373
101.4,1489596522,9635,-12.86,3.00,374
101.4,1489597415,9649,-13.06,3.01,375
101.4,1489598307,9560,-12.91,3.03,376
101.4,1489599200,9474,-12.52,3.04,377
101.4,1489600093,9450,-12.04,3.04,378
101.4,1489600986,9318,-11.62,3.04,379
101.4,1489601879,9065,-10.88,3.05,380
101.4,1489602772,8858,-10.17,3.06,381
101.4,1489603666,8882,-9.68,3.07,382
101.4,1489604560,8897,-9.42,3.07,383
101.4,1489605453,8910,-9.20,3.07,384
101.4,1489606347,8908,-9.29,3.06,385
101.4,1489607240,8923,-8.82,3.08,386
101.4,1489608134,8929,-8.57,3.07,387
101.4,1489609028,8939,-8.23,3.08,388
101.4,1489609922,8933,-7.65,3.09,389
101.4,1489610816,8936,-7.57,3.09,390
101.4,1489611710,8929,-7.65,3.08,391
101.4,1489612604,9018,-8.23,3.09,392
101.4,1489613498,9088,-8.65,3.08,393
101.4,1489614392,9154,-8.86,3.08,394
101.4,1489615286,9090,-8.82,3.08,395
101.4,1489616179,9148,-8.82,3.08,396
101.4,1489617073,9026,-8.86,3.08,397
101.4,1489617967,9282,-9.59,3.07,398
101.4,1489618860,9398,-10.08,3.07,399
101.4,1489619754,9386,-9.68,3.07,400
101.4,1489620647,9374,-10.21,3.07,401
101.4,1489621541,9377,-10.79,3.07,402
101.4,1489622434,9506,-11.53,3.07,403
101.4,1489623327,9634,-12.33,3.05,404
101.4,1489624220,9690,-12.91,3.04,405
101.4,1489625112,9700,-13.30,3.04,406
101.4,1489626005,9673,-14.16,3.03,407
101.4,1489626898,9712,-15.09,3.03,408
101.4,1489627790,9960,-15.95,3.01,409
101.4,1489628682,10049,-16.67,3.02,410
101.4,1489629574,10008,-16.51,3.00,411
101.4,1489630466,10052,-17.24,3.00,412
101.4,1489631357,10598,-18.30,3.00,413
101.4,1489632249,10474,-19.66,2.98,414
101.4,1489633140,10484,-20.70,2.97,415
101.4,1489634031,10788,-21.58,2.95,416
101.4,1489634922,10751,-22.43,2.95,417
101.4,1489635812,10741,-22.50,2.93,418
101.4,1489636703,10736,-23.31,2.93,419
101.4,1489637593,10565,-23.54,2.91,420
101.4,1489638483,10576,-23.92,2.91,421
101.4,1489639373,10551,-24.07,2.91,422
101.4,1489640264,10546,-24.00,2.91,423
101.4,1489641154,10529,-24.54,2.90,424
101.4,1489642044,10536,-24.23,2.89,425
101.4,1489642934,10531,-24.23,2.91,426
101.4,1489643824,10490,-24.46,2.91,427
101.4,1489644714,10431,-24.70,2.90,428
101.4,1489645604,10364,-25.19,2.90,429
101.4,1489645604,10364,-25.19,2.90,429
101.4,1489646494,10298,-25.11,2.90,430
101.4,1489647384,10421,-25.19,2.90,431
101.4,1489648274,10436,-25.02,2.89,432
101.4,1489649164,10436,-24.86,2.89,433
101.4,1489650054,10429,-24.86,2.89,434
101.4,1489650944,10432,-25.19,2.88,435
101.4,1489651834,10434,-25.02,2.89,436
101.4,1489652724,10311,-25.35,2.88,437
101.4,1489653613,10204,-25.52,2.89,438
101.4,1489654503,10169,-25.60,2.88,439
101.4,1489655393,10206,-25.43,2.89,440
101.4,1489656283,10022,-25.52,2.88,441
101.4,1489657173,10062,-25.68,2.89,442
101.4,1489658062,10040,-25.68,2.88,443
101.4,1489658952,9949,-25.77,2.87,444
101.4,1489659842,9857,-25.77,2.88,445
101.4,1489660732,9480,-26.02,2.89,446
101.4,1489661621,9417,-25.94,2.86,447
101.4,1489662511,9408,-26.28,2.87,448
101.4,1489663401,9403,-26.19,2.86,449
101.4,1489664290,9415,-26.19,2.88,450
101.4,1489665180,9333,-26.19,2.88,451
101.4,1489666070,9331,-26.71,2.88,452
101.4,1489666959,9329,-26.28,2.88,453
101.4,1489667849,9305,-26.45,2.88,454
101.4,1489668738,9242,-26.54,2.87,455
101.4,1489669628,9157,-26.98,2.87,456
101.4,1489670517,9102,-27.34,2.86,457
101.4,1489671407,9146,-26.98,2.87,458
101.4,1489672296,9277,-26.80,2.87,459
101.4,1489673186,9305,-26.37,2.87,460
101.4,1489674075,9331,-26.37,2.87,461
101.4,1489674965,10001,-25.77,2.87,462
101.4,1489675855,10487,-25.27,2.88,463
101.4,1489676745,10709,-21.93,2.89,464
101.4,1489677635,10765,-21.45,2.91,465
101.4,1489678526,10357,-21.17,2.92,466
101.4,1489679417,10719,-19.28,2.92,467
101.4,1489680308,10640,-19.53,2.94,468
101.4,1489681199,9927,-18.00,2.96,469
101.4,1489682091,9962,-16.28,2.97,470
101.4,1489682983,9755,-15.47,2.97,471
101.4,1489683875,9612,-15.30,2.99,472
101.4,1489684767,9569,-14.78,2.99,473
101.4,1489685660,9524,-13.65,3.00,474
101.4,1489686552,9378,-12.62,3.01,475
101.4,1489687445,9222,-11.53,3.02,476
101.4,1489688339,8959,-10.88,3.04,477
101.4,1489689232,8752,-9.94,3.03,478
101.4,1489690125,8753,-9.38,3.05,479
101.4,1489691019,8763,-8.90,3.04,480
101.4,1489691913,8783,-8.57,3.04,481
101.4,1489692807,8804,-8.23,3.06,482
101.4,1489693701,8828,-7.90,3.06,483
101.4,1489694595,8814,-7.49,3.07,484
101.4,1489695489,8556,-7.08,3.08,485
101.4,1489696383,8446,-6.64,3.08,486
101.4,1489697278,8873,-6.40,3.07,487
101.4,1489698172,8871,-6.56,3.09,488
101.4,1489699066,8849,-7.12,3.08,489
101.4,1489699961,8836,-7.73,3.09,490
101.4,1489700855,8844,-8.15,3.07,491
101.4,1489701749,8950,-8.27,3.07,492
101.4,1489702643,8863,-8.19,3.08,493
101.4,1489703537,8842,-7.98,3.07,494
101.4,1489704431,8985,-8.44,3.07,495
101.4,1489705324,9100,-8.99,3.07,496
101.4,1489706218,8987,-8.44,3.06,497
101.4,1489707112,8825,-8.99,3.07,498
101.4,1489708006,9249,-9.72,3.06,499
101.4,1489708899,9436,-10.61,3.05,500
101.4,1489709793,9582,-11.30,3.05,501
101.4,1489710686,9641,-12.19,3.03,502
101.4,1489711579,9636,-12.52,3.04,503
101.4,1489712472,9610,-13.20,3.04,504
101.4,1489713364,9603,-13.75,3.02,505
101.4,1489714257,9641,-14.52,3.03,506
101.4,1489715149,9681,-14.83,3.02,507
101.4,1489716041,9797,-15.63,3.00,508
101.4,1489716933,10208,-16.84,3.00,509
101.4,1489717825,10587,-18.54,2.99,510
101.4,1489718716,10487,-19.47,2.98,511
101.4,1489719608,10441,-20.31,2.96,512
101.4,1489720499,10857,-21.24,2.94,513
101.4,1489721389,10782,-21.17,2.95,514
101.4,1489722280,10775,-22.07,2.92,515
101.4,1489723171,10759,-22.79,2.93,516
101.4,1489724061,10747,-23.01,2.91,517
101.4,1489724951,10740,-23.46,2.90,518
101.4,1489725842,10668,-23.46,2.89,519
101.4,1489726732,10602,-23.77,2.90,520
101.4,1489727622,10546,-23.84,2.90,521
101.4,1489728512,10616,-24.07,2.89,522
101.4,1489729402,10671,-24.78,2.89,523
101.4,1489730292,10503,-24.39,2.89,524
101.4,1489731182,10475,-24.54,2.88,525
101.4,1489732072,10471,-25.02,2.87,526
101.4,1489732962,10340,-24.94,2.88,527
101.4,1489733852,10269,-25.43,2.88,528
101.4,1489734742,10297,-25.43,2.87,529
101.4,1489735631,10248,-25.43,2.86,530
101.4,1489736521,10053,-25.68,2.88,531
101.4,1489737411,9901,-25.68,2.87,532
101.4,1489738301,9446,-25.85,2.86,533
101.4,1489739190,9428,-25.94,2.85,534
101.4,1489740080,9498,-26.11,2.86,535
101.4,1489740970,9422,-26.37,2.87,536
101.4,1489741859,9351,-26.19,2.86,537
101.4,1489742749,9359,-26.54,2.87,538
101.4,1489743638,9385,-26.54,2.86,539
101.4,1489744528,9461,-26.28,2.86,540
101.4,1489745418,9340,-26.37,2.86,541
101.4,1489746307,9328,-26.63,2.86,542
101.4,1489747197,9220,-26.89,2.86,543
101.4,1489748086,9241,-26.71,2.86,544
101.4,1489748976,9275,-26.89,2.85,545
101.4,1489749866,9300,-26.37,2.86,546
101.4,1489750755,9296,-26.45,2.87,547
101.4,1489751645,9302,-26.28,2.87,548
101.4,1489752534,9291,-26.63,2.86,549
101.4,1489753424,9216,-26.71,2.86,550
101.4,1489754313,9220,-26.71,2.86,551
101.4,1489755203,9233,-27.07,2.85,552
101.4,1489756092,9210,-27.16,2.85,553
101.4,1489756982,9209,-27.16,2.86,554
101.4,1489757871,9168,-27.25,2.86,555
101.4,1489758761,9218,-27.52,2.86,556
101.4,1489759650,9189,-27.71,2.85,557
101.4,1489760539,9178,-27.16,2.86,558
101.4,1489761429,9382,-26.71,2.85,559
101.4,1489762318,10413,-26.11,2.86,560
101.4,1489763208,10709,-22.58,2.87,561
101.4,1489764099,10763,-22.00,2.89,562
101.4,1489764989,10541,-21.45,2.90,563
101.4,1489765880,10659,-18.60,2.92,564
101.4,1489766772,10510,-19.28,2.93,565
101.4,1489767663,9908,-18.73,2.94,566
101.4,1489768555,9899,-16.73,2.95,567
101.4,1489769447,9900,-16.28,2.97,568
101.4,1489770339,9596,-16.12,2.99,569
101.4,1489771230,9514,-15.57,2.98,570
101.4,1489772123,9499,-15.25,2.98,571
101.4,1489773015,9482,-14.46,3.00,572
101.4,1489773907,9283,-13.60,2.99,573
101.4,1489774800,8970,-12.47,3.00,574
101.4,1489775693,8708,-11.25,3.02,575
101.4,1489776586,8729,-9.99,3.03,576
101.4,1489777479,8733,-9.03,3.04,577
101.4,1489778373,8723,-8.35,3.06,578
101.4,1489779267,8735,-8.19,3.05,579
101.4,1489780161,8710,-7.53,3.05,580
101.4,1489781055,8316,-6.88,3.06,581
101.4,1489781949,8317,-6.36,3.07,582
101.4,1489782843,8293,-5.89,3.08,583
101.4,1489783738,8723,-5.89,3.08,584
101.4,1489784633,8750,-5.89,3.08,585
101.4,1489785527,8764,-6.88,3.09,586
101.4,1489786421,8766,-7.28,3.08,587
101.4,1489787315,8766,-7.12,3.08,588
101.4,1489788210,8765,-7.49,3.08,589
101.4,1489789104,8761,-7.20,3.07,590
101.4,1489789998,8761,-7.36,3.06,591
101.4,1489790892,8764,-8.02,3.07,592
101.4,1489791786,8884,-8.15,3.07,593
101.4,1489792680,8762,-7.57,3.06,594
101.4,1489793574,8756,-8.02,3.06,595
101.4,1489794468,8897,-8.86,3.05,596
101.4,1489795362,9272,-9.64,3.05,597
101.4,1489796255,9310,-10.30,3.07,598
101.4,1489797149,9399,-11.02,3.05,599
101.4,1489798042,9526,-11.30,3.04,600
101.4,1489798935,9531,-11.86,3.04,601
101.4,1489799828,9546,-12.28,3.02,602
101.4,1489800721,9545,-12.71,3.02,603
101.4,1489801613,9535,-13.35,3.03,604
101.4,1489802506,9541,-13.70,3.02,605
101.4,1489803399,9612,-14.99,3.01,606
101.4,1489804291,9862,-15.79,3.00,607
101.4,1489805183,9899,-16.79,2.99,608
101.4,1489806075,9952,-17.13,2.99,609
101.4,1489806966,10097,-17.77,2.99,610
101.4,1489807858,10094,-18.12,2.98,611
101.4,1489808750,9908,-17.59,2.98,612
101.4,1489809641,9858,-17.07,2.98,613
101.4,1489810533,9901,-17.30,2.97,614
101.4,1489811425,9877,-17.19,2.97,615
101.4,1489812317,9935,-17.19,2.98,616
101.4,1489813208,10082,-18.18,2.96,617
101.4,1489814100,10558,-18.73,2.95,618
101.4,1489814991,10553,-19.28,2.95,619
101.4,1489815882,10505,-19.28,2.95,620
101.4,1489816773,10421,-19.47,2.95,621
101.4,1489817664,10423,-19.85,2.95,622
101.4,1489818556,10419,-19.72,2.94,623
101.4,1489819447,10415,-20.24,2.95,624
101.4,1489820338,10418,-20.31,2.93,625
101.4,1489821229,10416,-20.50,2.93,626
101.4,1489822120,10416,-20.44,2.92,627
101.4,1489823011,10411,-20.05,2.93,628
101.4,1489823902,10569,-19.66,2.94,629
101.4,1489824793,10556,-19.28,2.93,630
101.4,1489825684,10426,-19.72,2.94,631
101.4,1489826575,10421,-19.72,2.93,632
101.4,1489827466,10437,-19.53,2.94,633
101.4,1489828358,10570,-19.41,2.93,634
101.4,1489829249,10591,-19.35,2.93,635
101.4,1489830140,10422,-19.85,2.94,636
101.4,1489831031,10419,-19.98,2.94,637
101.4,1489831923,10428,-19.92,2.93,638
101.4,1489832814,10427,-20.18,2.93,639
101.4,1489833705,10429,-20.11,2.93,640
101.4,1489834596,10428,-20.05,2.92,641
101.4,1489835487,10425,-19.85,2.93,642
101.4,1489836378,10426,-19.92,2.93,643
101.4,1489837269,10433,-20.11,2.95,644
101.4,1489838160,10464,-20.44,2.92,645
101.4,1489839051,10474,-20.84,2.92,646
101.4,1489839942,10793,-21.11,2.93,647
101.4,1489840833,10902,-21.58,2.92,648
101.4,1489841724,11014,-21.58,2.90,649
101.4,1489842614,11070,-22.22,2.92,650
101.4,1489843505,11077,-22.15,2.91,651
101.4,1489845286,11080,-22.65,2.90,653
101.4,1489846176,11082,-22.65,2.91,654
101.4,1489847067,11080,-22.65,2.89,655
101.4,1489847957,10747,-22.15,2.91,656
101.4,1489848848,10435,-21.04,2.90,657
101.4,1489849739,10238,-17.53,2.92,658
101.4,1489850631,9962,-16.67,2.95,659
101.4,1489851523,9631,-16.06,2.96,660
101.4,1489852415,9499,-13.20,2.97,661
101.4,1489853307,9491,-13.60,2.98,662
101.4,1489854200,9300,-12.00,2.99,663
101.4,1489855093,9222,-10.52,3.00,664
101.4,1489855986,9168,-10.25,3.01,665
101.4,1489856880,9151,-10.21,3.02,666
101.4,1489857773,8897,-9.86,3.03,667
101.4,1489858667,8845,-9.55,3.05,668
101.4,1489859560,8653,-9.12,3.05,669
101.4,1489860454,8667,-8.61,3.06,670
101.4,1489861348,8683,-7.94,3.06,671
101.4,1489862242,8704,-7.57,3.05,672
101.4,1489863136,8684,-7.16,3.06,673
101.4,1489864030,8502,-6.92,3.07,674
101.4,1489864924,8699,-6.72,3.07,675
101.4,1489865819,8445,-6.48,3.05,676
101.4,1489866713,8312,-6.13,3.06,677
101.4,1489867608,8393,-6.13,3.08,678
101.4,1489868502,8258,-5.54,3.07,679
101.4,1489869397,8315,-5.39,3.08,680
101.4,1489870292,8301,-5.04,3.07,681
101.4,1489871186,8724,-5.20,3.09,682
101.4,1489872081,8747,-5.97,3.07,683
101.4,1489872975,8749,-6.20,3.09,684
101.4,1489873870,8749,-6.24,3.09,685
101.4,1489874764,8748,-6.40,3.07,686
101.4,1489875659,8745,-5.85,3.09,687
101.4,1489876553,8743,-6.32,3.09,688
101.4,1489877447,8748,-6.84,3.08,689
101.4,1489878342,8748,-6.44,3.08,690
101.4,1489879236,8739,-6.17,3.09,691
101.4,1489880130,8546,-6.48,3.09,692
101.4,1489881025,8743,-7.32,3.09,693
101.4,1489881919,8746,-8.10,3.06,694
101.4,1489882812,8955,-8.86,3.07,695
101.4,1489883706,9151,-9.33,3.06,696
101.4,1489884600,9227,-9.77,3.07,697
101.4,1489885493,9247,-10.30,3.06,698
101.4,1489886387,9350,-10.84,3.05,699
101.4,1489887280,9394,-11.57,3.04,700
101.4,1489888173,9459,-11.86,3.04,701
101.4,1489889066,9456,-12.04,3.04,702
101.4,1489889959,9509,-12.81,3.03,703
101.4,1489890851,9514,-13.55,3.02,704
101.4,1489891744,9582,-14.52,3.01,705
101.4,1489892636,9723,-15.52,3.01,706
101.4,1489893528,9894,-16.56,3.01,707
101.4,1489894420,9926,-17.42,2.97,708
101.4,1489895311,9931,-17.47,2.97,709
101.4,1489896203,9921,-17.82,2.98,710
101.4,1489897095,9916,-18.00,2.98,711
101.4,1489897986,9915,-17.88,2.96,712
101.4,1489898878,9974,-17.94,2.96,713
101.4,1489899769,9917,-18.18,2.95,714
101.4,1489900661,10090,-18.30,2.95,715
101.4,1489901552,10099,-18.42,2.95,716
101.4,1489902444,10076,-18.54,2.96,717
101.4,1489903335,10462,-19.16,2.96,718
101.4,1489904226,10514,-18.97,2.96,719
101.4,1489905118,10566,-19.22,2.95,720
101.4,1489906009,10371,-19.53,2.95,721
101.4,1489906900,10563,-19.47,2.95,722
101.4,1489907791,10048,-19.41,2.95,723
101.4,1489908683,10568,-19.16,2.94,724
101.4,1489909574,10569,-19.16,2.95,725
101.4,1489910465,10423,-19.53,2.94,726
101.4,1489911356,10419,-19.92,2.92,727
101.4,1489912247,10415,-20.18,2.94,728
101.4,1489913138,10416,-20.37,2.93,729
101.4,1489914030,10415,-20.64,2.94,730
101.4,1489914921,10416,-20.57,2.93,731
101.4,1489915811,10415,-21.04,2.92,732
101.4,1489916702,10431,-20.90,2.93,733
101.4,1489917593,10431,-20.90,2.91,734
101.4,1489918484,10601,-21.31,2.92,735
101.4,1489919375,10674,-21.52,2.92,736
101.4,1489920266,10694,-21.86,2.92,737
101.4,1489921156,10709,-21.86,2.91,738
101.4,1489922047,10729,-21.65,2.90,739
101.4,1489922938,10706,-21.79,2.91,740
101.4,1489923829,10780,-21.72,2.91,741
101.4,1489924719,10756,-21.65,2.91,742
101.4,1489925610,10749,-21.93,2.91,743
101.4,1489926501,10744,-22.36,2.90,744
101.4,1489927391,10743,-22.15,2.90,745
101.4,1489928282,10740,-22.36,2.91,746
101.4,1489929172,10733,-22.58,2.90,747
101.4,1489930063,10719,-22.58,2.90,748
101.4,1489930953,10740,-22.36,2.90,749
101.4,1489931844,10739,-22.43,2.90,750
101.4,1489932735,10761,-22.15,2.90,751
101.4,1489933625,10911,-21.72,2.91,752
101.4,1489934516,10429,-21.11,2.91,753
101.4,1489935407,10742,-19.41,2.90,754
101.4,1489936298,9965,-15.57,2.94,755
101.4,1489937191,9739,-15.41,2.96,756
101.4,1489938083,9472,-13.55,2.97,757
101.4,1489938975,9461,-12.67,3.00,758
101.4,1489939868,9457,-13.45,2.99,759
101.4,1489940761,9387,-11.57,3.01,760
101.4,1489941654,9255,-10.84,3.02,761
101.4,1489942547,9205,-10.84,3.03,762
101.4,1489943440,9146,-10.98,3.03,763
101.4,1489944333,9109,-10.61,3.04,764
101.4,1489945227,8864,-9.99,3.04,765
101.4,1489946120,8623,-9.03,3.04,766
101.4,1489947014,8634,-7.61,3.06,767
101.4,1489947908,8330,-6.48,3.06,768
101.4,1489948803,8210,-5.54,3.05,769
101.4,1489949698,8214,-5.01,3.08,770
101.4,1489950592,8188,-4.29,3.08,771
101.4,1489951487,8209,-3.88,3.09,772
101.4,1489952382,7817,-3.22,3.08,773
101.4,1489953278,7779,-2.54,3.09,774
101.4,1489954173,7731,-1.66,3.10,775
101.4,1489955069,7729,-1.03,3.11,776
101.4,1489955965,7771,-0.79,3.11,777
101.4,1489956861,7766,-0.62,3.11,778
101.4,1489957757,7807,-0.90,3.11,779
101.4,1489958653,8203,-1.45,3.10,780
101.4,1489959548,8222,-1.97,3.12,781
101.4,1489960444,8232,-2.01,3.10,782
101.4,1489961340,8232,-2.11,3.11,783
101.4,1489962235,8224,-1.31,3.12,784
101.4,1489963131,8235,-1.97,3.12,785
101.4,1489964027,8243,-2.43,3.11,786
101.4,1489964922,8244,-1.73,3.11,787
101.4,1489965818,7828,-1.80,3.12,788
101.4,1489966714,7813,-2.15,3.12,789
101.4,1489967609,8253,-3.01,3.12,790
101.4,1489968504,8328,-3.74,3.11,791
101.4,1489969399,8744,-4.63,3.10,792
101.4,1489970294,8756,-5.85,3.10,793
101.4,1489971188,8753,-6.60,3.10,794
101.4,1489972083,9027,-8.02,3.08,795
101.4,1489972976,9254,-9.16,3.08,796
101.4,1489973870,9360,-10.17,3.06,797
101.4,1489974763,9511,-11.34,3.07,798
101.4,1489975656,9539,-12.28,3.05,799
101.4,1489976549,9512,-13.10,3.05,800
101.4,1489977442,9509,-13.70,3.04,801
101.4,1489978334,9498,-14.21,3.03,802
101.4,1489979227,9514,-14.88,3.02,803
101.4,1489980119,9548,-15.30,3.01,804
101.4,1489981011,9572,-15.73,3.01,805
101.4,1489981903,9623,-16.12,3.00,806
101.4,1489982795,9727,-16.45,2.99,807
101.4,1489983687,9820,-16.67,2.98,808
101.4,1489984579,9875,-17.07,2.98,809
101.4,1489985471,9896,-17.30,2.98,810
101.4,1489986363,9875,-17.19,2.98,811
101.4,1489987255,9843,-17.01,2.98,812
101.4,1489988146,9848,-16.73,2.97,813
101.4,1489989038,9864,-17.19,2.98,814
101.4,1489989930,9915,-17.65,2.97,815
101.4,1489990822,9912,-17.53,2.98,816
101.4,1489991713,9916,-17.47,2.96,817
101.4,1489992605,9927,-17.77,2.97,818
101.4,1489993497,10064,-17.94,2.96,819
101.4,1489994388,10089,-18.54,2.96,820
101.4,1489995280,10389,-18.66,2.95,821
101.4,1489996171,10489,-19.10,2.95,822
101.4,1489997062,10496,-19.28,2.95,823
101.4,1489997954,10480,-19.60,2.94,824
101.4,1489998845,10478,-20.18,2.94,825
101.4,1489999736,10433,-20.05,2.92,826
101.4,1490000627,10428,-20.24,2.94,827
101.4,1490001518,10420,-20.37,2.94,828
101.4,1490002409,10433,-20.90,2.91,829
101.4,1490003300,10418,-20.77,2.93,830
101.4,1490004191,10435,-21.17,2.90,831
101.4,1490005082,10752,-20.97,2.91,832
101.4,1490005973,10807,-21.45,2.93,833
101.4,1490006864,10431,-21.24,2.91,834
101.4,1490007755,10762,-21.31,2.90,835
101.4,1490008646,10722,-21.58,2.91,836
101.4,1490009536,10781,-21.58,2.91,837
101.4,1490010427,10784,-22.00,2.91,838
101.4,1490011318,10782,-22.07,2.91,839
101.4,1490012208,10778,-22.36,2.91,840
101.4,1490013099,10795,-22.07,2.88,841
101.4,1490013989,10807,-21.86,2.89,842
101.4,1490014880,10770,-22.58,2.89,843
101.4,1490015770,10760,-22.58,2.89,844
101.4,1490016661,10749,-22.58,2.89,845
101.4,1490017551,10734,-22.58,2.88,846
101.4,1490018442,10758,-22.58,2.90,847
101.4,1490019332,10770,-22.36,2.91,848
101.4,1490020223,10771,-22.07,2.90,849
101.4,1490021114,10822,-22.15,2.90,850
101.4,1490022004,10894,-21.86,2.90,851
101.4,1490022895,10436,-20.64,2.91,852
101.4,1490023786,10665,-20.05,2.92,853
101.4,1490024677,9865,-15.63,2.93,854
101.4,1490025570,9521,-14.36,2.95,855
101.4,1490026462,9441,-14.31,2.98,856
101.4,1490027354,9435,-13.40,2.98,857
101.4,1490028247,9438,-12.71,2.99,858
101.4,1490029139,9410,-12.43,3.01,859
101.4,1490030032,9317,-12.52,3.01,860
101.4,1490030925,9174,-11.90,3.02,861
101.4,1490031818,9018,-10.84,3.02,862
101.4,1490032711,8601,-9.90,3.04,863
101.4,1490033605,8606,-8.57,3.04,864
101.4,1490034499,8624,-7.53,3.05,865
101.4,1490035393,8403,-6.76,3.06,866
101.4,1490036287,8253,-6.09,3.07,867
101.4,1490037181,8207,-5.54,3.06,868
101.4,1490038076,8211,-4.97,3.08,869
101.4,1490038971,8204,-4.29,3.08,870
101.4,1490039866,8173,-3.63,3.10,871
101.4,1490040761,7801,-2.72,3.10,872
101.4,1490041657,7789,-2.01,3.10,873
101.4,1490042552,7779,-1.10,3.11,874
101.4,1490043448,7939,-1.55,3.12,875
101.4,1490044344,8187,-2.04,3.10,876
101.4,1490045239,8215,-2.33,3.11,877
101.4,1490046135,8221,-2.47,3.11,878
101.4,1490047030,8223,-2.54,3.11,879
101.4,1490047926,8237,-2.58,3.12,880
101.4,1490048821,8238,-2.86,3.10,881
101.4,1490049716,8272,-3.12,3.11,882
101.4,1490050612,8278,-3.19,3.10,883
101.4,1490051507,8248,-3.12,3.09,884
101.4,1490052402,8279,-3.26,3.12,885
101.4,1490053297,8321,-3.52,3.09,886
101.4,1490054192,8316,-3.66,3.12,887
101.4,1490055087,8677,-4.07,3.11,888
101.4,1490055982,8711,-4.40,3.09,889
101.4,1490056877,8721,-4.74,3.11,890
101.4,1490057772,8723,-5.12,3.10,891
101.4,1490058667,8730,-5.50,3.10,892
101.4,1490059561,8740,-6.36,3.10,893
101.4,1490060455,8799,-7.32,3.09,894
101.4,1490061350,9231,-8.57,3.08,895
101.4,1490062243,9285,-9.64,3.08,896
101.4,1490063137,9471,-11.02,3.06,897
101.4,1490064030,9473,-11.95,3.05,898
101.4,1490064923,9484,-12.38,3.06,899
101.4,1490065816,9485,-12.47,3.05,900
101.4,1490066708,9487,-12.67,3.03,901
101.4,1490067601,9483,-13.10,3.04,902
101.4,1490068494,9460,-13.70,3.03,903
101.4,1490069386,9476,-14.36,3.02,904
101.4,1490070279,9556,-14.88,3.01,905
101.4,1490071171,9632,-15.84,3.00,906
101.4,1490072063,9805,-16.51,3.00,907
101.4,1490072955,9849,-16.51,2.99,908
101.4,1490073847,9881,-17.01,2.98,909
101.4,1490074738,9932,-17.59,2.98,910
101.4,1490075630,9931,-17.82,2.97,911
101.4,1490076522,9929,-17.94,2.96,912
101.4,1490077413,10105,-18.18,2.96,913
101.4,1490078305,10062,-18.60,2.97,914
101.4,1490079196,10434,-18.54,2.96,915
101.4,1490080088,10509,-19.22,2.95,916
101.4,1490080979,10563,-19.10,2.94,917
101.4,1490081871,10458,-19.41,2.95,918
101.4,1490082762,10458,-19.79,2.93,919
101.4,1490083653,10428,-19.92,2.93,920
101.4,1490084544,10421,-20.37,2.94,921
101.4,1490085435,10417,-20.50,2.93,922
101.4,1490086326,10414,-20.50,2.93,923
101.4,1490087217,10442,-20.90,2.92,924
101.4,1490088108,10438,-20.97,2.93,925
101.4,1490088998,10513,-20.97,2.92,926
101.4,1490089889,10790,-21.11,2.91,927
101.4,1490090780,10897,-21.24,2.93,928
101.4,1490091671,10779,-21.11,2.92,929
101.4,1490092562,10788,-21.52,2.92,930
101.4,1490093452,10778,-21.79,2.90,931
101.4,1490094343,10789,-21.79,2.91,932
101.4,1490095234,10799,-21.65,2.91,933
101.4,1490096125,10761,-21.72,2.91,934
101.4,1490097015,10756,-22.22,2.91,935
101.4,1490097906,10756,-22.22,2.90,936
101.4,1490098797,10751,-22.36,2.90,937
101.4,1490099687,10740,-22.36,2.91,938
101.4,1490100578,10738,-22.58,2.91,939
101.4,1490101468,10741,-22.72,2.91,940
101.4,1490102359,10650,-23.24,2.89,941
101.4,1490103249,10711,-22.94,2.90,942
101.4,1490104139,10773,-22.29,2.89,943
101.4,1490105030,10780,-21.93,2.89,944
101.4,1490105921,10857,-22.07,2.90,945
101.4,1490106811,10828,-21.65,2.90,946
101.4,1490107702,10437,-20.50,2.92,947
101.4,1490108593,10245,-17.19,2.92,948
101.4,1490109485,9899,-15.36,2.94,949
101.4,1490110377,9562,-15.52,2.97,950
101.4,1490111270,9455,-12.76,2.97,951
101.4,1490112162,9440,-12.91,2.99,952
101.4,1490113055,9389,-11.48,3.00,953
101.4,1490113948,9247,-9.94,3.00,954
101.4,1490114842,9175,-10.17,3.02,955
101.4,1490115735,9162,-10.34,3.04,956
101.4,1490116628,9131,-10.79,3.04,957
101.4,1490117522,9087,-10.34,3.03,958
101.4,1490118415,8817,-9.55,3.05,959
101.4,1490119309,8596,-8.52,3.05,960
101.4,1490120203,8614,-7.36,3.05,961
101.4,1490121097,8319,-6.48,3.06,962
101.4,1490121991,8203,-5.58,3.07,963
101.4,1490122886,8196,-5.01,3.07,964
101.4,1490123781,8172,-4.14,3.09,965
101.4,1490124676,8120,-3.59,3.09,966
101.4,1490125571,7785,-3.04,3.09,967
101.4,1490126467,7770,-2.26,3.09,968
101.4,1490127363,7721,-1.38,3.10,969
101.4,1490128258,7724,-0.66,3.10,970
101.4,1490129155,7765,-0.49,3.12,971
101.4,1490130051,7784,-0.59,3.12,972
101.4,1490130947,8194,-1.31,3.13,973
101.4,1490131842,8204,-1.73,3.12,974
101.4,1490132738,8209,-1.83,3.12,975
101.4,1490133634,8210,-1.76,3.11,976
101.4,1490134529,8207,-1.48,3.12,977
101.4,1490135425,8112,-1.21,3.12,978
101.4,1490136325,8203,-1.00,3.09,979
101.4,1490137217,8203,-1.52,3.11,980
101.4,1490138113,7796,-0.90,3.11,981
101.4,1490139009,7724,-0.69,3.13,982
101.4,1490139905,8037,-1.59,3.12,983
101.4,1490140800,8226,-2.83,3.11,984
101.4,1490141696,8408,-3.52,3.11,985
101.4,1490142591,8692,-4.29,3.10,986
101.4,1490143486,8713,-4.97,3.10,987
101.4,1490144381,8723,-5.74,3.10,988
101.4,1490145275,8732,-6.56,3.09,989
101.4,1490146169,9180,-7.81,3.10,990
101.4,1490147063,9249,-9.25,3.09,991
101.4,1490147957,9354,-10.66,3.08,992
101.4,1490148850,9505,-11.90,3.07,993
101.4,1490149743,9483,-12.91,3.05,994
101.4,1490150635,9456,-13.70,3.05,995
101.4,1490151528,9460,-14.31,3.02,996
101.4,1490152420,9450,-14.67,3.02,997
101.4,1490153313,9520,-15.15,3.02,998
101.4,1490154205,9562,-15.90,3.01,999
101.4,1490155097,9731,-16.34,3.00,1000
101.4,1490155989,9841,-17.01,3.00,1001
101.4,1490156881,9866,-17.13,2.98,1002
101.4,1490157773,9878,-17.65,2.98,1003
101.4,1490158664,9903,-17.88,2.99,1004
101.4,1490159556,9893,-18.12,2.98,1005
101.4,1490160448,10029,-18.48,2.97,1006
101.4,1490161339,10034,-18.54,2.97,1007
101.4,1490162231,10023,-18.85,2.96,1008
101.4,1490164022,10015,-18.00,2.97,1009
101.4,1490164014,10040,-18.91,2.95,1010
101.4,1490164905,10365,-19.22,2.96,1011
101.4,1490165797,10361,-19.53,2.95,1012
101.4,1490166688,10384,-19.60,2.95,1013
101.4,1490167579,10346,-19.28,2.94,1014
101.4,1490168470,10398,-19.72,2.93,1015
101.4,1490169361,10413,-19.72,2.94,1016
101.4,1490170252,10417,-20.05,2.93,1017
101.4,1490171144,10404,-20.57,2.94,1018
101.4,1490172035,10395,-20.44,2.93,1019
101.4,1490172926,10397,-20.24,2.93,1020
101.4,1490173817,10407,-20.24,2.92,1021
101.4,1490174708,10416,-20.18,2.91,1022
101.4,1490175599,10414,-20.18,2.93,1023
101.4,1490176490,10423,-20.18,2.92,1024
101.4,1490177381,10415,-20.31,2.91,1025
101.4,1490178273,10415,-20.31,2.93,1026
101.4,1490179164,10412,-20.57,2.92,1027
101.4,1490180055,10411,-20.50,2.93,1028
101.4,1490180946,10413,-20.31,2.92,1029
101.4,1490181837,10420,-20.31,2.93,1030
101.4,1490182728,10421,-20.31,2.93,1031
101.4,1490183619,10423,-20.24,2.93,1032
101.4,1490184510,10415,-19.98,2.93,1033
101.4,1490185401,10407,-20.50,2.92,1034
101.4,1490186292,10407,-20.44,2.92,1035
101.4,1490187183,10411,-20.50,2.94,1036
101.4,1490188074,10410,-20.50,2.93,1037
101.4,1490188965,10414,-20.70,2.93,1038
101.4,1490189856,10416,-20.77,2.93,1039
101.4,1490189856,10416,-20.77,2.93,1039
101.4,1490190747,10420,-20.24,2.93,1040
101.4,1490191638,10434,-20.11,2.93,1041
101.4,1490192529,10045,-19.60,2.93,1042
101.4,1490193421,9871,-18.24,2.95,1043
101.4,1490194312,9700,-17.36,2.96,1044
101.4,1490195204,9461,-13.20,2.95,1045
101.4,1490196097,9444,-12.38,3.00,1046
101.4,1490196990,9255,-11.07,3.00,1047
101.4,1490197883,9128,-8.73,3.00,1048
101.4,1490198777,9056,-9.12,3.02,1049
101.4,1490199670,8586,-6.44,3.05,1050
101.4,1490200565,8588,-5.43,3.06,1051
101.4,1490201459,8590,-4.37,3.06,1052
101.4,1490202354,8589,-4.52,3.08,1053
101.4,1490203249,8337,-4.52,3.08,1054
101.4,1490204144,8206,-4.22,3.09,1055
101.4,1490205039,8170,-3.70,3.09,1056
101.4,1490205039,8170,-3.70,3.09,1056
101.4,1490205934,8167,-3.01,3.09,1057
101.4,1490206829,7767,-2.18,3.09,1058
101.4,1490207725,7745,-1.52,3.11,1059
101.4,1490208621,7729,-1.14,3.12,1060
101.4,1490209517,7713,-0.69,3.13,1061
101.4,1490210413,7691,-0.38,3.12,1062
101.4,1490211309,7682,-0.15,3.12,1063
101.4,1490212205,7635,0.22,3.12,1064
101.4,1490213101,7646,0.72,3.11,1065
101.4,1490213998,7611,0.96,3.14,1066
101.4,1490214894,7621,1.22,3.13,1067
101.4,1490215791,7713,0.89,3.13,1068
101.4,1490216688,7765,0.79,3.14,1069
101.4,1490217584,7780,0.22,3.12,1070
101.4,1490218480,7797,-0.04,3.13,1071
101.4,1490219376,7841,-0.11,3.13,1072
101.4,1490220272,7793,-0.25,3.13,1073
101.4,1490221169,7782,0.06,3.12,1074
101.4,1490222065,7773,-0.08,3.13,1075
101.4,1490222961,8009,-0.59,3.12,1076
101.4,1490223857,7784,-0.25,3.12,1077
101.4,1490224753,7765,-0.08,3.14,1078
101.4,1490225649,7756,-0.32,3.13,1079
101.4,1490226545,8177,-1.41,3.12,1080
101.4,1490227441,8230,-2.33,3.12,1081
101.4,1490228337,8283,-3.01,3.13,1082
101.4,1490229232,8417,-3.59,3.12,1083
101.4,1490230127,8681,-4.10,3.11,1084
101.4,1490231022,8713,-4.74,3.10,1085
101.4,1490231917,8734,-5.54,3.11,1086
101.4,1490232811,8737,-6.44,3.11,1087
101.4,1490233705,8741,-7.45,3.10,1088
101.4,1490234600,9214,-8.40,3.07,1089
101.4,1490235493,9273,-9.42,3.09,1090
101.4,1490236387,9305,-10.39,3.07,1091
101.4,1490237280,9370,-11.20,3.07,1092
101.4,1490238173,9457,-11.95,3.05,1093
101.4,1490239066,9471,-12.38,3.06,1094
101.4,1490239959,9471,-12.91,3.03,1095
101.4,1490240852,9473,-13.15,3.03,1096
101.4,1490241744,9467,-13.45,3.02,1097
101.4,1490242637,9449,-13.70,3.03,1098
101.4,1490243529,9444,-14.16,3.01,1099
101.4,1490244422,9458,-14.83,3.03,1100
101.4,1490245314,9502,-15.20,3.01,1101
101.4,1490246207,9499,-15.36,3.00,1102
101.4,1490247099,9470,-15.25,2.99,1103
101.4,1490247991,9516,-15.47,3.01,1104
101.4,1490248883,9531,-15.36,3.00,1105
101.4,1490249776,9532,-15.63,3.00,1106
101.4,1490250668,9534,-15.95,2.99,1107
101.4,1490251560,9532,-15.95,2.98,1108
101.4,1490252452,9625,-16.45,2.99,1109
101.4,1490253343,9718,-16.79,2.98,1110
101.4,1490254235,9789,-17.01,2.98,1111
101.4,1490255127,9824,-17.24,2.98,1112
101.4,1490256019,9869,-17.30,2.96,1113
101.4,1490256911,9875,-17.71,2.97,1114
101.4,1490257802,9885,-17.71,2.96,1115
101.4,1490258694,9886,-17.82,2.97,1116
101.4,1490259586,9875,-18.12,2.96,1117
101.4,1490260477,10065,-18.54,2.96,1118
101.4,1490261368,10086,-18.48,2.95,1119
101.4,1490262260,10084,-18.48,2.96,1120
101.4,1490263151,10053,-18.85,2.96,1121
101.4,1490264043,10045,-18.85,2.94,1122
101.4,1490264934,10041,-19.03,2.96,1123
101.4,1490265825,10067,-19.28,2.95,1124
101.4,1490266717,10444,-19.41,2.95,1125
101.4,1490267608,10441,-19.60,2.93,1126
101.4,1490268499,10424,-19.79,2.94,1127
101.4,1490269390,10435,-19.92,2.94,1128
101.4,1490270281,10439,-19.72,2.94,1129
101.4,1490271173,10433,-20.11,2.94,1130
101.4,1490272064,10434,-20.37,2.93,1131
101.4,1490272955,10434,-20.24,2.93,1132
101.4,1490273845,10423,-21.04,2.92,1133
101.4,1490274736,10415,-21.04,2.93,1134
101.4,1490275627,10418,-21.11,2.92,1135
101.4,1490276518,10419,-21.24,2.92,1136
101.4,1490277409,10415,-21.04,2.91,1137
101.4,1490278300,10425,-20.64,2.92,1138
101.4,1490279191,10110,-19.72,2.92,1139
101.4,1490280082,10117,-19.03,2.93,1140
101.4,1490280973,9957,-17.88,2.93,1141
101.4,1490281865,9575,-14.83,2.96,1142
101.4,1490282757,9452,-14.46,2.95,1143
101.4,1490283650,9451,-12.57,2.99,1144
101.4,1490284543,9428,-11.53,2.99,1145
101.4,1490285435,9259,-11.53,3.00,1146
101.4,1490286329,9124,-8.95,3.02,1147
101.4,1490287222,9103,-9.38,3.03,1148
101.4,1490288116,8833,-8.31,3.04,1149
101.4,1490289010,8671,-8.65,3.06,1150
101.4,1490289903,8594,-8.31,3.05,1151
101.4,1490290797,8601,-7.53,3.06,1152
101.4,1490291691,8607,-6.64,3.07,1153
101.4,1490292586,8335,-5.70,3.08,1154
101.4,1490293480,8205,-5.08,3.09,1155
101.4,1490294375,8192,-4.55,3.08,1156
101.4,1490295270,8182,-3.92,3.09,1157
101.4,1490296165,8185,-3.44,3.09,1158
101.4,1490297061,7825,-2.93,3.10,1159
101.4,1490297956,7776,-2.36,3.11,1160
101.4,1490298852,7753,-1.62,3.09,1161
101.4,1490299748,7683,-0.86,3.12,1162
101.4,1490300644,7695,-0.28,3.10,1163
101.4,1490301540,7693,0.12,3.12,1164
101.4,1490302436,7759,-0.04,3.12,1165
101.4,1490303333,8008,-0.62,3.13,1166
101.4,1490304228,8182,-1.14,3.13,1167
101.4,1490305124,8214,-1.31,3.13,1168
101.4,1490306020,8222,-1.66,3.13,1169
101.4,1490306916,8224,-1.66,3.11,1170
101.4,1490307811,8225,-1.87,3.13,1171
101.4,1490308707,8227,-1.94,3.13,1172
101.4,1490309603,8232,-2.08,3.12,1173
101.4,1490310498,8235,-2.04,3.13,1174
101.4,1490311394,7815,-1.62,3.13,1175
101.4,1490312290,7797,-1.21,3.11,1176
101.4,1490313186,8231,-2.29,3.12,1177
101.4,1490314081,8304,-2.97,3.11,1178
101.4,1490314977,8406,-3.55,3.11,1179
101.4,1490315872,8664,-4.07,3.11,1180
101.4,1490316767,8701,-4.25,3.12,1181
101.4,1490317662,8726,-5.16,3.10,1182
101.4,1490318556,8734,-6.17,3.09,1183
101.4,1490319451,8853,-7.40,3.08,1184
101.4,1490320345,9239,-8.78,3.07,1185
101.4,1490321239,9259,-9.81,3.07,1186
101.4,1490322132,9355,-10.70,3.08,1187
101.4,1490323025,9435,-11.30,3.06,1188
101.4,1490323918,9480,-12.33,3.05,1189
101.4,1490324811,9475,-13.10,3.03,1190
101.4,1490325704,9451,-13.85,3.05,1191
101.4,1490326596,9460,-14.41,3.02,1192
101.4,1490327489,9469,-14.93,3.02,1193
101.4,1490328381,9530,-15.20,3.03,1194
101.4,1490329273,9537,-15.95,3.01,1195
101.4,1490330165,9546,-16.17,3.01,1196
101.4,1490331057,9628,-16.79,3.00,1197
101.4,1490331949,9638,-16.79,2.99,1198
101.4,1490332841,9838,-16.96,2.98,1199
101.4,1490333733,9910,-17.77,2.98,1200
101.4,1490334625,9908,-17.94,2.98,1201
101.4,1490335516,9898,-18.30,2.97,1202
101.4,1490336408,9896,-18.54,2.97,1203
101.4,1490337299,10081,-18.60,2.96,1204
101.4,1490338191,10070,-18.85,2.96,1205
101.4,1490339082,10038,-18.97,2.96,1206
101.4,1490339973,10026,-19.03,2.96,1207
101.4,1490340865,10425,-19.28,2.96,1208
101.4,1490341756,10471,-19.47,2.96,1209
101.4,1490342647,10428,-19.72,2.93,1210
101.4,1490343538,10442,-19.85,2.94,1211
101.4,1490344430,10445,-20.05,2.93,1212
101.4,1490345321,10440,-20.31,2.95,1213
101.4,1490346212,10444,-20.05,2.93,1214
101.4,1490347103,10432,-20.31,2.94,1215
101.4,1490347994,10423,-20.11,2.91,1216
101.4,1490348885,10417,-20.31,2.93,1217
101.4,1490349776,10414,-20.50,2.93,1218
101.4,1490350667,10413,-20.77,2.92,1219
101.4,1490351558,10422,-20.97,2.93,1220
101.4,1490352449,10776,-21.24,2.93,1221
101.4,1490353340,10835,-21.52,2.93,1222
101.4,1490354230,10767,-21.79,2.91,1223
101.4,1490355121,10795,-21.52,2.91,1224
101.4,1490356012,10808,-21.72,2.90,1225
101.4,1490356903,10781,-21.86,2.90,1226
101.4,1490357793,10773,-22.00,2.90,1227
101.4,1490358684,10765,-22.29,2.91,1228
101.4,1490359574,10763,-22.43,2.90,1229
101.4,1490360465,10755,-22.22,2.90,1230
101.4,1490361355,10742,-22.22,2.89,1231
101.4,1490362246,10763,-22.58,2.90,1232
101.4,1490363136,10762,-22.36,2.89,1233
101.4,1490364027,10774,-22.22,2.91,1234
101.4,1490364918,10891,-21.45,2.91,1235
101.4,1490365808,10450,-20.64,2.92,1236
101.4,1490366699,10541,-19.66,2.91,1237
101.4,1490367591,9870,-17.59,2.93,1238
101.4,1490368482,9567,-15.25,2.95,1239
101.4,1490369375,9443,-14.26,2.97,1240
101.4,1490370267,9443,-12.33,2.99,1241
101.4,1490371160,9392,-11.86,3.00,1242
101.4,1490372053,9169,-10.57,3.02,1243
101.4,1490372947,9114,-8.78,3.02,1244
101.4,1490373840,9092,-9.12,3.03,1245
101.4,1490374734,8861,-8.78,3.03,1246
101.4,1490375628,8790,-8.99,3.05,1247
101.4,1490376521,8581,-8.69,3.05,1248
101.4,1490377415,8588,-8.06,3.03,1249
101.4,1490378309,8592,-7.16,3.07,1250
101.4,1490379204,8230,-5.93,3.07,1251
101.4,1490380098,8184,-4.85,3.07,1252
101.4,1490380993,8192,-4.22,3.08,1253
101.4,1490381888,8186,-3.55,3.09,1254
101.4,1490382784,7784,-2.93,3.09,1255
101.4,1490383679,7780,-2.40,3.10,1256
101.4,1490384575,7730,-1.83,3.11,1257
101.4,1490385470,7732,-1.41,3.11,1258
101.4,1490386367,7712,-0.69,3.11,1259
101.4,1490387263,7694,-0.28,3.10,1260
101.4,1490388159,7707,-0.04,3.11,1261
101.4,1490389055,7723,-0.01,3.13,1262
101.4,1490389951,7838,-0.66,3.13,1263
101.4,1490390847,8067,-0.96,3.13,1264
101.4,1490391743,8149,-1.17,3.13,1265
101.4,1490392639,8174,-1.14,3.11,1266
101.4,1490393535,8080,-1.14,3.13,1267
101.4,1490394431,8040,-1.00,3.13,1268
101.4,1490395327,8178,-1.34,3.12,1269
101.4,1490396223,8054,-1.41,3.12,1270
101.4,1490397119,7705,-0.49,3.13,1271
101.4,1490398015,7691,0.32,3.14,1272
101.4,1490398911,7733,-0.21,3.14,1273
101.4,1490399807,8165,-1.59,3.13,1274
101.4,1490400703,8220,-2.50,3.12,1275
101.4,1490401599,8275,-3.19,3.12,1276
101.4,1490402494,8395,-3.70,3.12,1277
101.4,1490403389,8694,-4.52,3.12,1278
101.4,1490404284,8707,-5.27,3.11,1279
101.4,1490405178,8720,-5.77,3.11,1280
101.4,1490406073,8728,-6.88,3.08,1281
101.4,1490406967,8959,-8.27,3.09,1282
101.4,1490407861,9230,-9.81,3.08,1283
101.4,1490408754,9283,-10.84,3.07,1284
101.4,1490409647,9457,-11.95,3.06,1285
101.4,1490410540,9471,-12.71,3.06,1286
101.4,1490411433,9456,-13.15,3.04,1287
101.4,1490412326,9451,-13.75,3.04,1288
101.4,1490413218,9446,-14.31,3.01,1289
101.4,1490414110,9453,-14.57,3.02,1290
101.4,1490415003,9499,-15.20,3.02,1291
101.4,1490415895,9528,-15.73,3.01,1292
101.4,1490416787,9532,-16.17,3.00,1293
101.4,1490417679,9535,-16.34,2.99,1294
101.4,1490418571,9535,-16.34,3.00,1295
101.4,1490419463,9697,-16.84,2.99,1296
101.4,1490420355,9720,-17.01,2.99,1297
101.4,1490421247,9833,-17.19,2.97,1298
101.4,1490422139,9874,-17.53,2.97,1299
101.4,1490423030,9884,-17.82,2.97,1300
101.4,1490423922,9907,-17.77,2.97,1301
101.4,1490424814,9915,-18.06,2.96,1302
101.4,1490425705,9899,-18.36,2.96,1303
101.4,1490426597,10027,-18.42,2.95,1304
101.4,1490427488,10070,-18.73,2.95,1305
101.4,1490428380,10045,-18.79,2.95,1306
101.4,1490429271,10043,-18.85,2.96,1307
101.4,1490430162,10043,-18.97,2.95,1308
101.4,1490431053,10180,-18.91,2.93,1309
101.4,1490431945,10379,-19.28,2.94,1310
101.4,1490432836,10440,-19.53,2.93,1311
101.4,1490432836,10440,-19.53,2.93,1311
101.4,1490433727,10475,-19.72,2.94,1312
101.4,1490434618,10400,-19.66,2.94,1313
101.4,1490435509,10419,-19.92,2.94,1314
101.4,1490435509,10419,-19.92,2.94,1314
101.4,1490436401,10399,-20.24,2.94,1315
101.4,1490437292,10395,-19.98,2.92,1316
101.4,1490438183,10441,-19.92,2.92,1317
101.4,1490439074,10399,-20.24,2.92,1318
101.4,1490439965,10405,-20.24,2.93,1319
101.4,1490440856,10401,-20.37,2.92,1320
101.4,1490441747,10413,-20.11,2.93,1321
101.4,1490442638,10421,-20.57,2.93,1322
101.4,1490443529,10415,-20.64,2.93,1323
101.4,1490444420,10413,-20.31,2.92,1324
101.4,1490445311,10412,-20.57,2.93,1325
101.4,1490446202,10411,-20.84,2.91,1326
101.4,1490447093,10409,-20.50,2.92,1327
101.4,1490447984,10408,-20.57,2.91,1328
101.4,1490448875,10413,-20.44,2.92,1329
101.4,1490449766,10423,-20.50,2.93,1330
101.4,1490450657,10446,-19.98,2.93,1331
101.4,1490451548,10100,-19.41,2.94,1332
101.4,1490452439,9844,-17.94,2.94,1333
101.4,1490453331,9536,-16.79,2.95,1334
101.4,1490454223,9450,-14.11,2.97,1335
101.4,1490455116,9400,-10.88,2.97,1336
101.4,1490456009,9121,-9.90,3.01,1337
101.4,1490456902,8781,-7.45,3.01,1338
101.4,1490457796,8581,-6.76,3.03,1339
101.4,1490458691,8580,-4.52,3.05,1340
101.4,1490459585,8551,-3.52,3.06,1341
101.4,1490460481,8329,-3.22,3.08,1342
101.4,1490461376,8280,-3.59,3.09,1343
101.4,1490462271,8198,-3.70,3.08,1344
101.4,1490463166,8171,-3.55,3.09,1345
101.4,1490464061,8172,-3.22,3.09,1346
101.4,1490464957,8168,-2.75,3.10,1347
101.4,1490465852,7781,-2.22,3.10,1348
101.4,1490466748,7772,-1.76,3.09,1349
101.4,1490467643,7745,-1.41,3.12,1350
101.4,1490468539,7757,-1.14,3.12,1351
101.4,1490469435,7737,-0.83,3.10,1352
101.4,1490470331,7693,-0.52,3.12,1353
101.4,1490471227,7685,-0.28,3.11,1354
101.4,1490472124,7615,0.29,3.12,1355
101.4,1490473020,7642,0.56,3.11,1356
101.4,1490473917,7684,0.56,3.14,1357
101.4,1490474813,7712,0.42,3.13,1358
101.4,1490475709,7758,0.22,3.13,1359
101.4,1490476606,7823,-0.32,3.14,1360
101.4,1490477502,7962,-0.69,3.13,1361
101.4,1490478398,8084,-1.00,3.12,1362
101.4,1490479294,8137,-1.17,3.12,1363
101.4,1490480190,7924,-0.93,3.13,1364
101.4,1490481086,8074,-1.00,3.14,1365
101.4,1490481981,8179,-1.38,3.12,1366
101.4,1490482877,7794,-1.17,3.14,1367
101.4,1490483774,7743,-0.11,3.14,1368
101.4,1490484670,7738,0.19,3.13,1369
101.4,1490485566,7768,-0.93,3.14,1370
101.4,1490486462,8215,-2.33,3.13,1371
101.4,1490487358,8289,-3.22,3.12,1372
101.4,1490488253,8396,-3.85,3.11,1373
101.4,1490489148,8650,-4.25,3.11,1374
101.4,1490490043,8696,-4.74,3.11,1375
101.4,1490490938,8712,-5.47,3.11,1376
101.4,1490491832,8724,-6.01,3.11,1377
101.4,1490492727,8728,-6.80,3.09,1378
101.4,1490493621,8931,-7.94,3.09,1379
101.4,1490494515,9241,-9.16,3.09,1380
101.4,1490495408,9257,-10.30,3.07,1381
101.4,1490496302,9343,-11.34,3.07,1382
101.4,1490497195,9452,-12.52,3.04,1383
101.4,1490498088,9458,-13.10,3.05,1384
101.4,1490498980,9445,-13.95,3.05,1385
101.4,1490498980,9445,-13.95,3.05,1385
101.4,1490499873,9454,-14.62,3.04,1386
101.4,1490500765,9469,-15.36,3.01,1387
101.4,1490501657,9528,-15.52,3.01,1388
101.4,1490502549,9535,-16.17,3.00,1389
101.4,1490503441,9534,-16.39,3.00,1390
101.4,1490504333,9533,-16.34,3.00,1391
101.4,1490505225,9514,-16.01,2.99,1392
101.4,1490506117,9538,-16.12,2.99,1393
101.4,1490507009,9540,-16.45,2.98,1394
101.4,1490507901,9540,-16.45,2.99,1395
101.4,1490508793,9682,-16.79,2.97,1396
101.4,1490509685,9657,-16.96,2.99,1397
101.4,1490510577,9762,-17.13,2.96,1398
101.4,1490511468,9790,-17.59,2.97,1399
101.4,1490512360,9697,-17.19,2.98,1400
101.4,1490513252,9646,-16.90,2.97,1401
101.4,1490514144,9679,-16.90,2.97,1402
101.4,1490515036,9855,-17.36,2.98,1403
101.4,1490515927,9918,-17.82,2.97,1404
101.4,1490516819,9921,-18.18,2.97,1405
101.4,1490517711,9921,-18.48,2.96,1406
101.4,1490518602,9915,-18.24,2.96,1407
101.4,1490519494,9913,-18.36,2.96,1408
101.4,1490520385,10054,-18.18,2.97,1409
101.4,1490521277,10078,-18.54,2.96,1410
101.4,1490522168,10074,-18.60,2.95,1411
101.4,1490523059,10072,-19.03,2.95,1412
101.4,1490523951,10138,-19.03,2.95,1413
101.4,1490524842,10405,-19.22,2.95,1414
101.4,1490525733,10404,-19.41,2.95,1415
101.4,1490526625,10039,-19.16,2.95,1416
101.4,1490527516,10491,-19.53,2.95,1417
101.4,1490528407,10476,-19.60,2.94,1418
101.4,1490529298,10535,-19.79,2.93,1419
101.4,1490530189,10551,-19.53,2.93,1420
101.4,1490531080,10416,-19.92,2.93,1421
101.4,1490531972,10408,-19.92,2.93,1422
101.4,1490532863,10408,-19.92,2.94,1423
101.4,1490533754,10409,-20.31,2.94,1424
101.4,1490534645,10444,-19.92,2.93,1425
101.4,1490535536,10536,-19.92,2.93,1426
101.4,1490536427,10438,-20.18,2.93,1427
101.4,1490537318,10043,-19.41,2.94,1428
101.4,1490538209,9890,-18.18,2.94,1429
101.4,1490539101,9725,-17.13,2.96,1430
101.4,1490539993,9455,-15.95,2.97,1431
101.4,1490540885,9442,-11.81,2.97,1432
101.4,1490541778,9241,-9.55,2.99,1433
101.4,1490542671,9118,-9.81,3.01,1434
101.4,1490543565,9074,-7.61,3.02,1435
101.4,1490544459,8693,-7.69,3.05,1436
101.4,1490545353,8576,-5.20,3.06,1437
101.4,1490546247,8583,-4.67,3.06,1438
101.4,1490547142,8566,-3.55,3.06,1439
101.4,1490548037,8473,-4.22,3.07,1440
101.4,1490548932,8197,-4.25,3.09,1441
101.4,1490549827,8175,-3.85,3.10,1442
101.4,1490550722,8168,-3.41,3.09,1443
101.4,1490551617,8157,-2.90,3.10,1444
101.4,1490552513,7762,-2.29,3.11,1445
101.4,1490553408,7734,-1.76,3.10,1446
101.4,1490554304,7721,-1.14,3.11,1447
101.4,1490555200,7700,-0.76,3.12,1448
101.4,1490556096,7679,-0.49,3.13,1449
101.4,1490556992,7649,-0.18,3.13,1450
101.4,1490557888,7608,0.36,3.13,1451
101.4,1490558785,7554,0.79,3.13,1452
101.4,1490559681,7605,1.12,3.12,1453
101.4,1490560578,7556,1.25,3.13,1454
101.4,1490561475,7680,1.15,3.14,1455
101.4,1490562371,7743,0.69,3.13,1456
101.4,1490563268,7760,0.16,3.14,1457
101.4,1490564164,7761,-0.04,3.14,1458
101.4,1490565060,7764,-0.21,3.13,1459
101.4,1490565956,7760,0.12,3.13,1460
101.4,1490566853,7740,0.46,3.13,1461
101.4,1490567749,7755,0.02,3.13,1462
101.4,1490568645,7756,-0.25,3.14,1463
101.4,1490569542,7633,0.59,3.13,1464
101.4,1490570439,7578,1.84,3.15,1465
101.4,1490571335,7604,1.61,3.14,1466
101.4,1490572232,7738,0.19,3.14,1467
101.4,1490573128,8155,-1.00,3.14,1468
101.4,1490574024,8212,-1.90,3.14,1469
101.4,1490574920,8217,-2.58,3.13,1470
101.4,1490575815,8252,-2.97,3.12,1471
101.4,1490576711,8348,-3.66,3.12,1472
101.4,1490577606,8677,-4.48,3.11,1473
101.4,1490578501,8689,-5.04,3.11,1474
101.4,1490579395,8717,-5.93,3.12,1475
101.4,1490580290,8720,-7.00,3.11,1476
101.4,1490581184,8985,-8.35,3.10,1477
101.4,1490582077,9210,-9.38,3.09,1478
101.4,1490582971,9233,-10.48,3.08,1479
101.4,1490583864,9293,-11.48,3.08,1480
101.4,1490584757,9393,-12.28,3.06,1481
101.4,1490585650,9416,-12.76,3.06,1482
101.4,1490586543,9442,-13.25,3.04,1483
101.4,1490587436,9435,-13.75,3.04,1484
101.4,1490588328,9436,-14.11,3.03,1485
101.4,1490589221,9430,-14.36,3.03,1486
101.4,1490590113,9433,-14.26,3.03,1487
101.4,1490591005,9426,-14.46,3.01,1488
101.4,1490591898,9427,-14.41,3.02,1489
101.4,1490592790,9422,-14.46,3.01,1490
101.4,1490593683,9422,-14.78,3.00,1491
101.4,1490594575,9418,-14.67,3.01,1492
101.4,1490595467,9454,-15.25,2.99,1493
101.4,1490596359,9467,-15.47,2.99,1494
101.4,1490597252,9483,-15.41,3.00,1495
101.4,1490598144,9507,-15.68,3.00,1496
101.4,1490599036,9529,-16.06,2.99,1497
101.4,1490599928,9531,-16.34,2.99,1498
101.4,1490600820,9532,-16.23,2.99,1499
101.4,1490601712,9532,-16.34,2.99,1500
101.4,1490602604,9527,-16.17,3.00,1501
101.4,1490603496,9531,-16.06,3.00,1502
101.4,1490604388,9537,-16.39,2.99,1503
101.4,1490605280,9536,-16.51,2.99,1504
101.4,1490606172,9537,-16.28,2.98,1505
101.4,1490607064,9537,-16.73,2.97,1506
101.4,1490607956,9597,-16.56,2.97,1507
101.4,1490608848,9667,-16.90,2.98,1508
101.4,1490609739,9788,-17.24,2.97,1509
101.4,1490610631,9760,-17.36,2.96,1510
101.4,1490611523,9602,-17.01,2.97,1511
101.4,1490612414,9534,-16.84,2.97,1512
101.4,1490613306,9533,-16.56,2.97,1513
101.4,1490614198,9533,-16.73,2.98,1514
101.4,1490615090,9532,-16.56,2.97,1515
101.4,1490615982,9528,-16.12,2.97,1516
101.4,1490616874,9512,-15.95,2.98,1517
101.4,1490617766,9468,-15.90,2.98,1518
101.4,1490618658,9431,-14.67,2.98,1519
101.4,1490619550,9108,-12.19,3.00,1520
101.4,1490620443,8814,-10.66,3.01,1521
101.4,1490621337,8579,-9.38,3.03,1522
101.4,1490622230,8589,-9.08,3.03,1523
101.4,1490623124,8585,-8.02,3.05,1524
101.4,1490624018,8586,-7.12,3.05,1525
101.4,1490624912,8573,-6.20,3.07,1526
101.4,1490625807,8573,-5.58,3.06,1527
101.4,1490626702,8318,-4.55,3.07,1528
101.4,1490627597,8173,-1.90,3.09,1529
101.4,1490628492,8144,-2.36,3.09,1530
101.4,1490629388,8128,-1.97,3.10,1531
101.4,1490630283,8129,-0.86,3.12,1532
101.4,1490631179,8145,-0.79,3.12,1533
101.4,1490632075,8053,0.39,3.11,1534
101.4,1490632971,8127,-0.25,3.12,1535
101.4,1490633867,7779,-0.01,3.13,1536
101.4,1490634763,7765,-0.66,3.12,1537
101.4,1490635659,7758,-0.55,3.13,1538
101.4,1490636555,7755,-0.52,3.13,1539
101.4,1490637452,7733,-0.25,3.14,1540
101.4,1490638348,7668,0.49,3.13,1541
101.4,1490639244,7624,0.99,3.14,1542
101.4,1490640141,7635,1.61,3.15,1543
101.4,1490641038,7646,1.51,3.15,1544
101.4,1490641935,7548,1.81,3.14,1545
101.4,1490642831,7628,1.77,3.14,1546
101.4,1490643731,7666,1.00,3.13,1547
101.4,1490644625,7501,2.13,3.12,1548
101.4,1490645522,7622,2.23,3.15,1549
101.4,1490646419,7667,1.87,3.13,1550
101.4,1490647316,7673,1.97,3.15,1551
101.4,1490648213,7692,1.55,3.14,1552
101.4,1490649110,7719,1.61,3.15,1553
101.4,1490650006,7689,1.84,3.15,1554
101.4,1490650903,7711,1.68,3.12,1555
101.4,1490651800,7700,1.61,3.15,1556
101.4,1490652697,7701,1.58,3.15,1557
101.4,1490653593,7679,1.87,3.16,1558
101.4,1490654490,7702,1.64,3.16,1559
101.4,1490655387,7718,1.22,3.15,1560
101.4,1490656283,7704,1.32,3.15,1561
101.4,1490657180,7767,1.15,3.16,1562
101.4,1490658077,7768,0.72,3.16,1563
101.4,1490658973,7785,0.09,3.14,1564
101.4,1490659869,7797,-0.25,3.14,1565
101.4,1490660765,7829,-0.42,3.14,1566
101.4,1490661661,8061,-0.66,3.12,1567
101.4,1490662557,8129,-1.00,3.15,1568
101.4,1490663453,8195,-1.17,3.14,1569
101.4,1490664349,8228,-1.41,3.14,1570
101.4,1490665245,8243,-1.59,3.13,1571
101.4,1490666140,8251,-1.76,3.14,1572
101.4,1490667036,8258,-1.97,3.14,1573
101.4,1490667932,8259,-2.11,3.13,1574
101.4,1490668827,8260,-2.15,3.14,1575
101.4,1490669723,8261,-2.04,3.13,1576
101.4,1490670618,8261,-1.97,3.14,1577
101.4,1490671514,8260,-1.87,3.12,1578
101.4,1490672409,8259,-1.76,3.13,1579
101.4,1490673305,8256,-1.69,3.12,1580
101.4,1490674200,8256,-1.59,3.13,1581
101.4,1490675096,8253,-1.62,3.13,1582
101.4,1490675992,8254,-1.62,3.13,1583
101.4,1490676887,8254,-1.62,3.11,1584
101.4,1490677783,8253,-1.59,3.13,1585
101.4,1490678679,8252,-1.66,3.12,1586
101.4,1490679574,8251,-1.55,3.14,1587
101.4,1490680470,8250,-1.59,3.13,1588
101.4,1490681366,8240,-1.52,3.13,1589
101.4,1490682261,8237,-1.41,3.13,1590
101.4,1490683157,8237,-1.52,3.13,1591
101.4,1490684053,8236,-1.38,3.14,1592
101.4,1490684949,8235,-1.31,3.14,1593
101.4,1490685844,8238,-1.41,3.13,1594
101.4,1490686740,8240,-1.45,3.13,1595
101.4,1490687636,8246,-1.59,3.14,1596
101.4,1490688531,8246,-1.73,3.14,1597
101.4,1490689427,8242,-1.62,3.13,1598
101.4,1490690323,8242,-1.52,3.14,1599
101.4,1490691218,8243,-1.59,3.14,1600
101.4,1490692114,8242,-1.52,3.13,1601
101.4,1490693010,8240,-1.52,3.14,1602
101.4,1490693906,8241,-1.55,3.14,1603
101.4,1490694801,8243,-1.55,3.15,1604
101.4,1490695697,8241,-1.59,3.12,1605
101.4,1490696593,8244,-1.66,3.14,1606
101.4,1490697488,8244,-1.62,3.14,1607
101.4,1490698384,8245,-1.73,3.13,1608
101.4,1490699280,8248,-1.90,3.13,1609
101.4,1490700175,8249,-2.11,3.13,1610
101.4,1490701071,8252,-2.18,3.13,1611
101.4,1490701966,8254,-2.40,3.13,1612
101.4,1490702862,8255,-2.47,3.13,1613
101.4,1490703757,8261,-2.54,3.13,1614
101.4,1490704652,8286,-2.65,3.13,1615
101.4,1490705548,8287,-2.61,3.13,1616
101.4,1490706443,8296,-2.75,3.12,1617
101.4,1490707339,8286,-2.72,3.13,1618
101.4,1490708234,8248,-2.50,3.13,1619
101.4,1490709130,8246,-2.22,3.13,1620
101.4,1490710025,8241,-2.01,3.13,1621
101.4,1490710921,8241,-1.62,3.14,1622
101.4,1490711817,8224,-1.27,3.15,1623
101.4,1490712712,8153,-0.83,3.15,1624
101.4,1490713608,8088,-0.55,3.14,1625
101.4,1490714504,7806,-0.35,3.13,1626
101.4,1490715400,7799,-0.11,3.15,1627
101.4,1490716296,7792,0.12,3.14,1628
101.4,1490717193,7786,0.39,3.15,1629
101.4,1490718089,7777,0.52,3.14,1630
101.4,1490718985,7765,0.99,3.16,1631
101.4,1490719882,7724,1.05,3.16,1632
101.4,1490720778,7727,1.28,3.14,1633
101.4,1490721675,7717,1.42,3.15,1634
101.4,1490722571,7712,1.38,3.15,1635
101.4,1490723468,7705,1.68,3.16,1636
101.4,1490724365,7702,1.58,3.17,1637
101.4,1490725261,7701,1.81,3.15,1638
101.4,1490726158,7664,2.00,3.17,1639
101.4,1490727055,7635,2.39,3.16,1640
101.4,1490727952,7630,2.74,3.15,1641
101.4,1490728849,7613,2.84,3.15,1642
101.4,1490729746,7542,3.06,3.16,1643
101.4,1490730644,7491,3.75,3.16,1644
101.4,1490731541,7485,4.13,3.17,1645
101.4,1490732439,7483,4.38,3.17,1646
101.4,1490733337,7485,4.22,3.18,1647
101.4,1490734234,7489,4.31,3.17,1648
101.4,1490735132,7509,4.10,3.19,1649
101.4,1490736029,7509,4.10,3.19,1650
101.4,1490736927,7507,3.97,3.19,1651
101.4,1490737825,7484,4.03,3.17,1652
101.4,1490738722,7524,3.85,3.18,1653
101.4,1490739619,7552,3.50,3.18,1654
101.4,1490740517,7532,3.41,3.19,1655
101.4,1490741414,7513,3.66,3.18,1656
101.4,1490742312,7455,4.22,3.18,1657
101.4,1490743210,7423,5.12,3.17,1658
101.4,1490744108,7459,4.44,3.18,1659
101.4,1490745005,7511,3.75,3.18,1660
101.4,1490745903,7548,3.47,3.19,1661
101.4,1490746800,7597,3.34,3.19,1662
101.4,1490747697,7652,2.87,3.19,1663
101.4,1490748594,7651,2.80,3.18,1664
101.4,1490749491,7672,2.42,3.18,1665
101.4,1490750388,7721,1.94,3.18,1666
101.4,1490751285,7770,1.15,3.19,1667
101.4,1490752181,7784,0.46,3.18,1668
101.4,1490753078,8217,-1.00,3.17,1669
101.4,1490753973,8235,-1.73,3.16,1670
101.4,1490754869,8252,-2.29,3.17,1671
101.4,1490755764,8405,-3.30,3.17,1672
101.4,1490756660,8712,-4.18,3.14,1673
101.4,1490757554,8722,-4.74,3.15,1674
101.4,1490758449,8733,-5.27,3.15,1675
101.4,1490759344,8741,-5.66,3.13,1676
101.4,1490760238,8738,-6.24,3.12,1677
101.4,1490761132,8739,-6.52,3.11,1678
101.4,1490762027,8739,-6.96,3.12,1679
101.4,1490762921,8739,-7.08,3.12,1680
101.4,1490763815,8738,-7.32,3.12,1681
101.4,1490764709,8736,-7.32,3.11,1682
101.4,1490765603,8735,-7.16,3.12,1683
101.4,1490766497,8734,-6.96,3.10,1684
101.4,1490767391,8732,-6.92,3.09,1685
101.4,1490768286,8730,-6.92,3.11,1686
101.4,1490769180,8729,-7.12,3.09,1687
101.4,1490770074,8877,-7.28,3.10,1688
101.4,1490770968,8887,-7.57,3.08,1689
101.4,1490771862,8806,-7.49,3.09,1690
101.4,1490772756,8725,-7.24,3.09,1691
101.4,1490773650,8771,-7.20,3.09,1692
101.4,1490774544,8880,-7.32,3.09,1693
101.4,1490775438,8892,-7.36,3.10,1694
101.4,1490776332,9145,-7.69,3.08,1695
101.4,1490777226,9194,-8.15,3.08,1696
101.4,1490777226,9194,-8.15,3.08,1696
101.4,1490778120,9217,-8.40,3.09,1697
101.4,1490779013,9214,-8.65,3.09,1698
101.4,1490779907,9204,-9.12,3.09,1699
101.4,1490780800,9211,-9.59,3.06,1700
101.4,1490781694,9283,-10.03,3.07,1701
101.4,1490782587,9299,-10.39,3.06,1702
101.4,1490783480,9289,-10.39,3.07,1703
101.4,1490784374,9312,-10.52,3.07,1704
101.4,1490785267,9284,-10.57,3.06,1705
101.4,1490786160,9289,-10.52,3.06,1706
101.4,1490787053,9368,-10.88,3.07,1707
101.4,1490787946,9408,-10.93,3.05,1708
101.4,1490788839,9426,-11.02,3.05,1709
101.4,1490789732,9425,-11.25,3.06,1710
101.4,1490790625,9424,-11.20,3.05,1711
101.4,1490791518,9424,-11.11,3.04,1712
101.4,1490792411,9424,-11.07,3.05,1713
101.4,1490793305,9396,-10.84,3.05,1714
101.4,1490794198,9291,-10.52,3.05,1715
101.4,1490795091,9274,-10.17,3.06,1716
101.4,1490795984,9187,-9.68,3.05,1717
101.4,1490796878,9184,-8.99,3.07,1718
101.4,1490797771,8933,-8.35,3.06,1719
101.4,1490798665,8915,-7.69,3.07,1720
101.4,1490799559,8690,-7.16,3.06,1721
101.4,1490800453,8691,-6.24,3.09,1722
101.4,1490801347,8670,-5.16,3.10,1723
101.4,1490802242,8660,-4.25,3.09,1724
101.4,1490803137,8641,-3.70,3.11,1725
101.4,1490804032,8635,-3.77,3.11,1726
101.4,1490804927,8223,-2.97,3.10,1727
101.4,1490805822,8184,-1.45,3.09,1728
101.4,1490806718,8137,-0.62,3.13,1729
101.4,1490807614,8170,-1.07,3.12,1730
101.4,1490808509,8144,-0.83,3.13,1731
101.4,1490809405,8059,-0.59,3.14,1732
101.4,1490810301,8017,-0.42,3.12,1733
101.4,1490811197,7787,-0.11,3.13,1734
101.4,1490812093,7788,0.09,3.15,1735
101.4,1490812990,7798,0.62,3.15,1736
101.4,1490813886,7747,1.15,3.15,1737
101.4,1490814782,7750,1.19,3.16,1738
101.4,1490815679,7744,1.38,3.16,1739
101.4,1490816575,7675,2.03,3.14,1740
101.4,1490817472,7654,2.55,3.14,1741
101.4,1490818369,7653,2.68,3.16,1742
101.4,1490819266,7603,3.09,3.18,1743
101.4,1490820163,7545,3.37,3.14,1744
101.4,1490821060,7666,2.87,3.15,1745
101.4,1490821957,7663,2.80,3.17,1746
101.4,1490822855,7671,2.99,3.17,1747
101.4,1490823752,7635,2.90,3.17,1748
101.4,1490824649,7661,2.74,3.17,1749
101.4,1490825546,7641,2.84,3.18,1750
101.4,1490826443,7666,3.15,3.16,1751
101.4,1490827340,7551,3.31,3.17,1752
101.4,1490828237,7495,3.56,3.17,1753
101.4,1490829135,7423,4.81,3.16,1754
101.4,1490830033,7426,5.67,3.17,1755
101.4,1490830931,7460,5.21,3.17,1756
101.4,1490831828,7552,3.50,3.19,1757
101.4,1490832725,7722,2.45,3.19,1758
101.4,1490833622,7770,1.74,3.17,1759
101.4,1490834519,7778,1.02,3.17,1760
101.4,1490835415,7787,0.82,3.17,1761
101.4,1490836312,7814,0.26,3.18,1762
101.4,1490837208,8131,-0.42,3.16,1763
101.4,1490838104,8265,-1.21,3.14,1764
101.4,1490838999,8279,-1.90,3.16,1765
101.4,1490839895,8312,-2.79,3.15,1766
101.4,1490840790,8665,-3.59,3.14,1767
101.4,1490841685,8738,-4.29,3.15,1768
101.4,1490842580,8739,-4.82,3.14,1769
101.4,1490843474,8737,-5.54,3.14,1770
101.4,1490844369,8736,-6.28,3.13,1771
101.4,1490845263,8734,-6.76,3.12,1772
101.4,1490846157,8735,-6.76,3.13,1773
101.4,1490847052,8736,-6.72,3.10,1774
101.4,1490847946,8737,-6.44,3.10,1775
101.4,1490848840,8738,-6.40,3.11,1776
101.4,1490849735,8738,-6.17,3.11,1777
101.4,1490850629,8734,-6.48,3.11,1778
101.4,1490850629,8734,-6.48,3.11,1778
101.4,1490851523,8844,-7.24,3.10,1779
101.4,1490852417,8950,-7.90,3.10,1780
101.4,1490853311,9217,-8.48,3.10,1781
101.4,1490854205,9241,-9.08,3.07,1782
101.4,1490855098,9247,-9.46,3.09,1783
101.4,1490855992,9237,-9.77,3.07,1784
101.4,1490856885,9241,-10.25,3.09,1785
101.4,1490857778,9317,-10.66,3.05,1786
101.4,1490858671,9435,-10.98,3.06,1787
101.4,1490859565,9456,-11.20,3.06,1788
101.4,1490860458,9487,-11.76,3.07,1789
101.4,1490861351,9463,-11.57,3.05,1790
101.4,1490862243,9478,-11.76,3.05,1791
101.4,1490863136,9484,-12.43,3.05,1792
101.4,1490864029,9484,-12.43,3.03,1793
101.4,1490864922,9485,-12.96,3.03,1794
101.4,1490865814,9484,-13.20,3.03,1795
101.4,1490866707,9483,-13.10,3.03,1796
101.4,1490867600,9482,-12.96,3.04,1797
101.4,1490868492,9482,-12.96,3.02,1798
101.4,1490869385,9478,-13.15,3.03,1799
101.4,1490870277,9478,-13.15,3.02,1800
101.4,1490871170,9480,-12.81,3.01,1801
101.4,1490872063,9475,-12.43,3.02,1802
101.4,1490872956,9441,-11.76,3.04,1803
101.4,1490873849,9404,-11.07,3.03,1804
101.4,1490874742,9262,-10.57,3.03,1805
101.4,1490875635,9187,-9.90,3.04,1806
101.4,1490876528,9194,-9.64,3.05,1807
101.4,1490877422,9208,-9.29,3.07,1808
101.4,1490878316,9201,-8.86,3.06,1809
101.4,1490879209,9203,-8.78,3.05,1810
101.4,1490880103,9200,-8.82,3.07,1811
101.4,1490880996,9202,-8.69,3.06,1812
101.4,1490881890,9183,-8.44,3.07,1813
101.4,1490882784,9063,-8.23,3.06,1814
101.4,1490883678,9044,-7.81,3.07,1815
101.4,1490884571,8682,-7.49,3.07,1816
101.4,1490885465,8683,-7.04,3.07,1817
101.4,1490886360,8683,-6.68,3.09,1818
101.4,1490887254,8686,-6.09,3.09,1819
101.4,1490888148,8659,-4.74,3.10,1820
101.4,1490889043,8650,-4.10,3.11,1821
101.4,1490889938,8652,-4.44,3.09,1822
101.4,1490890832,8653,-4.40,3.11,1823
101.4,1490891727,8381,-3.41,3.11,1824
101.4,1490892622,8230,-2.93,3.11,1825
101.4,1490893518,8205,-2.58,3.12,1826
101.4,1490894413,8215,-2.47,3.10,1827
101.4,1490895308,8199,-1.48,3.13,1828
101.4,1490896204,8190,-1.00,3.13,1829
101.4,1490897100,8057,-0.69,3.13,1830
101.4,1490897996,7796,-0.18,3.13,1831
101.4,1490898892,7752,0.66,3.13,1832
101.4,1490899788,7732,1.15,3.16,1833
101.4,1490900685,7659,1.64,3.13,1834
101.4,1490901581,7651,2.23,3.15,1835
101.4,1490902478,7549,2.61,3.15,1836
101.4,1490903375,7507,2.90,3.15,1837
101.4,1490904273,7509,3.37,3.15,1838
101.4,1490905170,7501,4.13,3.14,1839
101.4,1490906068,7498,4.69,3.18,1840
101.4,1490906965,7505,4.16,3.17,1841
101.4,1490907863,7523,4.25,3.17,1842
101.4,1490908761,7642,3.97,3.17,1843
101.4,1490909658,7659,3.63,3.17,1844
101.4,1490910555,7739,3.22,3.18,1845
101.4,1490911452,7745,2.93,3.18,1846
101.4,1490912349,7606,3.56,3.17,1847
101.4,1490913247,7616,3.60,3.18,1848
101.4,1490914144,7621,3.63,3.18,1849
101.4,1490915041,7651,3.60,3.17,1850
101.4,1490915938,7681,3.47,3.17,1851
101.4,1490916836,7693,3.41,3.17,1852
101.4,1490917733,7717,3.37,3.16,1853
101.4,1490918630,7745,3.22,3.17,1854
101.4,1490919527,7755,2.87,3.17,1855
101.4,1490920424,7781,2.90,3.16,1856
101.4,1490921321,7804,2.36,3.18,1857
101.4,1490922218,7821,2.00,3.17,1858
101.4,1490923115,7837,1.61,3.17,1859
101.4,1490924011,7843,1.12,3.17,1860
101.4,1490924908,8248,0.82,3.17,1861
101.4,1490925804,8281,0.06,3.15,1862
101.4,1490926700,8298,-0.42,3.16,1863
101.4,1490927596,8300,-0.76,3.16,1864
101.4,1490928492,8302,-0.96,3.16,1865
101.4,1490929387,8313,-1.07,3.15,1866
101.4,1490930283,8367,-1.48,3.15,1867
101.4,1490931179,8376,-1.97,3.14,1868
101.4,1490932074,8598,-2.22,3.15,1869
101.4,1490932969,8751,-2.58,3.14,1870
101.4,1490933865,8775,-3.04,3.14,1871
101.4,1490934760,8780,-3.08,3.13,1872
101.4,1490935655,8779,-2.97,3.13,1873
101.4,1490936550,8775,-2.97,3.12,1874
101.4,1490937445,8775,-2.90,3.12,1875
101.4,1490938341,8777,-3.12,3.12,1876
101.4,1490939236,8778,-3.15,3.13,1877
101.4,1490940131,8778,-3.26,3.12,1878
101.4,1490941026,8782,-3.52,3.12,1879
101.4,1490941921,8776,-3.77,3.11,1880
101.4,1490942816,8772,-4.03,3.12,1881
101.4,1490943711,8772,-4.25,3.13,1882
101.4,1490944606,8766,-4.52,3.13,1883
101.4,1490945501,8762,-4.78,3.13,1884
101.4,1490946395,8756,-4.89,3.10,1885
101.4,1490947290,8754,-5.16,3.11,1886
101.4,1490948185,8752,-5.39,3.11,1887
101.4,1490949079,8748,-5.27,3.10,1888
101.4,1490949974,8743,-5.62,3.12,1889
101.4,1490950868,8733,-5.81,3.12,1890
101.4,1490951763,8755,-5.97,3.11,1891
101.4,1490952657,8922,-6.52,3.11,1892
101.4,1490953551,8897,-6.52,3.11,1893
101.4,1490954446,8884,-6.48,3.11,1894
101.4,1490955340,8822,-6.13,3.10,1895
101.4,1490956234,8823,-6.20,3.11,1896
101.4,1490957128,8875,-6.40,3.10,1897
101.4,1490958023,8800,-6.24,3.09,1898
101.4,1490958917,8900,-6.24,3.10,1899
101.4,1490959811,8710,-6.05,3.11,1900
101.4,1490960706,8711,-5.58,3.10,1901
101.4,1490961600,8716,-4.89,3.10,1902
101.4,1490962495,8717,-4.44,3.10,1903
101.4,1490963390,8716,-4.40,3.11,1904
101.4,1490964285,8715,-4.33,3.11,1905
101.4,1490965179,8719,-4.14,3.11,1906
101.4,1490966074,8720,-4.07,3.11,1907
101.4,1490966969,8720,-4.07,3.12,1908
101.4,1490967864,8726,-3.85,3.10,1909
101.4,1490968759,8721,-3.48,3.10,1910
101.4,1490969654,8718,-3.15,3.12,1911
101.4,1490970549,8461,-2.47,3.11,1912
101.4,1490971444,8259,-1.59,3.12,1913
101.4,1490972340,8209,-0.28,3.12,1914
101.4,1490973236,8115,0.46,3.12,1915
101.4,1490974132,7831,0.96,3.13,1916
101.4,1490975029,7760,2.52,3.15,1917
101.4,1490975926,7660,4.53,3.15,1918
101.4,1490976823,7528,5.02,3.16,1919
101.4,1490977721,7509,6.39,3.15,1920
101.4,1490978619,7519,7.53,3.17,1921
101.4,1490979518,7517,7.53,3.17,1922
101.4,1490980416,7518,7.14,3.19,1923
101.4,1490981315,7508,7.11,3.18,1924
101.4,1490982213,7502,7.08,3.20,1925
101.4,1490983111,7455,7.70,3.19,1926
101.4,1490984010,7448,8.00,3.19,1927
101.4,1490984909,7426,8.44,3.21,1928
101.4,1490985808,7399,8.91,3.20,1929
101.4,1490986707,7399,9.11,3.21,1930
101.4,1490987606,7395,9.17,3.21,1931
101.4,1490988506,7380,9.26,3.21,1932
101.4,1490989405,7379,9.29,3.19,1933
101.4,1490990304,7378,9.23,3.22,1934
101.4,1490991203,7378,9.29,3.21,1935
101.4,1490992103,7378,9.32,3.20,1936
101.4,1490993002,7378,9.26,3.22,1937
101.4,1490993901,7370,9.78,3.21,1938
101.4,1490994801,7368,9.98,3.22,1939
101.4,1490995701,7368,9.98,3.23,1940
101.4,1490996600,7367,10.36,3.22,1941
101.4,1490997500,7367,9.98,3.23,1942
101.4,1490998399,7366,9.64,3.23,1943
101.4,1490999299,7367,9.90,3.21,1944
101.4,1491000199,7367,9.66,3.20,1945
101.4,1491001098,7366,9.40,3.21,1946
101.4,1491001998,7367,9.64,3.21,1947
101.4,1491002897,7366,9.92,3.21,1948
101.4,1491003797,7323,10.87,3.22,1949
101.4,1491004697,7342,10.10,3.22,1950
101.4,1491005596,7341,9.14,3.22,1951
101.4,1491006496,7338,8.59,3.20,1952
101.4,1491007395,7333,8.26,3.21,1953
101.4,1491008294,7339,7.88,3.21,1954
101.4,1491009193,7380,7.17,3.23,1955
101.4,1491010091,7490,6.00,3.22,1956
101.4,1491010989,7557,4.81,3.20,1957
101.4,1491011887,7696,3.94,3.19,1958
101.4,1491012784,7756,3.37,3.21,1959
101.4,1491013681,7839,2.84,3.21,1960
101.4,1491014578,7856,2.26,3.20,1961
101.4,1491015475,7864,1.81,3.19,1962
101.4,1491016372,7868,1.48,3.19,1963
101.4,1491017268,8157,1.09,3.19,1964
101.4,1491018165,8223,0.82,3.17,1965
101.4,1491019061,8242,0.52,3.18,1966
101.4,1491019957,8250,0.32,3.18,1967
101.4,1491020853,8259,0.06,3.17,1968
101.4,1491021749,8256,-0.11,3.17,1969
101.4,1491022645,8263,-0.15,3.15,1970
101.4,1491023541,8262,-0.15,3.18,1971
101.4,1491024437,8268,-0.08,3.15,1972
101.4,1491025333,8277,-0.25,3.17,1973
101.4,1491026229,8285,-0.49,3.17,1974
101.4,1491027125,8289,-0.72,3.15,1975
101.4,1491028021,8294,-0.86,3.16,1976
101.4,1491028917,8312,-1.07,3.16,1977
101.4,1491029812,8330,-1.21,3.16,1978
101.4,1491030708,8341,-1.45,3.15,1979
101.4,1491031604,8336,-1.48,3.15,1980
101.4,1491032499,8332,-1.41,3.14,1981
101.4,1491033395,8333,-1.41,3.16,1982
101.4,1491034291,8339,-1.52,3.13,1983
101.4,1491035186,8345,-1.52,3.13,1984
101.4,1491036082,8394,-1.48,3.15,1985
101.4,1491036978,8411,-1.52,3.15,1986
101.4,1491037873,8409,-1.59,3.16,1987
101.4,1491038769,8453,-1.69,3.13,1988
101.4,1491039664,8459,-1.80,3.15,1989
101.4,1491040560,8469,-1.83,3.14,1990
101.4,1491041455,8475,-1.80,3.15,1991
101.4,1491042351,8462,-1.69,3.15,1992
101.4,1491043246,8401,-1.45,3.15,1993
101.4,1491044142,8356,-1.10,3.15,1994
101.4,1491045037,8332,-0.76,3.15,1995
101.4,1491045933,8331,-0.52,3.14,1996
101.4,1491046829,8328,-0.45,3.15,1997
101.4,1491047725,8330,-0.76,3.13,1998
101.4,1491048620,8369,-1.03,3.15,1999
101.4,1491049515,8366,-1.07,3.14,2000
101.4,1491050411,8341,-0.83,3.15,2001
101.4,1491051307,8362,-0.86,3.15,2002
101.4,1491052202,8374,-1.03,3.13,2003
101.4,1491053098,8365,-1.03,3.13,2004
101.4,1491053994,8328,-0.55,3.13,2005
101.4,1491054889,8324,-0.18,3.15,2006
101.4,1491055785,8313,0.16,3.15,2007
101.4,1491056681,8298,0.46,3.14,2008
101.4,1491057577,8264,0.96,3.15,2009
101.4,1491058473,8192,1.38,3.15,2010
101.4,1491059370,7885,1.90,3.16,2011
101.4,1491060266,7856,2.26,3.15,2012
101.4,1491061163,7722,3.34,3.15,2013
101.4,1491062060,7621,4.53,3.17,2014
101.4,1491062958,7621,4.78,3.18,2015
101.4,1491063855,7589,5.30,3.19,2016
101.4,1491064753,7538,5.82,3.17,2017
101.4,1491065651,7525,6.24,3.18,2018
101.4,1491066549,7520,6.39,3.20,2019
101.4,1491067447,7500,6.99,3.19,2020
101.4,1491068345,7434,7.62,3.20,2021
101.4,1491069244,7406,8.15,3.21,2022
101.4,1491070143,7381,8.53,3.21,2023
101.4,1491071042,7357,9.14,3.21,2024
101.4,1491071942,7354,9.75,3.21,2025
101.4,1491072841,7351,9.98,3.23,2026
101.4,1491073740,7350,10.24,3.23,2027
101.4,1491074640,7351,10.67,3.21,2028
101.4,1491075540,7339,11.39,3.23,2029
101.4,1491076440,7339,11.36,3.22,2030
101.4,1491077340,7339,11.47,3.21,2031
101.4,1491078240,7329,11.76,3.24,2032
101.4,1491079141,7301,12.86,3.23,2033
101.4,1491080042,7282,13.73,3.24,2034
101.4,1491080943,7280,13.57,3.25,2035
101.4,1491081844,7279,13.28,3.23,2036
101.4,1491082745,7280,12.83,3.24,2037
101.4,1491083646,7279,12.69,3.24,2038
101.4,1491084546,7279,12.58,3.23,2039
101.4,1491085447,7277,12.61,3.24,2040
101.4,1491086348,7270,13.00,3.24,2041
101.4,1491087249,7273,12.92,3.23,2042
101.4,1491088149,7265,13.51,3.24,2043
101.4,1491089051,7240,14.99,3.24,2044
101.4,1491089953,7237,15.41,3.24,2045
101.4,1491090855,7233,13.79,3.25,2046
101.4,1491091756,7239,12.89,3.25,2047
101.4,1491092657,7227,11.98,3.25,2048
101.4,1491093557,7233,11.22,3.25,2049
101.4,1491094457,7233,11.05,3.25,2050
101.4,1491095357,7256,10.33,3.24,2051
101.4,1491096257,7259,9.90,3.25,2052
101.4,1491097156,7272,8.62,3.25,2053
101.4,1491098055,7303,7.20,3.22,2054
101.4,1491098954,7451,6.18,3.24,2055
101.4,1491099852,7544,5.15,3.22,2056
101.4,1491100750,7592,4.31,3.23,2057
101.4,1491101647,7674,3.66,3.22,2058
101.4,1491102544,7703,3.31,3.21,2059
101.4,1491103442,7703,3.31,3.21,2060
101.4,1491104339,7704,3.31,3.21,2061
101.4,1491105236,7704,3.53,3.21,2062
101.4,1491106133,7704,3.53,3.21,2063
101.4,1491107030,7703,3.66,3.21,2064
101.4,1491107928,7704,3.63,3.21,2065
101.4,1491108825,7707,3.60,3.20,2066
101.4,1491109722,7736,3.50,3.20,2067
101.4,1491110620,7813,3.15,3.20,2068
101.4,1491111517,7824,3.15,3.20,2069
101.4,1491112414,7829,2.80,3.19,2070
101.4,1491113311,7828,2.84,3.20,2071
101.4,1491114208,7827,2.99,3.20,2072
101.4,1491115105,7828,2.80,3.19,2073
101.4,1491116002,7838,2.61,3.17,2074
101.4,1491116899,7844,2.39,3.20,2075
101.4,1491117796,7857,2.29,3.18,2076
101.4,1491118692,7872,2.07,3.18,2077
101.4,1491119589,8086,2.07,3.20,2078
101.4,1491120486,8107,1.81,3.19,2079
101.4,1491121382,8133,1.64,3.17,2080
101.4,1491122279,8141,1.51,3.18,2081
101.4,1491123175,8149,1.32,3.18,2082
101.4,1491124072,8160,1.12,3.18,2083
101.4,1491124968,8169,1.02,3.16,2084
101.4,1491125865,8176,0.82,3.17,2085
101.4,1491126761,8184,0.86,3.18,2086
101.4,1491127657,8195,0.49,3.18,2087
101.4,1491128553,8195,0.66,3.16,2088
101.4,1491129449,8196,0.46,3.17,2089
101.4,1491130345,8199,0.49,3.16,2090
101.4,1491131242,8201,0.49,3.17,2091
101.4,1491132138,8201,0.29,3.17,2092
101.4,1491133034,8206,0.16,3.15,2093
101.4,1491133930,8205,0.42,3.16,2094
101.4,1491134826,8205,0.12,3.16,2095
101.4,1491135722,8204,0.09,3.16,2096
101.4,1491136618,8221,0.12,3.17,2097
101.4,1491137514,8254,-0.25,3.16,2098
101.4,1491138410,8267,0.02,3.16,2099
101.4,1491139306,8271,-0.42,3.16,2100
101.4,1491140202,8240,-0.04,3.17,2101
101.4,1491141098,8219,-0.01,3.17,2102
101.4,1491141994,8210,0.36,3.17,2103
101.4,1491142890,8210,0.76,3.16,2104
101.4,1491143786,8201,1.19,3.16,2105
101.4,1491144682,7886,1.94,3.17,2106
101.4,1491145579,7852,2.64,3.17,2107
101.4,1491146476,7848,3.34,3.18,2108
101.4,1491147373,7803,3.91,3.18,2109
101.4,1491148270,7693,4.62,3.18,2110
101.4,1491149168,7614,5.15,3.17,2111
101.4,1491150065,7536,6.30,3.18,2112
101.4,1491150964,7464,7.35,3.18,2113
101.4,1491151862,7453,7.79,3.19,2114
101.4,1491152761,7456,7.50,3.19,2115
101.4,1491153659,7448,7.73,3.20,2116
101.4,1491154558,7451,7.62,3.21,2117
101.4,1491155456,7454,7.29,3.22,2118
101.4,1491156355,7455,7.23,3.22,2119
101.4,1491157253,7472,6.87,3.21,2120
101.4,1491158151,7506,6.69,3.20,2121
101.4,1491159049,7509,6.39,3.21,2122
101.4,1491159947,7546,6.21,3.21,2123
101.4,1491160845,7553,6.03,3.22,2124
101.4,1491161743,7547,6.00,3.22,2125
101.4,1491162642,7503,6.33,3.22,2126
101.4,1491163540,7472,6.72,3.21,2127
101.4,1491164438,7458,7.08,3.20,2128
101.4,1491165336,7448,7.65,3.20,2129
101.4,1491166235,7457,7.47,3.21,2130
101.4,1491167133,7458,7.65,3.21,2131
101.4,1491168032,7468,7.29,3.21,2132
101.4,1491168930,7486,6.81,3.20,2133
101.4,1491169828,7461,7.32,3.21,2134
101.4,1491170727,7459,7.56,3.21,2135
101.4,1491171625,7460,7.76,3.21,2136
101.4,1491172524,7371,8.26,3.21,2137
101.4,1491173422,7364,8.88,3.22,2138
101.4,1491174321,7361,8.65,3.22,2139
101.4,1491175220,7415,8.38,3.21,2140
101.4,1491176119,7447,7.91,3.22,2141
101.4,1491177018,7451,7.67,3.21,2142
101.4,1491177916,7451,7.59,3.21,2143
101.4,1491178815,7447,7.59,3.22,2144
101.4,1491179713,7449,7.53,3.22,2145
101.4,1491180612,7452,7.17,3.23,2146
101.4,1491181510,7486,6.63,3.23,2147
101.4,1491182408,7551,6.09,3.20,2148
101.4,1491183306,7553,5.91,3.22,2149
101.4,1491184204,7573,5.30,3.21,2150
101.4,1491185102,7625,4.96,3.22,2151
101.4,1491185999,7687,4.47,3.21,2152
101.4,1491186896,7720,4.00,3.19,2153
101.4,1491187794,7809,3.60,3.17,2154
101.4,1491188691,7831,3.25,3.22,2155
101.4,1491189588,7842,2.90,3.20,2156
101.4,1491190484,7845,2.52,3.21,2157
101.4,1491191381,8126,2.03,3.20,2158
101.4,1491192278,8156,1.77,3.20,2159
101.4,1491193174,8177,1.51,3.19,2160
101.4,1491194071,8185,1.25,3.19,2161
101.4,1491194967,8187,1.02,3.18,2162
101.4,1491195863,8199,0.79,3.18,2163
101.4,1491196759,8209,0.49,3.18,2164
101.4,1491197655,8222,0.12,3.18,2165
101.4,1491198551,8281,-0.04,3.19,2166
101.4,1491199447,8286,-0.08,3.17,2167
101.4,1491200343,8289,-0.21,3.17,2168
101.4,1491201239,8272,-0.25,3.16,2169
101.4,1491202135,8290,-0.28,3.17,2170
101.4,1491203031,8291,-0.11,3.17,2171
101.4,1491203927,8290,0.02,3.18,2172
101.4,1491204823,8288,0.02,3.18,2173
101.4,1491205719,8292,0.02,3.16,2174
101.4,1491206614,8300,-0.32,3.16,2175
101.4,1491207510,8348,-0.52,3.17,2176
101.4,1491208406,8430,-0.83,3.17,2177
101.4,1491209302,8482,-1.24,3.16,2178
101.4,1491210197,8567,-1.83,3.17,2179
101.4,1491211092,8674,-2.01,3.16,2180
101.4,1491211988,8701,-2.50,3.17,2181
101.4,1491212883,8713,-2.86,3.15,2182
101.4,1491213778,8725,-3.22,3.14,2183
101.4,1491214673,8727,-3.37,3.15,2184
101.4,1491215568,8729,-3.63,3.14,2185
101.4,1491216462,8732,-3.77,3.14,2186
101.4,1491217357,8733,-3.99,3.13,2187
101.4,1491218252,8733,-4.25,3.14,2188
101.4,1491219146,8731,-4.67,3.14,2189
101.4,1491220041,8732,-4.78,3.13,2190
101.4,1491220936,8732,-5.08,3.13,2191
101.4,1491221830,8732,-5.24,3.13,2192
101.4,1491222724,8816,-5.39,3.13,2193
101.4,1491223619,8755,-5.31,3.12,2194
101.4,1491224513,8788,-5.35,3.12,2195
101.4,1491225407,8720,-4.93,3.13,2196
101.4,1491226302,8718,-5.12,3.12,2197
101.4,1491227196,8715,-4.97,3.10,2198
101.4,1491228091,8710,-4.55,3.11,2199
101.4,1491228985,8707,-3.77,3.12,2200
101.4,1491229880,8452,-1.59,3.12,2201
101.4,1491230776,8423,-0.72,3.12,2202
101.4,1491231672,8202,2.16,3.14,2203
101.4,1491232568,8130,4.50,3.15,2204
101.4,1491233466,7839,4.78,3.15,2205
101.4,1491234363,7847,5.24,3.17,2206
101.4,1491235260,7852,5.18,3.16,2207
101.4,1491236158,7716,5.39,3.17,2208
101.4,1491237056,7623,7.23,3.18,2209
101.4,1491237954,7610,6.69,3.18,2210
101.4,1491238852,7576,6.63,3.18,2211
101.4,1491239750,7553,6.78,3.19,2212
101.4,1491240649,7529,6.90,3.19,2213
101.4,1491241547,7515,7.38,3.20,2214
101.4,1491242446,7454,7.79,3.20,2215
101.4,1491243344,7350,8.41,3.19,2216
101.4,1491244243,7345,8.91,3.20,2217
101.4,1491245142,7338,9.05,3.20,2218
101.4,1491246042,7334,9.49,3.22,2219
101.4,1491246941,7331,9.64,3.21,2220
101.4,1491247841,7324,10.24,3.22,2221
101.4,1491248741,7293,10.82,3.22,2222
101.4,1491249641,7277,11.07,3.23,2223
101.4,1491250541,7275,11.30,3.22,2224
101.4,1491250541,7275,11.30,3.22,2224
101.4,1491251441,7265,11.59,3.22,2225
101.4,1491252342,7258,11.59,3.24,2226
101.4,1491253242,7277,11.22,3.23,2227
101.4,1491255042,7283,10.00,3.24,2228
101.4,1491255042,7286,10.33,3.24,2229
101.4,1491255942,7287,10.16,3.24,2230
101.4,1491256841,7288,10.18,3.21,2231
101.4,1491257741,7288,10.36,3.23,2232
101.4,1491258641,7292,10.04,3.23,2233
101.4,1491259540,7291,10.30,3.24,2234
101.4,1491260440,7260,11.33,3.23,2235
101.4,1491261341,7256,12.07,3.24,2236
101.4,1491262242,7276,11.98,3.24,2237
101.4,1491263142,7290,10.93,3.24,2238
101.4,1491264042,7285,9.52,3.23,2239
101.4,1491264941,7282,8.65,3.25,2240
101.4,1491265841,7283,8.38,3.24,2241
101.4,1491266740,7282,8.12,3.24,2242
101.4,1491267639,7283,7.85,3.23,2243
101.4,1491268537,7345,6.90,3.23,2244
101.4,1491269436,7378,6.36,3.24,2245
101.4,1491270334,7389,5.97,3.23,2246
101.4,1491271232,7402,5.54,3.23,2247
101.4,1491272130,7497,4.81,3.22,2248
101.4,1491273028,7524,4.06,3.21,2249
101.4,1491273925,7663,3.06,3.22,2250
101.4,1491274822,7712,2.32,3.22,2251
101.4,1491275719,7662,2.61,3.21,2252
101.4,1491276616,7617,3.19,3.17,2253
101.4,1491277513,7557,3.15,3.20,2254
101.4,1491278411,7630,3.22,3.20,2255
101.4,1491279308,7634,3.03,3.19,2256
101.4,1491280208,7635,3.00,3.16,2257
101.4,1491281102,7641,2.99,3.18,2258
101.4,1491282000,7688,2.80,3.20,2259
101.4,1491282897,7751,2.64,3.19,2260
101.4,1491283793,7803,2.39,3.17,2261
101.4,1491284690,7787,2.52,3.20,2262
101.4,1491285587,7809,1.94,3.19,2263
101.4,1491286484,7820,1.64,3.20,2264
101.4,1491287381,8117,1.25,3.19,2265
101.4,1491288277,8103,0.86,3.19,2266
101.4,1491289173,8162,0.72,3.18,2267
101.4,1491290069,8190,0.06,3.18,2268
101.4,1491290965,8191,-0.01,3.18,2269
101.4,1491291861,8199,-0.32,3.18,2270
101.4,1491292757,8207,-0.32,3.18,2271
101.4,1491293653,8209,-0.35,3.18,2272
101.4,1491294549,8202,-0.32,3.18,2273
101.4,1491295445,8197,0.06,3.17,2274
101.4,1491296341,8195,0.19,3.17,2275
101.4,1491297238,8161,0.46,3.17,2276
101.4,1491298134,7940,0.62,3.17,2277
101.4,1491299030,7818,1.25,3.18,2278
101.4,1491299927,7817,1.87,3.17,2279
101.4,1491300823,7817,1.74,3.17,2280
101.4,1491301720,7832,1.42,3.17,2281
101.4,1491302616,8157,0.66,3.18,2282
101.4,1491303512,8169,0.46,3.17,2283
101.4,1491304408,8172,0.42,3.16,2284
101.4,1491305305,8104,0.56,3.16,2285
101.4,1491306201,7827,1.15,3.17,2286
101.4,1491307097,7822,1.55,3.17,2287
101.4,1491307997,7819,1.00,3.13,2288
101.4,1491308891,7821,1.71,3.19,2289
101.4,1491309787,7822,1.71,3.17,2290
101.4,1491310684,7823,1.64,3.16,2291
101.4,1491311580,7820,1.77,3.19,2292
101.4,1491312477,7818,2.13,3.18,2293
101.4,1491313374,7817,2.20,3.18,2294
101.4,1491314270,7772,2.45,3.17,2295
101.4,1491315167,7677,2.96,3.19,2296
101.4,1491316064,7634,3.47,3.19,2297
101.4,1491316962,7586,3.69,3.18,2298
101.4,1491317859,7540,4.31,3.14,2299
101.4,1491318756,7469,5.67,3.19,2300
101.4,1491319654,7454,6.93,3.19,2301
101.4,1491320553,7464,6.15,3.20,2302
101.4,1491321451,7457,6.15,3.20,2303
101.4,1491322349,7351,6.87,3.20,2304
101.4,1491323247,7329,8.85,3.21,2305
101.4,1491324147,7320,9.03,3.20,2306
101.4,1491325046,7317,9.29,3.21,2307
101.4,1491325945,7320,9.05,3.22,2308
101.4,1491326844,7318,9.64,3.23,2309
101.4,1491327744,7318,9.84,3.22,2310
101.4,1491328644,7318,10.41,3.23,2311
101.4,1491329543,7310,11.05,3.23,2312
101.4,1491330443,7283,11.07,3.24,2313
101.4,1491331343,7312,10.62,3.23,2314
101.4,1491332243,7282,10.87,3.23,2315
101.4,1491333143,7281,10.96,3.23,2316
101.4,1491334044,7272,11.47,3.23,2317
101.4,1491334944,7267,11.98,3.24,2318
101.4,1491335845,7267,11.84,3.23,2319
101.4,1491336745,7266,12.24,3.23,2320
101.4,1491337646,7267,12.44,3.24,2321
101.4,1491338547,7266,12.30,3.25,2322
101.4,1491339448,7258,12.04,3.24,2323
101.4,1491340351,7254,11.79,3.23,2324
101.4,1491341252,7255,11.50,3.25,2325
101.4,1491342153,7249,11.30,3.24,2326
101.4,1491343054,7252,10.79,3.23,2327
101.4,1491343954,7252,10.93,3.24,2328
101.4,1491344854,7252,10.79,3.23,2329
101.4,1491345754,7251,10.67,3.24,2330
101.4,1491346655,7250,10.79,3.25,2331
101.4,1491347555,7250,10.93,3.24,2332
101.4,1491348456,7252,10.56,3.24,2333
101.4,1491349356,7267,10.50,3.25,2334
101.4,1491350256,7283,9.72,3.24,2335
101.4,1491351156,7285,8.88,3.24,2336
101.4,1491352055,7284,8.32,3.23,2337
101.4,1491352954,7283,7.88,3.23,2338
101.4,1491353853,7282,7.53,3.24,2339
101.4,1491354751,7283,7.02,3.23,2340
101.4,1491355650,7298,6.63,3.24,2341
101.4,1491356548,7352,6.36,3.20,2342
101.4,1491357447,7394,5.88,3.22,2343
101.4,1491358345,7401,5.63,3.23,2344
101.4,1491359243,7406,5.48,3.24,2345
101.4,1491360141,7426,5.15,3.23,2346
101.4,1491361039,7483,4.75,3.23,2347
101.4,1491361936,7499,4.62,3.22,2348
101.4,1491362834,7518,4.16,3.21,2349
101.4,1491363732,7519,4.00,3.21,2350
101.4,1491364629,7597,3.78,3.18,2351
101.4,1491365526,7631,3.28,3.20,2352
101.4,1491366424,7662,3.09,3.21,2353
101.4,1491367321,7751,2.61,3.21,2354
101.4,1491368218,7753,2.39,3.22,2355
101.4,1491369115,7711,2.55,3.19,2356
101.4,1491370012,7755,2.45,3.20,2357
101.4,1491370908,7817,1.77,3.20,2358
101.4,1491371805,7802,1.48,3.19,2359
101.4,1491372702,7818,1.55,3.19,2360
101.4,1491373598,8059,0.76,3.19,2361
101.4,1491374495,8125,0.52,3.19,2362
101.4,1491375391,7911,0.82,3.19,2363
101.4,1491376287,8046,0.52,3.17,2364
101.4,1491377184,8111,0.46,3.19,2365
101.4,1491378080,8011,0.69,3.19,2366
101.4,1491378976,7919,0.66,3.18,2367
101.4,1491379873,8140,0.42,3.18,2368
101.4,1491380769,8150,-0.08,3.17,2369
101.4,1491381665,8142,0.12,3.19,2370
101.4,1491382561,8149,0.22,3.18,2371
101.4,1491383457,8144,0.02,3.17,2372
101.4,1491384353,8155,0.16,3.17,2373
101.4,1491385249,7833,0.79,3.16,2374
101.4,1491386146,7823,1.28,3.17,2375
101.4,1491387042,7877,0.89,3.17,2376
101.4,1491387938,8153,0.09,3.17,2377
101.4,1491388834,7919,0.52,3.17,2378
101.4,1491389731,7935,0.66,3.17,2379
101.4,1491390627,7852,0.96,3.17,2380
101.4,1491391523,8160,0.39,3.17,2381
101.4,1491392419,8180,-0.32,3.18,2382
101.4,1491393315,8188,-0.86,3.18,2383
101.4,1491394211,8197,-0.90,3.18,2384
101.4,1491395106,8195,-1.07,3.16,2385
101.4,1491396002,8180,-0.42,3.16,2386
101.4,1491396898,8184,-0.28,3.16,2387
101.4,1491397794,8111,0.22,3.16,2388
101.4,1491398691,7828,0.62,3.15,2389
101.4,1491399587,7719,2.03,3.17,2390
101.4,1491400484,7652,3.15,3.17,2391
101.4,1491401381,7579,3.81,3.16,2392
101.4,1491402278,7480,4.78,3.18,2393
101.4,1491403176,7466,6.33,3.19,2394
101.4,1491404074,7448,6.93,3.19,2395
101.4,1491404973,7370,8.65,3.20,2396
101.4,1491405872,7412,9.23,3.17,2397
101.4,1491406770,7455,7.14,3.18,2398
101.4,1491407669,7447,6.87,3.22,2399
101.4,1491408567,7439,7.05,3.21,2400
101.4,1491409466,7363,7.82,3.21,2401
101.4,1491410364,7421,7.41,3.20,2402
101.4,1491411263,7383,7.32,3.21,2403
101.4,1491412162,7403,6.99,3.22,2404
101.4,1491413060,7363,7.17,3.21,2405
101.4,1491413959,7357,7.26,3.20,2406
101.4,1491414857,7357,7.26,3.21,2407
101.4,1491415756,7357,7.26,3.21,2408
101.4,1491416654,7359,7.11,3.22,2409
101.4,1491417553,7360,7.20,3.22,2410
101.4,1491418452,7355,7.44,3.21,2411
101.4,1491419350,7344,7.38,3.23,2412
101.4,1491420249,7340,7.59,3.22,2413
101.4,1491421148,7321,8.12,3.22,2414
101.4,1491422047,7317,9.17,3.22,2415
101.4,1491422947,7300,10.36,3.23,2416
101.4,1491423847,7315,10.07,3.23,2417
101.4,1491424746,7318,10.30,3.23,2418
101.4,1491425646,7319,9.90,3.22,2419
101.4,1491426546,7319,9.00,3.23,2420
101.4,1491427445,7322,8.41,3.23,2421
101.4,1491428344,7317,8.50,3.24,2422
101.4,1491429243,7320,8.35,3.22,2423
101.4,1491430142,7318,8.59,3.21,2424
101.4,1491431041,7315,8.50,3.24,2425
101.4,1491431940,7314,7.62,3.21,2426
101.4,1491432839,7316,7.67,3.22,2427
101.4,1491433738,7323,7.56,3.21,2428
101.4,1491434637,7315,7.79,3.23,2429
101.4,1491435536,7314,7.82,3.23,2430
101.4,1491436435,7328,7.23,3.24,2431
101.4,1491437333,7376,6.42,3.21,2432
101.4,1491438232,7395,6.21,3.23,2433
101.4,1491439130,7431,5.76,3.20,2434
101.4,1491440028,7430,5.76,3.22,2435
101.4,1491440926,7443,5.24,3.22,2436
101.4,1491441824,7450,4.93,3.22,2437
101.4,1491442722,7451,4.72,3.21,2438
101.4,1491443619,7524,4.50,3.21,2439
101.4,1491444517,7530,4.25,3.23,2440
101.4,1491445414,7530,4.22,3.21,2441
101.4,1491446312,7534,4.03,3.21,2442
101.4,1491447209,7541,3.81,3.22,2443
101.4,1491448107,7549,3.72,3.21,2444
101.4,1491449004,7559,3.53,3.19,2445
101.4,1491449901,7566,3.44,3.19,2446
101.4,1491450798,7548,3.44,3.19,2447
101.4,1491451696,7547,3.66,3.18,2448
101.4,1491452593,7546,3.53,3.20,2449
101.4,1491453490,7549,3.60,3.21,2450
101.4,1491454388,7551,3.60,3.20,2451
101.4,1491455285,7545,3.72,3.21,2452
101.4,1491456182,7542,3.75,3.20,2453
101.4,1491457080,7540,3.72,3.20,2454
101.4,1491457977,7541,3.85,3.20,2455
101.4,1491458874,7542,3.72,3.19,2456
101.4,1491459772,7539,3.91,3.20,2457
101.4,1491460669,7541,3.85,3.20,2458
101.4,1491461566,7556,3.66,3.19,2459
101.4,1491462464,7591,3.56,3.19,2460
101.4,1491463361,7601,3.53,3.19,2461
101.4,1491464258,7611,3.44,3.19,2462
101.4,1491465155,7641,3.25,3.19,2463
101.4,1491466053,7681,2.99,3.20,2464
101.4,1491466949,7706,2.84,3.20,2465
101.4,1491467846,7741,2.64,3.19,2466
101.4,1491468743,7746,2.68,3.19,2467
101.4,1491469640,7708,2.87,3.19,2468
101.4,1491470537,7736,2.68,3.18,2469
101.4,1491471434,7730,2.64,3.19,2470
101.4,1491472331,7707,2.87,3.20,2471
101.4,1491473228,7743,2.77,3.18,2472
101.4,1491474125,7714,2.84,3.20,2473
101.4,1491475022,7736,2.74,3.19,2474
101.4,1491475919,7752,2.71,3.20,2475
101.4,1491476816,7692,2.87,3.19,2476
101.4,1491477713,7656,3.09,3.19,2477
101.4,1491478610,7647,3.15,3.19,2478
101.4,1491479507,7661,3.15,3.19,2479
101.4,1491480404,7686,2.99,3.19,2480
101.4,1491481301,7732,2.90,3.18,2481
101.4,1491482198,7766,2.87,3.19,2482
101.4,1491483095,7764,2.80,3.20,2483
101.4,1491483992,7756,2.87,3.19,2484
101.4,1491484889,7700,2.90,3.19,2485
101.4,1491485787,7657,3.22,3.19,2486
101.4,1491486684,7623,3.44,3.20,2487
101.4,1491486684,7623,3.44,3.20,2487
101.4,1491487581,7572,3.69,3.19,2488
101.4,1491488478,7541,3.88,3.19,2489
101.4,1491489376,7531,4.06,3.19,2490
101.4,1491490273,7530,4.19,3.20,2491
101.4,1491491170,7524,4.41,3.20,2492
101.4,1491492068,7523,4.56,3.21,2493
101.4,1491492965,7522,4.69,3.18,2494
101.4,1491493863,7522,4.44,3.20,2495
101.4,1491494760,7516,4.69,3.21,2496
101.4,1491495658,7456,4.99,3.20,2497
101.4,1491496556,7442,5.57,3.19,2498
101.4,1491497454,7433,6.00,3.20,2499
101.4,1491498352,7434,6.30,3.20,2500
101.4,1491499250,7435,6.18,3.21,2501
