101_2,946687896,5494,29.00,3.16,2.02,0
101_2,946688850,5493,29.00,3.15,2.02,0
101_2,946689805,5493,30.00,3.15,2.02,0
101_2,946690760,5492,29.00,3.15,2.02,0
101_2,946691714,5491,30.00,3.15,2.02,0
101_2,946692669,5488,30.00,3.15,2.02,0
101_2,946693624,5487,29.00,3.15,2.02,0
101_2,946694578,5485,29.00,3.15,2.02,0
101_2,946695533,5483,29.00,3.16,2.02,0
101_2,946696487,5481,29.00,3.15,2.02,0
101_2,946697441,5475,29.00,3.15,2.02,0
101_2,946698395,5469,28.00,3.16,2.02,0
101_2,946699349,5468,28.00,3.16,2.02,0
101_2,946700303,5467,28.00,3.16,2.02,0
101_2,946701257,5465,27.00,3.16,2.02,0
101_2,946702210,5458,27.00,3.16,2.02,0
101_2,946703164,5449,27.00,3.16,2.02,0
101_2,946704117,5439,26.00,3.16,2.02,0
101_2,946705070,5440,26.00,3.16,2.02,0
101_2,946706023,5432,26.00,3.15,2.02,0
101_2,946706975,5424,25.00,3.16,2.01,0
101_2,946707927,5419,24.00,3.15,2.01,0
101_2,946708879,5417,24.00,3.15,2.01,0
101_2,946709831,5415,23.00,3.16,2.01,0
101_2,946710782,5412,23.00,3.16,2.01,0
101_2,946711734,5412,23.00,3.16,2.01,0
101_2,946712685,5411,22.00,3.16,2.01,0
101_2,946713636,5410,22.00,3.16,2.01,0
101_2,946714587,5410,21.00,3.15,2.01,0
101_2,946715537,5410,20.00,3.15,2.01,0
101_2,946716487,5409,20.00,3.16,2.01,0
101_2,946717437,5414,18.00,3.16,2.01,0
101_2,946718386,5423,17.00,3.16,2.01,0
101_2,946719335,5433,16.00,3.16,2.01,0
101_2,946720283,5437,15.00,3.16,2.02,0
101_2,946721231,5440,14.00,3.15,2.01,0
101_2,946722179,5430,14.00,3.15,2.01,0
101_2,946723126,5419,13.00,3.16,2.01,0
101_2,946724073,5447,13.00,3.16,2.01,0
101_2,946725021,5444,13.00,3.16,2.01,0
101_2,946725968,5424,13.00,3.16,2.01,0
101_2,946726915,5418,12.00,3.16,2.01,0
101_2,946727862,5409,12.00,3.15,2.01,0
101_2,946728808,5384,11.00,3.16,2.01,0
101_2,946729754,5307,10.00,3.15,2.01,0
101_2,946730700,5288,9.00,3.16,2.01,0
101_2,946731646,5276,8.00,3.16,2.01,0
101_2,946732591,5278,8.00,3.16,2.01,0
101_2,946733536,5281,7.00,3.16,2.01,0
101_2,946734481,5276,7.00,3.15,2.01,0
101_2,946735426,5276,7.00,3.16,2.01,0
101_2,946736370,5277,6.00,3.15,2.01,0
101_2,946737315,5274,7.00,3.16,2.01,0
101_2,946738260,5274,6.00,3.15,2.01,0
101_2,946739204,5283,6.00,3.16,2.01,0
101_2,946740149,5343,7.00,3.16,2.01,0
101_2,946741094,5453,7.00,3.16,2.01,0
101_2,946742039,5474,8.00,3.16,2.01,0
101_2,946742984,5477,8.00,3.16,2.01,0
101_2,946743930,5482,10.00,3.16,2.01,0
101_2,946744876,5483,10.00,3.16,2.01,0
101_2,946745822,5484,10.00,3.16,2.01,0
101_2,946746768,5484,11.00,3.16,2.02,0
101_2,946747715,5484,11.00,3.16,2.01,0
101_2,946748661,5485,12.00,3.16,2.01,0
101_2,946749608,5486,13.00,3.16,2.01,0
101_2,946750556,5487,13.00,3.16,2.01,0
101_2,946751503,5488,13.00,3.16,2.01,0
101_2,946752450,5488,14.00,3.15,2.01,0
101_2,946753398,5490,14.00,3.16,2.01,0
101_2,946754345,5493,14.00,3.16,2.02,0
101_2,946755293,5496,15.00,3.16,2.01,0
101_2,946756241,5497,15.00,3.16,2.01,0
101_2,946757190,5496,15.00,3.16,2.02,0
101_2,946758138,5496,16.00,3.16,2.02,0
101_2,946759086,5496,16.00,3.16,2.01,0
101_2,946760035,5495,16.00,3.16,2.02,0
101_2,946760983,5477,18.00,3.16,2.02,0
101_2,946761933,5470,18.00,3.16,2.02,0
101_2,946762882,5469,17.00,3.16,2.02,0
101_2,946763831,5477,18.00,3.16,2.02,0
101_2,946764780,5477,19.00,3.16,2.02,0
101_2,946765730,5478,19.00,3.16,2.01,0
101_2,946766680,5476,19.00,3.16,2.02,0
101_2,946767630,5463,20.00,3.16,2.02,0
101_2,946768580,5435,20.00,3.16,2.02,0
101_2,946769530,5418,20.00,3.16,2.02,0
101_2,946770481,5413,21.00,3.16,2.02,0
101_2,946771431,5408,22.00,3.16,2.02,0
101_2,946772382,5374,22.00,3.16,2.02,0
101_2,946773333,5364,22.00,3.16,2.02,0
101_2,946774284,5362,22.00,3.16,2.02,0
101_2,946775235,5352,22.00,3.16,2.02,0
101_2,946776186,5344,22.00,3.16,2.01,0
101_2,946777137,5342,22.00,3.16,2.02,0
101_2,946778088,5331,22.00,3.16,2.02,0
101_2,946779039,5326,23.00,3.16,2.02,0
101_2,946779991,5327,23.00,3.16,2.02,0
101_2,946780942,5327,23.00,3.16,2.02,0
101_2,946781894,5320,23.00,3.16,2.02,0
101_2,946782845,5311,23.00,3.16,2.02,0
101_2,946783797,5307,23.00,3.16,2.02,0
101_2,946784748,5220,21.00,3.16,2.01,0
101_2,946785698,5216,21.00,3.16,2.02,0
101_2,946786649,5226,21.00,3.16,2.01,0
101_2,946787600,5227,21.00,3.16,2.02,0
101_2,946788550,5286,21.00,3.16,2.01,0
101_2,946789501,5278,21.00,3.16,2.02,0
101_2,946790452,5289,21.00,3.16,2.02,0
101_2,946791402,5316,21.00,3.16,2.02,0
101_2,946792353,5308,21.00,3.16,2.01,0
101_2,946793303,5252,21.00,3.15,2.01,0
101_2,946794254,5221,21.00,3.16,2.01,0
101_2,946795204,5191,20.00,3.15,2.01,0
101_2,946796154,5186,20.00,3.16,2.01,0
101_2,946797104,5191,20.00,3.16,2.01,0
101_2,946798055,5172,20.00,3.16,2.01,0
101_2,946799004,5151,19.00,3.15,2.01,0
101_2,946799954,5155,18.00,3.16,2.01,0
101_2,946800902,5155,17.00,3.15,2.01,0
101_2,946801851,5153,16.00,3.16,2.01,0
101_2,946802799,5152,15.00,3.16,2.01,0
101_2,946803747,5150,15.00,3.16,2.01,0
101_2,946804695,5146,14.00,3.15,2.01,0
101_2,946805642,5145,14.00,3.16,2.01,0
101_2,946806589,5139,13.00,3.16,2.01,0
101_2,946807536,5133,13.00,3.16,2.01,0
101_2,946808483,5133,12.00,3.16,2.01,0
101_2,946809430,5135,12.00,3.16,2.01,0
101_2,946810377,5135,12.00,3.16,2.01,0
101_2,946811324,5142,11.00,3.16,2.01,0
101_2,946812270,5143,11.00,3.15,2.01,0
101_2,946813216,5141,11.00,3.16,2.01,0
101_2,946814162,5141,10.00,3.16,2.01,0
101_2,946815109,5142,10.00,3.16,2.01,0
101_2,946816055,5143,10.00,3.16,2.01,0
101_2,946817000,5143,10.00,3.15,2.01,0
101_2,946817946,5144,10.00,3.15,2.01,0
101_2,946818892,5143,9.00,3.16,2.01,0
101_2,946819838,5143,9.00,3.15,2.01,0
101_2,946820783,5144,9.00,3.16,2.01,0
101_2,946821729,5144,8.00,3.16,2.01,0
101_2,946822674,5145,9.00,3.16,2.01,0
101_2,946823620,5144,9.00,3.16,2.01,0
101_2,946824565,5146,9.00,3.16,2.01,0
101_2,946825511,5147,8.00,3.16,2.01,0
101_2,946826457,5163,9.00,3.16,2.01,0
101_2,946827403,5182,11.00,3.16,2.01,0
101_2,946828349,5191,11.00,3.15,2.01,0
101_2,946829296,5195,12.00,3.16,2.01,0
101_2,946830243,5203,13.00,3.16,2.01,0
101_2,946831190,5207,13.00,3.16,2.01,0
101_2,946832137,5215,13.00,3.16,2.01,0
101_2,946833084,5228,13.00,3.16,2.01,0
101_2,946834032,5231,13.00,3.16,2.01,0
101_2,946834979,5230,14.00,3.16,2.01,0
101_2,946835927,5233,14.00,3.15,2.01,0
101_2,946836874,5239,14.00,3.16,2.01,0
101_2,946837822,5263,14.00,3.16,2.01,0
101_2,946838770,5331,15.00,3.16,2.01,0
101_2,946839718,5328,16.00,3.16,2.01,0
101_2,946840666,5297,15.00,3.15,2.02,0
101_2,946841614,5294,15.00,3.16,2.01,0
101_2,946842562,5316,15.00,3.16,2.01,0
101_2,946843510,5304,15.00,3.16,2.01,0
101_2,946844458,5299,15.00,3.16,2.01,0
101_2,946845406,5296,15.00,3.16,2.01,0
101_2,946846354,5333,15.00,3.16,2.01,0
101_2,946847303,5371,16.00,3.16,2.01,0
101_2,946848251,5354,17.00,3.16,2.01,0
101_2,946849200,5356,16.00,3.16,2.01,0
101_2,946850148,5355,17.00,3.15,2.01,0
101_2,946851097,5339,17.00,3.16,2.01,0
101_2,946852046,5280,17.00,3.16,2.01,0
101_2,946852994,5273,16.00,3.15,2.01,0
101_2,946853943,5312,16.00,3.16,2.01,0
101_2,946854891,5352,17.00,3.16,2.01,0
101_2,946855840,5341,18.00,3.15,2.01,0
101_2,946856789,5337,18.00,3.16,2.01,0
101_2,946857739,5335,18.00,3.16,2.01,0
101_2,946858688,5340,18.00,3.15,2.01,0
101_2,946859638,5336,20.00,3.16,2.02,0
101_2,946860588,5323,20.00,3.16,2.02,0
101_2,946861538,5327,20.00,3.16,2.01,0
101_2,946862487,5275,19.00,3.16,2.01,0
101_2,946863437,5242,19.00,3.16,2.01,0
101_2,946864387,5219,18.00,3.15,2.01,0
101_2,946865336,5196,17.00,3.16,2.01,0
101_2,946866284,5189,17.00,3.16,2.01,0
101_2,946867233,5167,16.00,3.16,2.01,0
101_2,946868181,5163,16.00,3.16,2.01,0
101_2,946869130,5160,16.00,3.16,2.01,0
101_2,946870078,5162,15.00,3.16,2.01,0
101_2,946871026,5165,15.00,3.16,2.01,0
101_2,946871974,5173,15.00,3.15,2.01,0
101_2,946872922,5173,15.00,3.16,2.01,0
101_2,946873870,5173,16.00,3.16,2.01,0
101_2,946874818,5169,15.00,3.15,2.01,0
101_2,946875767,5164,15.00,3.16,2.01,0
101_2,946876715,5163,15.00,3.16,2.01,0
101_2,946877663,5170,15.00,3.16,2.01,0
101_2,946878611,5183,15.00,3.16,2.01,0
101_2,946879559,5192,16.00,3.15,2.01,0
101_2,946880507,5180,16.00,3.16,2.01,0
101_2,946881456,5172,16.00,3.15,2.01,0
101_2,946882404,5168,15.00,3.16,2.01,0
101_2,946883352,5162,15.00,3.15,2.01,0
101_2,946884300,5156,15.00,3.16,2.01,0
101_2,946885248,5153,14.00,3.16,2.01,0
101_2,946886195,5149,14.00,3.16,2.01,0
101_2,946887142,5151,13.00,3.16,2.01,0
101_2,946888089,5151,12.00,3.16,2.01,0
101_2,946889036,5151,12.00,3.16,2.01,0
101_2,946889983,5149,11.00,3.15,2.01,0
101_2,946890929,5150,11.00,3.15,2.01,0
101_2,946891876,5151,10.00,3.16,2.01,0
101_2,946892822,5150,11.00,3.16,2.01,0
101_2,946893768,5149,9.00,3.16,2.01,0
101_2,946894713,5148,9.00,3.15,2.01,0
101_2,946895659,5147,9.00,3.16,2.01,0
101_2,946896604,5147,8.00,3.16,2.01,0
101_2,946897549,5147,8.00,3.16,2.01,0
101_2,946898495,5147,7.00,3.16,2.01,0
101_2,946899440,5147,8.00,3.16,2.01,0
101_2,946900385,5148,7.00,3.16,2.01,0
101_2,946901330,5147,7.00,3.16,2.01,0
101_2,946902275,5148,7.00,3.16,2.01,0
101_2,946903219,5148,7.00,3.16,2.01,0
101_2,946904164,5148,7.00,3.16,2.01,0
101_2,946905109,5148,6.00,3.16,2.01,0
101_2,946906054,5148,6.00,3.16,2.01,0
101_2,946906998,5148,6.00,3.16,2.01,0
101_2,946907943,5148,6.00,3.15,2.01,0
101_2,946908887,5149,6.00,3.16,2.01,0
101_2,946909832,5148,6.00,3.16,2.01,0
101_2,946910776,5148,5.00,3.16,2.01,0
101_2,946911721,5149,6.00,3.16,2.01,0
101_2,946912665,5148,5.00,3.15,2.01,0
101_2,946913609,5149,6.00,3.16,2.01,0
101_2,946914554,5149,5.00,3.16,2.01,0
101_2,946915498,5149,6.00,3.16,2.01,0
101_2,946916443,5149,6.00,3.16,2.01,0
101_2,946917388,5150,6.00,3.16,2.01,0
101_2,946918332,5150,6.00,3.16,2.01,0
101_2,946919277,5150,6.00,3.16,2.01,0
101_2,946920222,5152,7.00,3.16,2.01,0
101_2,946921167,5153,7.00,3.16,2.01,0
101_2,946922112,5155,8.00,3.15,2.01,0
101_2,946923057,5156,7.00,3.16,2.01,0
101_2,946924002,5159,8.00,3.16,2.01,0
101_2,946924947,5167,9.00,3.16,2.01,0
101_2,946925893,5176,9.00,3.16,2.01,0
101_2,946926839,5172,9.00,3.15,2.01,0
101_2,946927785,5175,9.00,3.16,2.01,0
101_2,946928730,5176,9.00,3.16,2.01,0
101_2,946929676,5175,9.00,3.16,2.01,0
101_2,946930621,5177,9.00,3.15,2.01,0
101_2,946931567,5178,9.00,3.16,2.01,0
101_2,946932513,5183,10.00,3.16,2.01,0
101_2,946933459,5186,10.00,3.16,2.01,0
101_2,946934405,5186,10.00,3.16,2.01,0
101_2,946935351,5186,10.00,3.16,2.01,0
101_2,946936297,5185,10.00,3.16,2.01,0
101_2,946937243,5189,10.00,3.16,2.01,0
101_2,946938190,5246,12.00,3.16,2.01,0
101_2,946939137,5216,13.00,3.16,2.01,0
101_2,946940084,5282,14.00,3.16,2.01,0
101_2,946941032,5223,15.00,3.15,2.01,0
101_2,946941980,5215,14.00,3.16,2.01,0
101_2,946942927,5187,13.00,3.16,2.01,0
101_2,946943875,5232,15.00,3.16,2.02,0
101_2,946944823,5194,15.00,3.16,2.01,0
101_2,946945770,5183,14.00,3.15,2.01,0
101_2,946946718,5191,15.00,3.16,2.01,0
101_2,946947666,5192,14.00,3.16,2.01,0
101_2,946948613,5199,14.00,3.16,2.01,0
101_2,946949561,5197,14.00,3.16,2.01,0
101_2,946950508,5217,14.00,3.16,2.01,0
101_2,946951456,5200,14.00,3.16,2.01,0
101_2,946952404,5230,15.00,3.15,2.01,0
101_2,946953352,5250,16.00,3.16,2.01,0
101_2,946954300,5201,15.00,3.16,2.01,0
101_2,946955248,5175,15.00,3.16,2.01,0
101_2,946956196,5182,15.00,3.16,2.01,0
101_2,946957144,5195,15.00,3.16,2.01,0
101_2,946958092,5194,15.00,3.16,2.01,0
101_2,946959040,5168,14.00,3.16,2.01,0
101_2,946959987,5182,15.00,3.15,2.01,0
101_2,946960935,5197,15.00,3.16,2.01,0
101_2,946961883,5173,14.00,3.16,2.01,0
101_2,946962831,5189,14.00,3.16,2.01,0
101_2,946963778,5183,13.00,3.16,2.01,0
101_2,946964725,5162,13.00,3.16,2.01,0
101_2,946965673,5162,13.00,3.15,2.01,0
101_2,946966620,5162,13.00,3.16,2.01,0
101_2,946967567,5162,13.00,3.15,2.01,0
101_2,946968514,5162,13.00,3.16,2.01,0
101_2,946969461,5161,12.00,3.15,2.01,0
101_2,946970407,5160,12.00,3.16,2.01,0
101_2,946971354,5160,12.00,3.16,2.01,0
101_2,946972301,5159,11.00,3.16,2.01,0
101_2,946973247,5159,11.00,3.16,2.01,0
101_2,946974193,5159,10.00,3.16,2.01,0
101_2,946975139,5159,9.00,3.16,2.01,0
101_2,946976085,5159,9.00,3.16,2.01,0
101_2,946977030,5159,9.00,3.16,2.01,0
101_2,946977976,5158,9.00,3.16,2.01,0
101_2,946978922,5158,9.00,3.15,2.01,0
101_2,946979867,5158,9.00,3.16,2.01,0
101_2,946980812,5158,9.00,3.16,2.01,0
101_2,946981758,5159,8.00,3.16,2.01,0
101_2,946982703,5159,8.00,3.16,2.01,0
101_2,946983648,5159,8.00,3.15,2.01,0
101_2,946984594,5159,7.00,3.15,2.01,0
101_2,946985539,5158,8.00,3.15,2.01,0
101_2,946986484,5159,8.00,3.16,2.01,0
101_2,946987429,5159,8.00,3.16,2.01,0
101_2,946988374,5160,8.00,3.16,2.01,0
101_2,946989319,5160,8.00,3.16,2.01,0
101_2,946990265,5160,8.00,3.16,2.01,0
101_2,946991210,5160,8.00,3.16,2.01,0
101_2,946992155,5160,7.00,3.16,2.01,0
101_2,946993100,5160,7.00,3.16,2.01,0
101_2,946994045,5161,8.00,3.16,2.01,0
101_2,946994990,5161,8.00,3.16,2.01,0
101_2,946995936,5161,7.00,3.16,2.01,0
101_2,946996881,5162,8.00,3.15,2.01,0
101_2,946997826,5161,8.00,3.16,2.01,0
101_2,946998771,5162,8.00,3.16,2.01,0
101_2,946999716,5162,8.00,3.16,2.01,0
101_2,947000662,5162,8.00,3.16,2.01,0
101_2,947001607,5163,8.00,3.15,2.01,0
101_2,947002552,5163,8.00,3.15,2.01,0
101_2,947003497,5164,8.00,3.16,2.01,0
101_2,947004443,5164,9.00,3.16,2.01,0
101_2,947005388,5164,8.00,3.15,2.01,0
101_2,947006334,5165,9.00,3.16,2.01,0
101_2,947007279,5165,8.00,3.16,2.01,0
101_2,947008225,5165,9.00,3.16,2.01,0
101_2,947009170,5168,9.00,3.15,2.01,0
101_2,947010116,5169,9.00,3.15,2.01,0
101_2,947011061,5169,9.00,3.16,2.01,0
101_2,947012007,5172,9.00,3.16,2.01,0
101_2,947012953,5182,10.00,3.16,2.01,0
101_2,947013899,5181,10.00,3.16,2.01,0
101_2,947014845,5191,11.00,3.16,2.01,0
101_2,947015791,5193,11.00,3.16,2.01,0
101_2,947016738,5199,11.00,3.16,2.01,0
101_2,947017684,5200,12.00,3.16,2.01,0
101_2,947018631,5202,12.00,3.16,2.01,0
101_2,947019577,5202,11.00,3.16,2.01,0
101_2,947020524,5209,12.00,3.16,2.01,0
101_2,947021471,5211,12.00,3.15,2.01,0
101_2,947022418,5214,12.00,3.16,2.01,0
101_2,947023364,5209,12.00,3.16,2.01,0
101_2,947024311,5224,13.00,3.16,2.01,0
101_2,947025259,5219,13.00,3.16,2.01,0
101_2,947026206,5219,13.00,3.15,2.01,0
101_2,947027153,5219,13.00,3.16,2.01,0
101_2,947028100,5219,13.00,3.16,2.01,0
101_2,947029047,5207,13.00,3.16,2.01,0
101_2,947029994,5206,12.00,3.16,2.01,0
101_2,947030941,5206,11.00,3.16,2.01,0
101_2,947031887,5200,11.00,3.16,2.01,0
101_2,947032833,5199,10.00,3.16,2.01,0
101_2,947033779,5205,11.00,3.16,2.01,0
101_2,947034726,5206,11.00,3.15,2.01,0
101_2,947035672,5207,11.00,3.16,2.01,0
101_2,947036618,5208,11.00,3.16,2.01,0
101_2,947037565,5205,10.00,3.16,2.01,0
101_2,947038511,5202,10.00,3.16,2.01,0
101_2,947039457,5204,10.00,3.16,2.01,0
101_2,947040403,5205,10.00,3.16,2.01,0
101_2,947041349,5210,11.00,3.16,2.01,0
101_2,947042296,5209,12.00,3.16,2.01,0
101_2,947043242,5208,11.00,3.16,2.01,0
101_2,947044188,5208,11.00,3.16,2.01,0
101_2,947045135,5206,11.00,3.16,2.01,0
101_2,947046081,5205,10.00,3.16,2.01,0
101_2,947047027,5206,11.00,3.16,2.01,0
101_2,947047973,5206,11.00,3.16,2.01,0
101_2,947048920,5204,11.00,3.15,2.01,0
101_2,947049866,5203,10.00,3.16,2.01,0
101_2,947050812,5203,10.00,3.15,2.01,0
101_2,947051758,5203,10.00,3.15,2.01,0
101_2,947052704,5202,10.00,3.16,2.01,0
101_2,947053650,5201,9.00,3.16,2.01,0
101_2,947054595,5201,10.00,3.16,2.01,0
101_2,947055541,5201,10.00,3.15,2.01,0
101_2,947056487,5201,10.00,3.16,2.01,0
101_2,947057433,5201,9.00,3.16,2.01,0
101_2,947058379,5201,9.00,3.16,2.01,0
101_2,947059324,5200,9.00,3.16,2.01,0
101_2,947060270,5201,9.00,3.15,2.01,0
101_2,947061215,5200,9.00,3.16,2.01,0
101_2,947062161,5199,9.00,3.15,2.01,0
101_2,947063106,5199,8.00,3.15,2.01,0
101_2,947064052,5199,8.00,3.15,2.01,0
101_2,947064997,5198,8.00,3.15,2.01,0
101_2,947065942,5197,8.00,3.15,2.01,0
101_2,947066887,5196,8.00,3.16,2.01,0
101_2,947067832,5193,7.00,3.16,2.01,0
101_2,947068777,5193,7.00,3.15,2.01,0
101_2,947069722,5188,6.00,3.16,2.01,0
101_2,947070666,5187,6.00,3.16,2.01,0
101_2,947071611,5186,6.00,3.16,2.01,0
101_2,947072555,5189,5.00,3.15,2.01,0
101_2,947073499,5185,5.00,3.16,2.01,0
101_2,947074444,5185,5.00,3.15,2.01,0
101_2,947075388,5187,5.00,3.15,2.01,0
101_2,947076332,5187,5.00,3.15,2.01,0
101_2,947077276,5187,5.00,3.16,2.01,0
101_2,947078221,5188,5.00,3.16,2.01,0
101_2,947079165,5189,5.00,3.16,2.01,0
101_2,947080109,5187,5.00,3.16,2.01,0
101_2,947081053,5186,5.00,3.16,2.01,0
101_2,947081997,5187,5.00,3.16,2.01,0
101_2,947082941,5187,4.00,3.15,2.01,0
101_2,947083885,5196,5.00,3.16,2.01,0
101_2,947084829,5199,5.00,3.15,2.01,0
101_2,947085773,5200,5.00,3.15,2.01,0
101_2,947086717,5203,5.00,3.16,2.01,0
101_2,947087662,5207,5.00,3.16,2.01,0
101_2,947088606,5209,6.00,3.15,2.01,0
101_2,947089551,5211,6.00,3.15,2.01,0
101_2,947090496,5212,7.00,3.16,2.01,0
101_2,947091441,5214,7.00,3.16,2.01,0
101_2,947092386,5218,7.00,3.16,2.01,0
101_2,947093331,5224,8.00,3.15,2.01,0
101_2,947094277,5227,10.00,3.16,2.01,0
101_2,947095223,5226,10.00,3.16,2.01,0
101_2,947096169,5226,11.00,3.16,2.01,0
101_2,947097115,5233,12.00,3.16,2.01,0
101_2,947098062,5226,11.00,3.16,2.01,0
101_2,947099009,5234,12.00,3.15,2.01,0
101_2,947099955,5230,12.00,3.16,2.01,0
101_2,947100902,5225,12.00,3.16,2.01,0
101_2,947101849,5227,12.00,3.15,2.01,0
101_2,947102796,5233,12.00,3.16,2.01,0
101_2,947103743,5228,12.00,3.16,2.01,0
101_2,947104690,5242,13.00,3.15,2.01,0
101_2,947105637,5315,14.00,3.16,2.01,0
101_2,947106585,5376,16.00,3.16,2.02,0
101_2,947107534,5384,19.00,3.16,2.02,0
101_2,947108484,5277,19.00,3.16,2.02,0
101_2,947109433,5356,20.00,3.16,2.02,0
101_2,947110383,5219,18.00,3.16,2.02,0
101_2,947111333,5220,19.00,3.15,2.02,0
101_2,947112282,5222,19.00,3.16,2.02,0
101_2,947113232,5305,19.00,3.16,2.02,0
101_2,947114182,5212,19.00,3.15,2.02,0
101_2,947115131,5204,18.00,3.15,2.02,0
101_2,947116081,5197,19.00,3.16,2.02,0
101_2,947117030,5189,19.00,3.16,2.02,0
101_2,947117980,5185,20.00,3.15,2.02,0
101_2,947118930,5173,19.00,3.16,2.02,0
101_2,947119880,5177,19.00,3.15,2.02,0
101_2,947120829,5175,19.00,3.16,2.02,0
101_2,947121779,5169,20.00,3.15,2.02,0
101_2,947122729,5168,20.00,3.16,2.02,0
101_2,947123679,5165,21.00,3.15,2.02,0
101_2,947124630,5162,20.00,3.16,2.02,0
101_2,947125580,5156,20.00,3.15,2.02,0
101_2,947126530,5161,20.00,3.16,2.02,0
101_2,947127480,5159,20.00,3.16,2.02,0
101_2,947128430,5153,20.00,3.16,2.02,0
101_2,947129380,5154,20.00,3.16,2.02,0
101_2,947130330,5153,20.00,3.15,2.02,0
101_2,947131280,5136,19.00,3.16,2.02,0
101_2,947132230,5119,19.00,3.16,2.02,0
101_2,947133179,5077,18.00,3.16,2.01,0
101_2,947134128,5076,18.00,3.16,2.01,0
101_2,947135078,5091,18.00,3.15,2.01,0
101_2,947136027,5078,18.00,3.15,2.01,0
101_2,947136976,5141,18.00,3.15,2.02,0
101_2,947137925,5143,19.00,3.15,2.02,0
101_2,947138874,5066,18.00,3.15,2.01,0
101_2,947139823,5065,17.00,3.15,2.01,0
101_2,947140772,5066,18.00,3.16,2.01,0
101_2,947141721,5062,17.00,3.16,2.01,0
101_2,947142670,5059,16.00,3.16,2.01,0
101_2,947143618,5057,15.00,3.16,2.01,0
101_2,947144565,5056,14.00,3.15,2.01,0
101_2,947145513,5054,13.00,3.16,2.01,0
101_2,947146459,5053,12.00,3.15,2.01,0
101_2,947147406,5051,11.00,3.15,2.01,0
101_2,947148352,5043,10.00,3.15,2.01,0
101_2,947149297,5042,9.00,3.15,2.01,0
101_2,947150243,5037,8.00,3.16,2.01,0
101_2,947151188,5027,7.00,3.15,2.01,0
101_2,947152133,5008,7.00,3.15,2.01,0
101_2,947153078,5002,5.00,3.15,2.01,0
101_2,947154022,4998,6.00,3.15,2.01,0
101_2,947154966,4998,5.00,3.15,2.01,0
101_2,947155910,4996,4.00,3.15,2.01,0
101_2,947156854,4998,4.00,3.16,2.01,0
101_2,947157798,4999,3.00,3.15,2.01,0
101_2,947158741,5000,2.00,3.16,2.01,0
101_2,947159685,4999,2.00,3.15,2.01,0
101_2,947160628,5131,2.00,3.16,1.99,0
101_2,947161571,5471,2.00,3.15,1.93,0
101_2,947162514,5506,1.00,3.15,1.93,0
101_2,947163457,5535,1.00,3.16,1.92,0
101_2,947164400,5552,1.00,3.15,1.92,0
101_2,947165342,5557,1.00,3.15,1.92,0
101_2,947166285,5567,0.00,3.15,1.92,0
101_2,947167228,5591,0.00,3.15,1.91,0
101_2,947168170,5607,0.00,3.15,1.91,0
101_2,947169113,5621,0.00,3.15,1.91,0
101_2,947170055,5625,0.00,3.16,1.90,0
101_2,947170997,5631,0.00,3.16,1.90,0
101_2,947170997,5631,0.00,3.16,1.90,0
101_2,947171940,5631,-1.00,3.16,1.90,0
101_2,947172882,5626,0.00,3.15,1.91,0
101_2,947173824,5619,0.00,3.15,1.91,0
101_2,947174767,5608,0.00,3.15,1.91,0
101_2,947175709,5616,0.00,3.16,1.91,0
101_2,947176652,5560,2.00,3.16,1.92,0
101_2,947177595,5034,2.00,3.16,2.01,0
101_2,947178539,5042,3.00,3.16,2.01,0
101_2,947179482,5066,4.00,3.16,2.01,0
101_2,947180427,5125,7.00,3.16,2.01,0
101_2,947181372,5118,9.00,3.16,2.01,0
101_2,947182318,5094,10.00,3.16,2.01,0
101_2,947183265,5056,12.00,3.16,2.01,0
101_2,947184212,5055,14.00,3.15,2.01,0
101_2,947185159,5057,13.00,3.16,2.01,0
101_2,947186107,5060,14.00,3.16,2.01,0
101_2,947187054,5061,15.00,3.16,2.01,0
101_2,947188002,5064,15.00,3.16,2.01,0
101_2,947188950,5066,15.00,3.15,2.01,0
101_2,947189899,5067,16.00,3.16,2.01,0
101_2,947190847,5066,16.00,3.15,2.01,0
101_2,947191796,5065,17.00,3.16,2.01,0
101_2,947191796,5065,17.00,3.16,2.01,0
101_2,947192745,5118,18.00,3.16,2.02,0
101_2,947193695,5126,21.00,3.16,2.02,0
101_2,947194646,5122,23.00,3.15,2.02,0
101_2,947195598,5117,23.00,3.16,2.02,0
101_2,947196550,5111,25.00,3.16,2.02,0
101_2,947197502,5098,25.00,3.16,2.02,0
101_2,947198455,5103,25.00,3.16,2.02,0
101_2,947199407,5099,25.00,3.16,2.02,0
101_2,947200360,5100,24.00,3.16,2.02,0
101_2,947201311,5097,23.00,3.16,2.02,0
101_2,947202263,5096,23.00,3.16,2.02,0
101_2,947203214,5094,24.00,3.15,2.01,0
101_2,947204166,5093,24.00,3.16,2.01,0
101_2,947205118,5086,24.00,3.16,2.01,0
101_2,947206070,5088,24.00,3.16,2.01,0
101_2,947207022,5087,24.00,3.16,2.01,0
101_2,947207973,5089,24.00,3.16,2.01,0
101_2,947208925,5089,24.00,3.16,2.01,0
101_2,947209877,5086,24.00,3.16,2.01,0
101_2,947210829,5083,24.00,3.15,2.01,0
101_2,947211781,5085,23.00,3.16,2.01,0
101_2,947212732,5083,23.00,3.16,2.01,0
101_2,947213684,5083,23.00,3.16,2.01,0
101_2,947214636,5080,23.00,3.15,2.01,0
101_2,947215587,5079,23.00,3.15,2.01,0
101_2,947216539,5079,23.00,3.16,2.01,0
101_2,947217490,5076,23.00,3.15,2.01,0
101_2,947218442,5071,22.00,3.16,2.01,0
101_2,947219393,5057,22.00,3.15,2.01,0
101_2,947220344,5064,22.00,3.16,2.01,0
101_2,947221295,5046,22.00,3.16,2.01,0
101_2,947222246,5046,22.00,3.16,2.01,0
101_2,947223197,5071,22.00,3.16,2.01,0
101_2,947224147,5063,22.00,3.16,2.01,0
101_2,947225098,5036,21.00,3.15,2.01,0
101_2,947226049,5019,21.00,3.15,2.01,0
101_2,947226999,5022,21.00,3.15,2.01,0
101_2,947227949,5014,20.00,3.16,2.01,0
101_2,947228900,5006,20.00,3.15,2.01,0
101_2,947229849,5004,19.00,3.16,2.01,0
101_2,947230798,5003,17.00,3.16,2.01,0
101_2,947231747,5002,17.00,3.15,2.01,0
101_2,947232696,5001,15.00,3.16,2.01,0
101_2,947233644,5001,14.00,3.16,2.01,0
101_2,947234591,5000,13.00,3.16,2.01,0
101_2,947235538,4970,11.00,3.15,2.01,0
101_2,947236484,4966,10.00,3.16,2.01,0
101_2,947237430,4956,9.00,3.16,2.01,0
101_2,947238375,4949,8.00,3.15,2.01,0
101_2,947239320,4939,7.00,3.16,2.01,0
101_2,947240265,4933,6.00,3.15,2.01,0
101_2,947241209,4930,6.00,3.16,2.01,0
101_2,947242153,4929,5.00,3.15,2.01,0
101_2,947243097,4925,5.00,3.16,2.01,0
101_2,947244041,4925,4.00,3.15,2.01,0
101_2,947244985,4922,3.00,3.16,2.01,0
101_2,947245928,4922,3.00,3.16,2.01,0
101_2,947246872,4922,2.00,3.15,2.01,0
101_2,947247815,4921,3.00,3.15,2.01,0
101_2,947248758,4921,2.00,3.16,2.01,0
101_2,947249701,4920,2.00,3.16,2.01,0
101_2,947250644,5252,1.00,3.16,1.95,0
101_2,947251587,5319,1.00,3.15,1.94,0
101_2,947252530,5290,1.00,3.16,1.95,0
101_2,947253473,5351,1.00,3.16,1.93,0
101_2,947254416,5474,1.00,3.16,1.91,0
101_2,947255359,5483,1.00,3.16,1.91,0
101_2,947256302,5493,0.00,3.15,1.91,0
101_2,947257244,5496,0.00,3.15,1.91,0
101_2,947258187,5503,0.00,3.16,1.91,0
101_2,947259130,5501,0.00,3.16,1.91,0
101_2,947260072,5478,0.00,3.15,1.91,0
101_2,947261015,5463,1.00,3.15,1.92,0
101_2,947261958,4960,2.00,3.16,2.00,0
101_2,947262902,4935,3.00,3.15,2.01,0
101_2,947263845,4944,4.00,3.16,2.01,0
101_2,947264790,4953,5.00,3.16,2.01,0
101_2,947265734,4962,7.00,3.15,2.01,0
101_2,947266679,5006,8.00,3.15,2.01,0
101_2,947267625,5025,11.00,3.15,2.01,0
101_2,947268572,5024,12.00,3.16,2.01,0
101_2,947269519,5023,14.00,3.15,2.01,0
101_2,947270467,5023,16.00,3.15,2.01,0
101_2,947271416,5023,16.00,3.16,2.01,0
101_2,947272364,5023,16.00,3.16,2.01,0
101_2,947273313,5023,17.00,3.16,2.01,0
101_2,947274262,5025,18.00,3.16,2.01,0
101_2,947275211,5026,18.00,3.15,2.01,0
101_2,947276160,5026,18.00,3.15,2.01,0
101_2,947277110,5027,19.00,3.15,2.01,0
101_2,947278059,5029,19.00,3.16,2.01,0
101_2,947279010,5049,21.00,3.15,2.01,0
101_2,947279961,5064,24.00,3.16,2.01,0
101_2,947280913,5056,26.00,3.16,2.01,0
101_2,947281867,5054,27.00,3.16,2.01,0
101_2,947282820,5055,28.00,3.16,2.01,0
101_2,947283774,5051,28.00,3.16,2.01,0
101_2,947284728,5049,28.00,3.16,2.01,0
101_2,947285683,5047,28.00,3.16,2.01,0
101_2,947286636,5042,27.00,3.15,2.01,0
101_2,947287589,5043,26.00,3.15,2.01,0
101_2,947288542,5043,25.00,3.16,2.01,0
101_2,947289494,5039,26.00,3.16,2.01,0
101_2,947290448,5042,27.00,3.15,2.01,0
101_2,947291401,5037,27.00,3.16,2.01,0
101_2,947292354,5040,27.00,3.16,2.01,0
101_2,947293307,5038,27.00,3.15,2.01,0
101_2,947294260,5037,27.00,3.15,2.01,0
101_2,947295213,5033,26.00,3.16,2.01,0
101_2,947296166,5033,26.00,3.16,2.01,0
101_2,947297120,5038,27.00,3.16,2.01,0
101_2,947298073,5030,26.00,3.15,2.01,0
101_2,947299026,4999,25.00,3.16,2.01,0
101_2,947299978,4991,25.00,3.15,2.01,0
101_2,947300930,4979,24.00,3.15,2.01,0
101_2,947301882,5031,25.00,3.16,2.01,0
101_2,947302835,5039,26.00,3.15,2.01,0
101_2,947303788,5032,26.00,3.16,2.01,0
101_2,947304740,4995,25.00,3.16,2.01,0
101_2,947305692,4970,24.00,3.15,2.01,0
101_2,947306644,4969,23.00,3.16,2.01,0
101_2,947307595,4969,21.00,3.15,2.01,0
101_2,947308545,4974,20.00,3.15,2.01,0
101_2,947309495,4976,18.00,3.15,2.01,0
101_2,947310444,4981,18.00,3.16,2.01,0
101_2,947311393,4981,17.00,3.15,2.01,0
101_2,947312341,4980,16.00,3.16,2.01,0
101_2,947313290,4987,17.00,3.15,2.01,0
101_2,947314239,4984,18.00,3.16,2.01,0
101_2,947315188,4980,18.00,3.16,2.01,0
101_2,947316137,4979,17.00,3.16,2.01,0
101_2,947317085,4979,16.00,3.15,2.01,0
101_2,947318033,4982,15.00,3.16,2.01,0
101_2,947318981,4968,14.00,3.15,2.01,0
101_2,947319929,4955,13.00,3.15,2.01,0
101_2,947320875,4939,12.00,3.16,2.01,0
101_2,947321822,4939,11.00,3.16,2.01,0
101_2,947322768,4938,10.00,3.15,2.01,0
101_2,947323714,4934,9.00,3.15,2.01,0
101_2,947324660,4929,9.00,3.16,2.01,0
101_2,947325605,4924,9.00,3.15,2.01,0
101_2,947326551,4921,7.00,3.16,2.01,0
101_2,947327496,4920,7.00,3.16,2.01,0
101_2,947328440,4919,7.00,3.15,2.01,0
101_2,947329385,4918,6.00,3.15,2.01,0
101_2,947330330,4916,6.00,3.15,2.01,0
101_2,947331274,4915,6.00,3.16,2.01,0
101_2,947332219,4912,5.00,3.15,2.01,0
101_2,947333163,4907,5.00,3.15,2.01,0
101_2,947334107,4903,5.00,3.15,2.01,0
101_2,947335051,4898,4.00,3.16,2.01,0
101_2,947335994,4897,4.00,3.16,2.01,0
101_2,947336938,5223,3.00,3.15,1.95,0
101_2,947337881,5346,3.00,3.15,1.93,0
101_2,947338825,5375,2.00,3.15,1.92,0
101_2,947339768,5430,1.00,3.16,1.91,0
101_2,947340711,5457,2.00,3.15,1.91,0
101_2,947341654,5461,2.00,3.16,1.91,0
101_2,947342598,5468,2.00,3.15,1.91,0
101_2,947343541,5473,1.00,3.15,1.91,0
101_2,947344484,5480,1.00,3.16,1.91,0
101_2,947345427,5472,1.00,3.15,1.91,0
101_2,947346370,5478,3.00,3.15,1.91,0
101_2,947347313,5465,2.00,3.15,1.91,0
101_2,947348257,5324,3.00,3.16,1.94,0
101_2,947349201,4922,4.00,3.15,2.01,0
101_2,947350145,4926,5.00,3.16,2.01,0
101_2,947351089,4931,6.00,3.16,2.01,0
101_2,947352034,4942,8.00,3.15,2.01,0
101_2,947352980,4983,9.00,3.15,2.01,0
101_2,947353926,5014,11.00,3.16,2.01,0
101_2,947354873,5015,12.00,3.15,2.01,0
101_2,947355820,5016,14.00,3.16,2.01,0
101_2,947356768,5018,16.00,3.16,2.01,0
101_2,947357717,5018,16.00,3.16,2.01,0
101_2,947358665,5018,17.00,3.16,2.01,0
101_2,947359614,5016,18.00,3.16,2.01,0
101_2,947360564,5017,19.00,3.16,2.01,0
101_2,947361514,5015,19.00,3.16,2.01,0
101_2,947362463,5015,20.00,3.16,2.01,0
101_2,947363413,5016,20.00,3.16,2.01,0
101_2,947364363,5016,20.00,3.15,2.01,0
101_2,947365314,5025,21.00,3.16,2.01,0
101_2,947366265,5041,25.00,3.16,2.01,0
101_2,947367218,5043,27.00,3.16,2.01,0
101_2,947368171,5048,27.00,3.16,2.01,0
101_2,947369125,5044,28.00,3.16,2.01,0
101_2,947370079,5044,28.00,3.15,2.01,0
101_2,947371033,5040,28.00,3.15,2.01,0
101_2,947371987,5041,29.00,3.15,2.01,0
101_2,947372941,5035,28.00,3.16,2.01,0
101_2,947373894,5037,27.00,3.15,2.01,0
101_2,947374847,5038,27.00,3.16,2.01,0
101_2,947375801,5037,27.00,3.16,2.01,0
101_2,947376755,5029,28.00,3.15,2.01,0
101_2,947377708,5021,27.00,3.15,2.01,0
101_2,947378662,5025,27.00,3.15,2.01,0
101_2,947379615,5024,28.00,3.16,2.01,0
101_2,947380569,5019,28.00,3.16,2.01,0
101_2,947381523,5019,28.00,3.16,2.01,0
101_2,947382476,4960,26.00,3.15,2.01,0
101_2,947383429,4955,26.00,3.15,2.01,0
101_2,947384381,4950,24.00,3.15,2.01,0
101_2,947385333,4951,25.00,3.16,2.01,0
101_2,947386286,4951,25.00,3.15,2.01,0
101_2,947387239,4957,26.00,3.15,2.01,0
101_2,947388192,4971,26.00,3.16,2.01,0
101_2,947389145,4968,27.00,3.16,2.01,0
101_2,947390098,4958,26.00,3.15,2.01,0
101_2,947391051,4952,26.00,3.15,2.01,0
101_2,947392004,4950,25.00,3.15,2.01,0
101_2,947392956,4950,26.00,3.16,2.01,0
101_2,947393909,4950,26.00,3.15,2.01,0
101_2,947394861,4930,25.00,3.16,2.01,0
101_2,947395814,4929,23.00,3.15,2.01,0
101_2,947396765,4934,21.00,3.15,2.01,0
101_2,947397715,4939,20.00,3.15,2.01,0
101_2,947398665,4921,18.00,3.15,2.01,0
101_2,947399613,4917,16.00,3.16,2.01,0
101_2,947400562,4910,15.00,3.16,2.01,0
101_2,947401510,4907,15.00,3.16,2.01,0
101_2,947402457,4903,14.00,3.15,2.01,0
101_2,947403405,4898,14.00,3.15,2.01,0
101_2,947404352,4893,13.00,3.16,2.01,0
101_2,947405299,4892,12.00,3.16,2.01,0
101_2,947406246,4891,12.00,3.16,2.01,0
101_2,947407192,4888,12.00,3.16,2.01,0
101_2,947408139,4887,11.00,3.15,2.01,0
101_2,947409085,4885,10.00,3.16,2.01,0
101_2,947410031,4886,10.00,3.15,2.01,0
101_2,947410976,4883,9.00,3.15,2.01,0
101_2,947411922,4884,8.00,3.15,2.01,0
101_2,947412867,4884,7.00,3.16,2.01,0
101_2,947413812,4883,7.00,3.16,2.01,0
101_2,947414757,4884,7.00,3.15,2.01,0
101_2,947415702,4883,6.00,3.16,2.01,0
101_2,947416647,4879,6.00,3.15,2.01,0
101_2,947417591,4878,6.00,3.16,2.01,0
101_2,947418536,4878,6.00,3.16,2.01,0
101_2,947419480,4879,5.00,3.16,2.01,0
101_2,947420424,4877,5.00,3.16,2.01,0
101_2,947421368,4876,5.00,3.16,2.01,0
101_2,947422312,4878,5.00,3.15,2.01,0
101_2,947423256,5245,4.00,3.16,1.95,0
101_2,947424200,5409,4.00,3.16,1.92,0
101_2,947425144,5450,4.00,3.15,1.91,0
101_2,947426088,5466,3.00,3.16,1.91,0
101_2,947427031,5473,3.00,3.16,1.91,0
101_2,947427975,5469,3.00,3.15,1.91,0
101_2,947428918,5470,3.00,3.16,1.91,0
101_2,947429862,5472,3.00,3.16,1.91,0
101_2,947430805,5477,3.00,3.16,1.91,0
101_2,947431749,5470,3.00,3.16,1.91,0
101_2,947432692,5416,4.00,3.16,1.92,0
101_2,947433636,5192,4.00,3.15,1.96,0
101_2,947434580,4904,6.00,3.16,2.01,0
101_2,947435525,4908,6.00,3.16,2.01,0
101_2,947436470,4909,8.00,3.16,2.01,0
101_2,947437415,4912,8.00,3.16,2.01,0
101_2,947438360,4915,9.00,3.15,2.01,0
101_2,947439305,4916,9.00,3.16,2.01,0
101_2,947440251,4936,10.00,3.16,2.01,0
101_2,947441198,4970,12.00,3.16,2.01,0
101_2,947442144,4995,13.00,3.16,2.01,0
101_2,947443092,4998,15.00,3.16,2.01,0
101_2,947444040,4994,15.00,3.16,2.01,0
101_2,947444988,4994,15.00,3.16,2.01,0
101_2,947445936,4993,16.00,3.16,2.01,0
101_2,947446885,4996,17.00,3.15,2.01,0
101_2,947447834,4993,17.00,3.15,2.01,0
101_2,947448783,4989,18.00,3.15,2.01,0
101_2,947449732,4986,19.00,3.16,2.01,0
101_2,947450682,4986,20.00,3.16,2.01,0
101_2,947451632,4994,21.00,3.16,2.01,0
101_2,947452584,5038,24.00,3.16,2.01,0
101_2,947453536,5041,26.00,3.16,2.01,0
101_2,947454489,5040,27.00,3.16,2.01,0
101_2,947455443,5039,28.00,3.15,2.01,0
101_2,947456397,5036,28.00,3.15,2.01,0
101_2,947457351,5038,29.00,3.16,2.01,0
101_2,947458306,5036,29.00,3.16,2.01,0
101_2,947459260,5032,28.00,3.16,2.01,0
101_2,947460214,5030,27.00,3.16,2.01,0
101_2,947461167,5031,27.00,3.16,2.01,0
101_2,947462121,5014,27.00,3.16,2.01,0
101_2,947463074,4977,26.00,3.15,2.01,0
101_2,947464027,4937,25.00,3.15,2.01,0
101_2,947464979,4937,22.00,3.15,2.01,0
101_2,947465928,4920,18.00,3.15,2.01,0
101_2,947466877,4916,16.00,3.16,2.01,0
101_2,947467826,4948,16.00,3.15,2.01,0
101_2,947468774,4950,16.00,3.16,2.01,0
101_2,947469722,4951,16.00,3.16,2.01,0
101_2,947470671,4952,16.00,3.16,2.01,0
101_2,947471619,4953,17.00,3.16,2.01,0
101_2,947472568,4954,17.00,3.15,2.01,0
101_2,947473517,4952,17.00,3.16,2.01,0
101_2,947474466,4920,17.00,3.16,2.01,0
101_2,947475414,4912,15.00,3.16,2.01,0
101_2,947476362,4905,15.00,3.16,2.01,0
101_2,947477310,4883,14.00,3.16,2.01,0
101_2,947478257,4883,13.00,3.15,2.01,0
101_2,947479204,4886,12.00,3.15,2.01,0
101_2,947480151,4887,12.00,3.16,2.01,0
101_2,947481098,4888,12.00,3.15,2.01,0
101_2,947482044,4891,12.00,3.16,2.01,0
101_2,947482991,4895,12.00,3.15,2.01,0
101_2,947483938,4897,12.00,3.16,2.01,0
101_2,947484885,4898,12.00,3.16,2.01,0
101_2,947485832,4899,13.00,3.15,2.01,0
101_2,947486778,4900,12.00,3.15,2.01,0
101_2,947487725,4900,13.00,3.16,2.01,0
101_2,947488672,4899,13.00,3.15,2.01,0
101_2,947489619,4899,12.00,3.15,2.01,0
101_2,947490566,4900,13.00,3.16,2.01,0
101_2,947491513,4900,12.00,3.15,2.01,0
101_2,947492460,4901,13.00,3.16,2.01,0
101_2,947493407,4900,12.00,3.16,2.01,0
101_2,947494354,4901,12.00,3.16,2.01,0
101_2,947495300,4901,12.00,3.15,2.01,0
101_2,947496247,4900,11.00,3.16,2.01,0
101_2,947497193,4898,11.00,3.16,2.01,0
101_2,947498139,4897,10.00,3.15,2.01,0
101_2,947499085,4896,9.00,3.16,2.01,0
101_2,947500031,4896,9.00,3.16,2.01,0
101_2,947500976,4893,8.00,3.16,2.01,0
101_2,947501921,4888,8.00,3.15,2.01,0
101_2,947502866,4888,7.00,3.15,2.01,0
101_2,947503811,4888,7.00,3.16,2.01,0
101_2,947504756,4888,7.00,3.16,2.01,0
101_2,947505701,4888,7.00,3.16,2.01,0
101_2,947506646,4888,7.00,3.16,2.01,0
101_2,947507591,4890,7.00,3.16,2.01,0
101_2,947508536,4890,7.00,3.16,2.01,0
101_2,947509481,4891,8.00,3.15,2.01,0
101_2,947510426,4891,8.00,3.15,2.01,0
101_2,947511371,4893,7.00,3.15,2.01,0
101_2,947512316,4894,8.00,3.16,2.01,0
101_2,947513261,4896,7.00,3.15,2.01,0
101_2,947514206,4897,8.00,3.16,2.01,0
101_2,947515151,4898,7.00,3.15,2.01,0
101_2,947516097,4900,8.00,3.16,2.01,0
101_2,947517042,4901,8.00,3.16,2.01,0
101_2,947517987,4902,8.00,3.16,2.01,0
101_2,947518932,4905,8.00,3.15,2.01,0
101_2,947519878,4911,9.00,3.15,2.01,0
101_2,947520823,4921,8.00,3.16,2.01,0
101_2,947521769,4926,10.00,3.15,2.01,0
101_2,947522714,4928,9.00,3.16,2.01,0
101_2,947523660,4929,10.00,3.16,2.01,0
101_2,947524606,4929,9.00,3.16,2.01,0
101_2,947525552,4928,9.00,3.16,2.01,0
101_2,947526498,4928,9.00,3.16,2.01,0
101_2,947527444,4928,9.00,3.16,2.01,0
101_2,947528390,4930,10.00,3.16,2.01,0
101_2,947529335,4933,10.00,3.15,2.01,0
101_2,947530281,4935,10.00,3.16,2.01,0
101_2,947531227,4935,10.00,3.15,2.01,0
101_2,947532173,4935,10.00,3.16,2.01,0
101_2,947533119,4937,10.00,3.15,2.01,0
101_2,947534065,4937,10.00,3.15,2.01,0
101_2,947535011,4937,10.00,3.16,2.01,0
101_2,947535957,4939,10.00,3.16,2.01,0
101_2,947536903,4940,10.00,3.16,2.01,0
101_2,947537849,4941,10.00,3.16,2.01,0
101_2,947538795,4940,10.00,3.15,2.01,0
101_2,947539741,4943,10.00,3.15,2.02,0
101_2,947540688,4943,10.00,3.16,2.01,0
101_2,947541634,4943,10.00,3.16,2.01,0
101_2,947542580,4943,10.00,3.16,2.01,0
101_2,947543526,4943,10.00,3.16,2.01,0
101_2,947544472,4943,10.00,3.16,2.01,0
101_2,947545418,4945,10.00,3.16,2.01,0
101_2,947546364,4946,11.00,3.15,2.01,0
101_2,947547310,4946,10.00,3.16,2.01,0
101_2,947548256,4974,10.00,3.15,2.01,0
101_2,947549202,4974,11.00,3.16,2.01,0
101_2,947550149,4969,10.00,3.16,2.01,0
101_2,947551095,4965,10.00,3.15,2.01,0
101_2,947552041,4966,10.00,3.15,2.01,0
101_2,947552987,4965,10.00,3.16,2.01,0
101_2,947553933,4966,10.00,3.16,2.01,0
101_2,947554879,4978,11.00,3.16,2.01,0
101_2,947555825,4982,11.00,3.15,2.01,0
101_2,947556771,4990,11.00,3.15,2.01,0
101_2,947557718,5000,11.00,3.15,2.01,0
101_2,947558664,5027,12.00,3.15,2.01,0
101_2,947559611,5028,12.00,3.16,2.01,0
101_2,947560557,5028,12.00,3.15,2.01,0
101_2,947561504,5024,12.00,3.16,2.01,0
101_2,947562451,5016,12.00,3.16,2.01,0
101_2,947563397,5029,12.00,3.15,2.01,0
101_2,947564344,4996,12.00,3.16,2.01,0
101_2,947565290,4996,11.00,3.15,2.01,0
101_2,947566237,5022,12.00,3.16,2.02,0
101_2,947567183,5029,12.00,3.15,2.01,0
101_2,947568130,5025,12.00,3.16,2.01,0
101_2,947569077,5029,12.00,3.15,2.02,0
101_2,947570023,5029,12.00,3.15,2.02,0
101_2,947570970,5029,12.00,3.16,2.02,0
101_2,947571917,5030,12.00,3.15,2.01,0
101_2,947572864,5017,12.00,3.16,2.01,0
101_2,947573810,4998,12.00,3.15,2.01,0
101_2,947574757,4995,12.00,3.16,2.01,0
101_2,947575703,4992,11.00,3.16,2.01,0
101_2,947576649,4990,11.00,3.15,2.01,0
101_2,947577596,4989,11.00,3.15,2.01,0
101_2,947578542,4989,11.00,3.16,2.01,0
101_2,947579488,4988,11.00,3.15,2.01,0
101_2,947580435,4988,12.00,3.15,2.01,0
101_2,947581381,4985,11.00,3.16,2.01,0
101_2,947582327,4983,11.00,3.16,2.01,0
101_2,947583273,4983,10.00,3.16,2.01,0
101_2,947584219,4982,11.00,3.15,2.01,0
101_2,947585165,4980,10.00,3.16,2.01,0
101_2,947586111,4976,11.00,3.15,2.01,0
101_2,947587057,4966,10.00,3.16,2.01,0
101_2,947588003,4958,10.00,3.16,2.01,0
101_2,947588949,4958,10.00,3.16,2.01,0
101_2,947589894,4958,10.00,3.15,2.01,0
101_2,947590840,4958,10.00,3.16,2.01,0
101_2,947591786,4958,9.00,3.16,2.01,0
101_2,947592731,4958,9.00,3.16,2.01,0
101_2,947593677,4958,10.00,3.16,2.01,0
101_2,947594623,4955,9.00,3.16,2.01,0
101_2,947595568,4952,9.00,3.15,2.01,0
101_2,947596514,4951,9.00,3.15,2.01,0
101_2,947597459,4952,9.00,3.15,2.01,0
101_2,947598405,4952,9.00,3.16,2.01,0
101_2,947599350,4953,9.00,3.16,2.01,0
101_2,947600296,4955,9.00,3.16,2.01,0
101_2,947601241,4958,9.00,3.16,2.01,0
101_2,947602187,4959,9.00,3.15,2.01,0
101_2,947603132,4960,9.00,3.15,2.01,0
101_2,947604078,4960,9.00,3.16,2.01,0
101_2,947605023,4961,9.00,3.15,2.01,0
101_2,947605969,4962,9.00,3.16,2.01,0
101_2,947606915,4969,10.00,3.16,2.01,0
101_2,947607860,4983,10.00,3.16,2.01,0
101_2,947608806,4987,10.00,3.16,2.01,0
101_2,947609752,4986,10.00,3.16,2.01,0
101_2,947610698,4985,10.00,3.16,2.01,0
101_2,947611644,4982,10.00,3.16,2.01,0
101_2,947612589,4981,10.00,3.16,2.01,0
101_2,947613535,4981,10.00,3.16,2.01,0
101_2,947614481,4984,10.00,3.16,2.01,0
101_2,947615427,4991,10.00,3.16,2.01,0
101_2,947616372,4992,10.00,3.15,2.01,0
101_2,947617318,4996,10.00,3.15,2.01,0
101_2,947618264,5000,10.00,3.15,2.01,0
101_2,947619210,5007,11.00,3.15,2.01,0
101_2,947620156,5012,11.00,3.15,2.01,0
101_2,947621102,5011,11.00,3.16,2.01,0
101_2,947622048,5026,11.00,3.16,2.02,0
101_2,947622994,5039,11.00,3.15,2.02,0
101_2,947623940,5037,11.00,3.15,2.02,0
101_2,947624887,5037,12.00,3.16,2.02,0
101_2,947625834,5036,12.00,3.15,2.02,0
101_2,947626781,5036,13.00,3.16,2.02,0
101_2,947627728,5054,15.00,3.16,2.02,0
101_2,947628677,5126,19.00,3.16,2.02,0
101_2,947629626,5091,20.00,3.15,2.02,0
101_2,947630576,5094,21.00,3.15,2.02,0
101_2,947631526,5033,19.00,3.16,2.02,0
101_2,947632476,5051,19.00,3.15,2.02,0
101_2,947633426,5038,19.00,3.15,2.02,0
101_2,947634375,5026,19.00,3.16,2.02,0
101_2,947635324,5034,19.00,3.16,2.02,0
101_2,947636274,5033,20.00,3.16,2.02,0
101_2,947637224,5032,20.00,3.15,2.02,0
101_2,947638173,5026,19.00,3.16,2.02,0
101_2,947639123,5014,18.00,3.16,2.02,0
101_2,947640072,5008,17.00,3.15,2.02,0
101_2,947641020,5006,16.00,3.15,2.02,0
101_2,947641968,5007,16.00,3.16,2.02,0
101_2,947642917,5018,17.00,3.15,2.02,0
101_2,947643866,5023,18.00,3.15,2.02,0
101_2,947644815,5023,18.00,3.15,2.02,0
101_2,947645764,5025,19.00,3.15,2.02,0
101_2,947646714,5018,19.00,3.15,2.02,0
101_2,947647664,5011,18.00,3.16,2.02,0
101_2,947648613,4995,17.00,3.15,2.02,0
101_2,947649561,4995,17.00,3.15,2.02,0
101_2,947650510,5006,17.00,3.16,2.02,0
101_2,947651459,5014,18.00,3.16,2.02,0
101_2,947652408,5014,18.00,3.15,2.02,0
101_2,947653358,5013,18.00,3.15,2.02,0
101_2,947654307,5013,18.00,3.15,2.02,0
101_2,947655256,5005,19.00,3.15,2.02,0
101_2,947656206,5016,19.00,3.15,2.02,0
101_2,947657155,5002,19.00,3.15,2.02,0
101_2,947658105,4973,19.00,3.15,2.02,0
101_2,947659054,4996,19.00,3.15,2.02,0
101_2,947660004,4994,19.00,3.15,2.02,0
101_2,947660953,4974,18.00,3.15,2.02,0
101_2,947661902,4976,17.00,3.15,2.02,0
101_2,947662851,4969,16.00,3.16,2.02,0
101_2,947663799,4941,15.00,3.15,2.01,0
101_2,947664746,4936,14.00,3.15,2.01,0
101_2,947665694,4920,13.00,3.16,2.01,0
101_2,947666640,4908,12.00,3.15,2.01,0
101_2,947667587,4898,11.00,3.15,2.01,0
101_2,947668533,4894,11.00,3.15,2.01,0
101_2,947669479,4891,10.00,3.15,2.01,0
101_2,947670424,4891,9.00,3.16,2.01,0
101_2,947671370,4891,8.00,3.15,2.01,0
101_2,947672315,4893,7.00,3.15,2.01,0
101_2,947673260,4892,7.00,3.15,2.01,0
101_2,947674205,4891,7.00,3.16,2.01,0
101_2,947675149,4890,6.00,3.14,2.01,0
101_2,947676094,4890,6.00,3.15,2.01,0
101_2,947677038,4889,6.00,3.15,2.01,0
101_2,947677983,4889,5.00,3.15,2.01,0
101_2,947678927,4889,5.00,3.16,2.01,0
101_2,947679871,4888,5.00,3.15,2.01,0
101_2,947680815,5345,4.00,3.16,1.93,0
101_2,947681758,5384,4.00,3.15,1.93,0
101_2,947682702,5397,3.00,3.15,1.92,0
101_2,947683646,5433,3.00,3.15,1.92,0
101_2,947684589,5475,3.00,3.16,1.91,0
101_2,947685533,5485,3.00,3.16,1.91,0
101_2,947686476,5493,3.00,3.15,1.91,0
101_2,947687419,5501,2.00,3.15,1.91,0
101_2,947688363,5499,2.00,3.15,1.91,0
101_2,947689306,5493,3.00,3.16,1.91,0
101_2,947690249,5480,2.00,3.16,1.91,0
101_2,947691192,5456,2.00,3.15,1.91,0
101_2,947692136,5450,3.00,3.15,1.91,0
101_2,947693079,5513,4.00,3.15,1.90,0
101_2,947694023,5426,4.00,3.16,1.92,0
101_2,947694967,4903,5.00,3.16,2.01,0
101_2,947695912,4914,6.00,3.16,2.01,0
101_2,947696856,4924,7.00,3.16,2.01,0
101_2,947697801,4927,8.00,3.16,2.01,0
101_2,947698747,4936,9.00,3.16,2.01,0
101_2,947699692,4945,10.00,3.15,2.01,0
101_2,947700638,4990,11.00,3.16,2.01,0
101_2,947701585,5004,13.00,3.15,2.02,0
101_2,947702533,5005,14.00,3.15,2.02,0
101_2,947703481,5006,14.00,3.15,2.02,0
101_2,947704429,5005,16.00,3.15,2.02,0
101_2,947705377,5003,16.00,3.15,2.02,0
101_2,947706326,5005,17.00,3.16,2.02,0
101_2,947707274,5006,17.00,3.15,2.02,0
101_2,947708223,5006,18.00,3.16,2.02,0
101_2,947709173,5012,18.00,3.16,2.02,0
101_2,947710122,5013,19.00,3.15,2.02,0
101_2,947711072,5070,20.00,3.16,2.02,0
101_2,947712023,5060,23.00,3.15,2.02,0
101_2,947712974,5058,25.00,3.15,2.02,0
101_2,947713927,5050,26.00,3.15,2.02,0
101_2,947714879,5039,25.00,3.15,2.02,0
101_2,947715832,5005,25.00,3.15,2.02,0
101_2,947716784,5035,25.00,3.16,2.02,0
101_2,947717737,5032,25.00,3.15,2.02,0
101_2,947718689,5029,25.00,3.15,2.02,0
101_2,947719641,5032,24.00,3.15,2.02,0
101_2,947720593,5028,23.00,3.16,2.02,0
101_2,947721545,5027,24.00,3.15,2.02,0
101_2,947722497,5026,25.00,3.16,2.02,0
101_2,947723449,5024,25.00,3.15,2.02,0
101_2,947724401,5022,24.00,3.15,2.02,0
101_2,947725353,5019,24.00,3.16,2.02,0
101_2,947726305,5006,25.00,3.15,2.02,0
101_2,947727257,5011,25.00,3.15,2.02,0
101_2,947728209,5006,25.00,3.15,2.02,0
101_2,947729162,5002,25.00,3.16,2.02,0
101_2,947730114,5018,25.00,3.15,2.02,0
101_2,947731066,5003,25.00,3.15,2.02,0
101_2,947732018,5002,25.00,3.15,2.02,0
101_2,947732970,4973,24.00,3.15,2.01,0
101_2,947733922,4975,24.00,3.15,2.01,0
101_2,947734874,5001,24.00,3.15,2.01,0
101_2,947735826,4971,24.00,3.15,2.01,0
101_2,947736778,4950,24.00,3.15,2.02,0
101_2,947737730,4947,24.00,3.15,2.01,0
101_2,947738681,4947,23.00,3.15,2.01,0
101_2,947739632,4935,22.00,3.15,2.01,0
101_2,947740583,4942,22.00,3.15,2.01,0
101_2,947741534,4973,22.00,3.15,2.01,0
101_2,947742485,4999,23.00,3.16,2.01,0
101_2,947743437,4974,23.00,3.15,2.01,0
101_2,947744388,4931,22.00,3.16,2.01,0
101_2,947745339,4923,21.00,3.16,2.01,0
101_2,947746289,4923,21.00,3.15,2.01,0
101_2,947747239,4925,20.00,3.15,2.01,0
101_2,947748189,4930,19.00,3.15,2.01,0
101_2,947749138,4934,18.00,3.15,2.01,0
101_2,947750087,4933,17.00,3.15,2.01,0
101_2,947751036,4909,17.00,3.15,2.01,0
101_2,947751984,4906,16.00,3.15,2.01,0
101_2,947752932,4893,15.00,3.15,2.01,0
101_2,947753880,4875,14.00,3.16,2.01,0
101_2,947754827,4870,13.00,3.16,2.01,0
101_2,947755774,4863,12.00,3.15,2.01,0
101_2,947756720,4858,11.00,3.15,2.01,0
101_2,947757666,4855,10.00,3.15,2.01,0
101_2,947758612,4855,9.00,3.15,2.01,0
101_2,947759558,4855,9.00,3.15,2.01,0
101_2,947760503,4854,8.00,3.15,2.01,0
101_2,947761448,4856,8.00,3.16,2.01,0
101_2,947762393,4857,7.00,3.14,2.01,0
101_2,947763338,4857,7.00,3.15,2.01,0
101_2,947764283,4858,8.00,3.15,2.01,0
101_2,947765228,4858,8.00,3.15,2.01,0
101_2,947766173,4859,8.00,3.15,2.01,0
101_2,947767118,4859,8.00,3.16,2.01,0
101_2,947768064,4859,8.00,3.15,2.01,0
101_2,947769009,4859,8.00,3.16,2.01,0
101_2,947769954,4859,8.00,3.16,2.01,0
101_2,947770899,4860,8.00,3.15,2.01,0
101_2,947771844,4860,8.00,3.16,2.01,0
101_2,947772790,4861,8.00,3.15,2.01,0
101_2,947773735,4862,8.00,3.16,2.01,0
101_2,947774680,4862,9.00,3.15,2.01,0
101_2,947775626,4862,8.00,3.15,2.01,0
101_2,947776571,4864,8.00,3.15,2.01,0
101_2,947777516,4865,9.00,3.15,2.01,0
101_2,947778462,4866,9.00,3.15,2.01,0
101_2,947779408,4868,9.00,3.15,2.01,0
101_2,947780353,4874,9.00,3.15,2.01,0
101_2,947781299,4886,10.00,3.15,2.01,0
101_2,947782245,4894,10.00,3.15,2.01,0
101_2,947783191,4895,11.00,3.15,2.01,0
101_2,947784137,4895,11.00,3.16,2.01,0
101_2,947785084,4896,11.00,3.15,2.01,0
101_2,947786030,4896,11.00,3.15,2.01,0
101_2,947786976,4899,11.00,3.15,2.01,0
101_2,947787923,4898,12.00,3.16,2.01,0
101_2,947788869,4899,11.00,3.16,2.01,0
101_2,947789816,4906,12.00,3.15,2.01,0
101_2,947790762,4909,12.00,3.15,2.01,0
101_2,947791709,4908,12.00,3.15,2.01,0
101_2,1468011627,5018,25.00,3.08,2.02,0
