3,1461858353,1107,11.00,2.62,2.18,0
3,1461859289,1108,11.00,2.61,2.18,0
3,1461860224,1108,11.00,2.62,2.18,0
3,1462317695,5582,0.00,3.30,2.02,0
3,1462318628,5118,0.00,3.30,1.96,0
3,1462319560,5100,0.00,3.30,2.06,0
3,1462321972,5042,1.00,3.18,2.09,0
3,1462321982,4971,1.00,3.18,2.05,0
3,1462321986,4959,1.00,3.19,2.05,0
3,1462322917,5082,0.00,3.22,2.08,0
3,1462323849,5098,0.00,3.23,2.09,0
3,1462324780,5092,0.00,3.24,2.09,0
3,1462325712,5115,1.00,3.25,2.10,0
3,1462326644,5117,1.00,3.25,2.09,0
3,1462327575,5137,1.00,3.25,2.10,0
3,1462328507,5105,1.00,3.26,2.09,0
3,1462329439,5128,1.00,3.27,2.10,0
3,1462330371,5148,2.00,3.27,2.11,0
3,1462331303,5145,1.00,3.27,2.10,0
3,1462332235,5125,2.00,3.27,2.10,0
3,1462333167,5128,2.00,3.28,2.10,0
3,1462334099,5137,2.00,3.28,2.11,0
3,1462335031,5139,2.00,3.29,2.11,0
3,1462335963,5133,1.00,3.29,2.10,0
3,1462336895,5140,1.00,3.29,2.12,0
3,1462337827,5139,1.00,3.28,2.12,0
3,1462338759,5142,0.00,3.28,2.11,0
3,1462339691,5139,0.00,3.29,2.11,0
3,1462340622,5138,0.00,3.29,2.12,0
3,1462341554,5135,0.00,3.29,2.12,0
3,1462342485,5135,0.00,3.29,2.11,0
3,1462343416,5135,0.00,3.29,2.12,0
3,1462344348,5137,0.00,3.29,2.11,0
3,1462345279,5140,0.00,3.29,2.14,0
3,1462346210,5144,0.00,3.29,2.14,0
3,1462347141,5147,0.00,3.30,2.13,0
3,1462348072,5151,0.00,3.29,2.12,0
3,1462349003,5153,0.00,3.30,2.12,0
3,1462349934,5153,-1.00,3.29,2.13,0
3,1462350865,5157,-1.00,3.29,2.14,0
3,1462351795,5168,-1.00,3.29,2.15,0
3,1462352726,5171,-1.00,3.29,2.15,0
3,1462353657,5173,-2.00,3.29,2.15,0
3,1462354588,5172,-2.00,3.29,2.17,0
3,1462355518,5173,-2.00,3.29,2.17,0
3,1462356449,5173,-2.00,3.29,2.17,0
3,1462357379,5172,-3.00,3.29,2.16,0
3,1462358310,5174,-3.00,3.29,2.17,0
3,1462359240,5176,-2.00,3.29,2.15,0
3,1462360170,5178,-2.00,3.29,2.17,0
3,1462361100,5178,-3.00,3.29,2.14,0
3,1462362030,5181,-3.00,3.30,2.16,0
3,1462362961,5181,-3.00,3.29,2.18,0
3,1462363891,5182,-3.00,3.29,2.15,0
3,1462364821,5184,-4.00,3.30,2.16,0
3,1462365750,5185,-3.00,3.29,2.16,0
3,1462366680,5187,-3.00,3.29,2.17,0
3,1462367610,5188,-3.00,3.29,2.15,0
3,1462368540,5189,-3.00,3.29,2.15,0
3,1462369470,5190,-3.00,3.29,2.16,0
3,1462370400,5191,-3.00,3.29,2.15,0
3,1462371330,5192,-4.00,3.30,2.14,0
3,1462372260,5194,-3.00,3.29,2.16,0
3,1462373190,5197,-3.00,3.29,2.14,0
3,1462374120,5196,-2.00,3.29,2.16,0
3,1462375051,5196,-3.00,3.29,2.15,0
3,1462375981,5197,-2.00,3.29,2.16,0
3,1462376911,5197,-2.00,3.29,2.17,0
3,1462377842,5195,-2.00,3.29,2.14,0
3,1462378772,5196,-2.00,3.30,2.16,0
3,1462379703,5196,-1.00,3.30,2.14,0
3,1462380633,5196,-1.00,3.29,2.17,0
3,1462381564,5197,-1.00,3.29,2.16,0
3,1462382495,5198,-1.00,3.30,2.16,0
3,1462383425,5197,-1.00,3.29,2.14,0
3,1462384356,5195,-1.00,3.29,2.17,0
3,1462385287,5196,0.00,3.29,2.15,0
3,1462386218,5195,0.00,3.29,2.14,0
3,1462387150,5194,1.00,3.29,2.16,0
3,1462388081,5193,2.00,3.29,2.16,0
3,1462389014,5191,4.00,3.29,2.15,0
3,1462389947,5193,4.00,3.30,2.18,0
3,1462390879,5203,4.00,3.30,2.16,0
3,1462391812,5241,6.00,3.29,2.17,0
3,1462392746,5250,6.00,3.29,2.15,0
3,1462393680,5239,6.00,3.30,2.16,0
3,1462394614,5224,6.00,3.30,2.17,0
3,1462395548,5218,7.00,3.30,2.16,0
3,1462396482,5219,7.00,3.30,2.16,0
3,1462397416,5224,7.00,3.29,2.18,0
3,1462398350,5218,6.00,3.30,2.16,0
3,1462399283,5217,6.00,3.29,2.18,0
3,1462400217,5219,6.00,3.30,2.16,0
3,1462401151,5219,6.00,3.30,2.16,0
3,1462402085,5218,5.00,3.30,2.16,0
3,1462403018,5218,4.00,3.30,2.16,0
3,1462403951,5211,3.00,3.30,2.16,0
3,1462404883,5212,4.00,3.29,2.16,0
3,1462405816,5216,4.00,3.30,2.16,0
3,1462406749,5218,4.00,3.30,2.18,0
3,1462407683,5218,5.00,3.30,2.16,0
3,1462408616,5223,6.00,3.30,2.18,0
3,1462409550,5230,6.00,3.29,2.17,0
3,1462410484,5240,7.00,3.30,2.18,0
3,1462411418,5237,6.00,3.29,2.18,0
3,1462412352,5238,6.00,3.29,2.18,0
3,1462413286,5240,6.00,3.29,2.17,0
3,1462414219,5240,5.00,3.29,2.18,0
3,1462415153,5239,6.00,3.29,2.18,0
3,1462416087,5236,7.00,3.29,2.18,0
3,1462417021,5239,6.00,3.29,2.18,0
3,1462417955,5241,6.00,3.29,2.17,0
3,1462418888,5240,6.00,3.29,2.18,0
3,1462419822,5244,5.00,3.29,2.18,0
3,1462420755,5239,5.00,3.29,2.16,0
3,1462421688,5226,4.00,3.29,2.18,0
3,1462422621,5199,2.00,3.30,2.18,0
3,1462423553,5184,2.00,3.29,2.16,0
3,1462424485,5180,1.00,3.30,2.18,0
3,1462425417,5180,2.00,3.30,2.18,0
3,1462426349,5176,1.00,3.29,2.17,0
3,1462427281,5166,1.00,3.29,2.18,0
3,1462428212,5156,0.00,3.29,2.17,0
3,1462429143,5152,0.00,3.29,2.17,0
3,1462430074,5149,0.00,3.29,2.17,0
3,1462431005,5147,-1.00,3.29,2.18,0
3,1462431936,5147,-1.00,3.29,2.17,0
3,1462432867,5145,-1.00,3.29,2.17,0
3,1462433797,5143,-2.00,3.29,2.17,0
3,1462434727,5141,-2.00,3.30,2.17,0
3,1462435657,5139,-3.00,3.29,2.17,0
3,1462436587,5137,-3.00,3.30,2.17,0
3,1462437517,5136,-3.00,3.29,2.17,0
3,1462438447,5134,-3.00,3.29,2.18,0
3,1462439377,5132,-4.00,3.29,2.18,0
3,1462440306,5131,-4.00,3.29,2.17,0
3,1462441236,5130,-4.00,3.29,2.17,0
3,1462442166,5128,-4.00,3.29,2.17,0
3,1462443095,5128,-4.00,3.28,2.17,0
3,1462444025,5127,-4.00,3.29,2.18,0
3,1462444954,5126,-4.00,3.28,2.17,0
3,1462445883,5125,-5.00,3.28,2.18,0
3,1462446812,5124,-5.00,3.28,2.18,0
3,1462447742,5123,-5.00,3.28,2.17,0
3,1462448671,5123,-5.00,3.28,2.18,0
3,1462449600,5122,-5.00,3.28,2.18,0
3,1462450529,5121,-6.00,3.28,2.18,0
3,1462451458,5121,-5.00,3.28,2.17,0
3,1462452387,5120,-6.00,3.28,2.18,0
3,1462453316,5120,-6.00,3.26,2.18,0
3,1462454245,5118,-6.00,3.27,2.18,0
3,1462455173,5118,-6.00,3.28,2.18,0
3,1462456102,5118,-6.00,3.28,2.17,0
3,1462457031,5117,-6.00,3.28,2.17,0
3,1462457960,5117,-6.00,3.28,2.18,0
3,1462458889,5117,-6.00,3.25,2.17,0
3,1462459817,5116,-6.00,3.28,2.17,0
3,1462460746,5116,-6.00,3.28,2.17,0
3,1462461675,5116,-5.00,3.27,2.17,0
3,1462462604,5115,-5.00,3.27,2.17,0
3,1462463533,5115,-5.00,3.28,2.18,0
3,1462464463,5115,-3.00,3.27,2.17,0
3,1462465393,5117,-2.00,3.27,2.18,0
3,1462466323,5121,0.00,3.28,2.17,0
3,1462467254,5122,0.00,3.29,2.18,0
3,1462468186,5124,1.00,3.29,2.18,0
3,1462469117,5148,1.00,3.29,2.18,0
3,1462470049,5160,3.00,3.29,2.18,0
3,1462470982,5158,3.00,3.29,2.18,0
3,1462471914,5166,5.00,3.29,2.17,0
3,1462472848,5166,6.00,3.30,2.17,0
3,1462473781,5167,6.00,3.29,2.18,0
3,1462474715,5170,6.00,3.30,2.18,0
3,1462475648,5167,7.00,3.30,2.17,0
3,1462476582,5161,6.00,3.30,2.17,0
3,1462477516,5166,7.00,3.30,2.18,0
3,1462478450,5155,8.00,3.30,2.18,0
3,1462479385,5158,7.00,3.30,2.19,0
3,1462480319,5169,7.00,3.29,2.15,0
3,1462481254,5197,7.00,3.29,2.18,0
3,1462482188,5205,8.00,3.29,2.18,0
3,1462483122,5204,7.00,3.29,2.16,0
3,1462484057,5205,7.00,3.29,2.18,0
3,1462484991,5198,6.00,3.29,2.17,0
3,1462485925,5176,6.00,3.29,2.18,0
3,1462486859,5172,6.00,3.30,2.16,0
3,1462487793,5163,6.00,3.29,2.16,0
3,1462488726,5160,6.00,3.30,2.16,0
3,1462489660,5170,6.00,3.30,2.18,0
3,1462490594,5164,6.00,3.29,2.15,0
3,1462491528,5167,7.00,3.30,2.18,0
3,1462492463,5170,8.00,3.29,2.18,0
3,1462493398,5183,9.00,3.29,2.19,0
3,1462494332,5170,8.00,3.29,2.16,0
3,1462495267,5190,8.00,3.29,2.18,0
3,1462496202,5197,9.00,3.29,2.17,0
3,1462497137,5191,9.00,3.30,2.16,0
3,1462498072,5169,9.00,3.30,2.16,0
3,1462499007,5163,9.00,3.30,2.16,0
3,1462499942,5167,9.00,3.30,2.15,0
3,1462500877,5170,9.00,3.30,2.16,0
3,1462501812,5165,9.00,3.30,2.16,0
3,1462502747,5157,7.00,3.30,2.16,0
3,1462503682,5151,7.00,3.30,2.18,0
3,1462504616,5150,6.00,3.30,2.16,0
3,1462505550,5151,6.00,3.30,2.16,0
3,1462506484,5150,6.00,3.30,2.16,0
3,1462507418,5148,6.00,3.30,2.16,0
3,1462508352,5147,6.00,3.30,2.16,0
3,1462509285,5147,5.00,3.30,2.16,0
3,1462510219,5147,5.00,3.29,2.16,0
3,1462511153,5146,5.00,3.29,2.16,0
3,1462512086,5143,4.00,3.29,2.16,0
3,1462513020,5140,4.00,3.30,2.18,0
3,1462513953,5138,3.00,3.30,2.16,0
3,1462514886,5133,4.00,3.30,2.16,0
3,1462515819,5129,3.00,3.30,2.16,0
3,1462516751,5128,2.00,3.30,2.16,0
3,1462517684,5128,1.00,3.30,2.16,0
3,1462518616,5126,1.00,3.29,2.15,0
3,1462519548,5126,1.00,3.29,2.16,0
3,1462520480,5125,0.00,3.30,2.15,0
3,1462521411,5125,0.00,3.29,2.16,0
3,1462522343,5124,0.00,3.30,2.15,0
3,1462523274,5124,0.00,3.29,2.15,0
3,1462524205,5123,0.00,3.29,2.18,0
3,1462525136,5122,0.00,3.30,2.16,0
3,1462526067,5123,-1.00,3.29,2.15,0
3,1462526998,5122,-1.00,3.29,2.18,0
3,1462527929,5121,-1.00,3.29,2.16,0
3,1462528860,5121,-1.00,3.29,2.15,0
3,1462529791,5120,-1.00,3.29,2.16,0
3,1462530722,5119,-1.00,3.29,2.16,0
3,1462531653,5119,-1.00,3.29,2.19,0
3,1462532584,5118,0.00,3.29,2.18,0
3,1462533515,5116,-1.00,3.30,2.17,0
3,1462534446,5115,-1.00,3.28,2.18,0
3,1462535377,5115,0.00,3.29,2.18,0
3,1462536308,5115,0.00,3.30,2.17,0
3,1462537239,5114,0.00,3.28,2.17,0
3,1462538170,5114,0.00,3.29,2.18,0
3,1462539101,5114,0.00,3.30,2.17,0
3,1462540032,5114,0.00,3.29,2.18,0
3,1462540964,5113,0.00,3.29,2.17,0
3,1462541895,5114,0.00,3.29,2.18,0
3,1462542826,5113,0.00,3.29,2.17,0
3,1462543758,5114,0.00,3.29,2.17,0
3,1462544689,5113,0.00,3.29,2.17,0
3,1462545620,5113,0.00,3.29,2.17,0
3,1462546552,5113,0.00,3.29,2.17,0
3,1462547483,5113,0.00,3.29,2.18,0
3,1462548415,5112,0.00,3.29,2.18,0
3,1462549346,5111,0.00,3.30,2.17,0
3,1462550278,5110,1.00,3.30,2.18,0
3,1462551210,5110,2.00,3.30,2.18,0
3,1462552142,5109,2.00,3.29,2.17,0
3,1462553074,5110,2.00,3.29,2.17,0
3,1462554007,5110,3.00,3.29,2.16,0
3,1462554939,5111,3.00,3.29,2.18,0
3,1462555872,5110,4.00,3.30,2.16,0
3,1462556805,5112,5.00,3.30,2.16,0
3,1462557739,5114,7.00,3.30,2.16,0
3,1462558674,5140,8.00,3.29,2.19,0
3,1462559609,5163,9.00,3.28,2.17,0
3,1462560544,5164,8.00,3.29,2.16,0
3,1462561478,5153,9.00,3.29,2.16,0
3,1462562414,5158,10.00,3.29,2.19,0
3,1462563349,5164,11.00,3.29,2.16,0
3,1462564285,5154,11.00,3.29,2.15,0
3,1462565221,5133,11.00,3.30,2.16,0
3,1462566157,5132,11.00,3.30,2.19,0
3,1462567094,5144,11.00,3.29,2.16,0
3,1462568030,5158,11.00,3.30,2.19,0
3,1462568966,5145,10.00,3.30,2.16,0
3,1462569902,5135,9.00,3.30,2.18,0
3,1462570837,5132,9.00,3.30,2.18,0
3,1462571772,5132,9.00,3.30,2.16,0
3,1462572707,5132,8.00,3.30,2.16,0
3,1462573642,5132,8.00,3.30,2.16,0
3,1462574576,5131,8.00,3.30,2.16,0
3,1462575511,5132,8.00,3.29,2.16,0
3,1462576446,5131,8.00,3.29,2.16,0
3,1462577381,5131,8.00,3.30,2.16,0
3,1462578316,5131,8.00,3.29,2.16,0
3,1462579250,5131,8.00,3.30,2.16,0
3,1462580185,5130,8.00,3.30,2.19,0
3,1462581120,5130,7.00,3.30,2.15,0
3,1462582054,5130,8.00,3.30,2.16,0
3,1462582989,5130,7.00,3.30,2.18,0
3,1462583923,5125,7.00,3.30,2.16,0
3,1462584857,5123,4.00,3.29,2.18,0
3,1462585790,5123,4.00,3.30,2.18,0
3,1462586723,5121,4.00,3.30,2.16,0
3,1462587656,5120,5.00,3.30,2.18,0
3,1462588590,5119,5.00,3.30,2.15,0
3,1462589524,5120,6.00,3.30,2.18,0
3,1462590458,5120,6.00,3.30,2.15,0
3,1462591391,5120,6.00,3.30,2.16,0
3,1462592325,5120,5.00,3.30,2.18,0
3,1462593259,5120,5.00,3.30,2.19,0
3,1462594192,5121,4.00,3.30,2.18,0
3,1462595125,5122,4.00,3.30,2.16,0
3,1462596059,5122,4.00,3.29,2.16,0
3,1462596992,5122,4.00,3.30,2.16,0
3,1462597925,5125,4.00,3.30,2.16,0
3,1462598857,5126,3.00,3.29,2.18,0
3,1462599790,5125,2.00,3.29,2.15,0
3,1462600722,5123,2.00,3.30,2.15,0
3,1462601654,5123,1.00,3.29,2.15,0
3,1462602586,5122,1.00,3.29,2.16,0
3,1462603518,5122,0.00,3.29,2.15,0
3,1462604450,5121,0.00,3.29,2.16,0
3,1462605381,5120,0.00,3.29,2.16,0
3,1462606313,5119,0.00,3.30,2.16,0
3,1462607244,5119,0.00,3.30,2.17,0
3,1462608175,5118,0.00,3.30,2.18,0
3,1462609106,5117,0.00,3.29,2.17,0
3,1462610037,5118,-1.00,3.30,2.17,0
3,1462610968,5117,-2.00,3.30,2.17,0
3,1462611899,5116,-1.00,3.30,2.17,0
3,1462612830,5115,-2.00,3.29,2.18,0
3,1462613760,5115,-2.00,3.29,2.18,0
3,1462614690,5115,-2.00,3.29,2.17,0
3,1462615621,5115,-3.00,3.29,2.17,0
3,1462616551,5114,-2.00,3.29,2.18,0
3,1462617482,5113,-2.00,3.30,2.18,0
3,1462618412,5114,-2.00,3.29,2.17,0
3,1462619342,5113,-2.00,3.29,2.17,0
3,1462620272,5113,-2.00,3.29,2.17,0
3,1462621203,5113,-2.00,3.29,2.17,0
3,1462622133,5113,-3.00,3.29,2.18,0
3,1462623063,5113,-3.00,3.29,2.17,0
3,1462623993,5113,-3.00,3.29,2.17,0
3,1462624923,5113,-3.00,3.29,2.17,0
3,1462625853,5112,-3.00,3.29,2.18,0
3,1462626784,5110,-3.00,3.28,2.17,0
3,1462627714,5109,-3.00,3.28,2.18,0
3,1462628644,5108,-3.00,3.28,2.17,0
3,1462629574,5107,-2.00,3.29,2.18,0
3,1462630504,5105,-2.00,3.28,2.18,0
3,1462631434,5104,-2.00,3.28,2.17,0
3,1462632365,5103,-2.00,3.28,2.18,0
3,1462633295,5103,-2.00,3.28,2.18,0
3,1462634226,5101,-2.00,3.28,2.18,0
3,1462635156,5101,-2.00,3.28,2.17,0
3,1462636087,5101,-1.00,3.28,2.19,0
3,1462637017,5100,-1.00,3.28,2.17,0
3,1462637948,5097,-1.00,3.29,2.17,0
3,1462638879,5097,0.00,3.29,2.18,0
3,1462639810,5094,0.00,3.29,2.17,0
3,1462640741,5096,0.00,3.29,2.17,0
3,1462641673,5097,1.00,3.29,2.18,0
3,1462642605,5098,2.00,3.29,2.18,0
3,1462643537,5096,3.00,3.29,2.17,0
3,1462644470,5097,4.00,3.29,2.18,0
3,1462645403,5096,6.00,3.29,2.17,0
3,1462646337,5097,6.00,3.29,2.17,0
3,1462647270,5098,6.00,3.29,2.18,0
3,1462648204,5100,5.00,3.30,2.17,0
3,1462649137,5100,2.00,3.29,2.17,0
3,1462650069,5101,1.00,3.30,2.17,0
3,1462651001,5097,2.00,3.29,2.18,0
3,1462651933,5098,2.00,3.29,2.17,0
3,1462652865,5098,2.00,3.30,2.18,0
3,1462653798,5097,4.00,3.30,2.18,0
3,1462654731,5098,3.00,3.29,2.17,0
3,1462655663,5099,3.00,3.29,2.17,0
3,1462656596,5099,2.00,3.29,2.18,0
3,1462657528,5099,3.00,3.29,2.17,0
3,1462658461,5098,4.00,3.29,2.17,0
3,1462659394,5099,5.00,3.29,2.17,0
3,1462660327,5099,6.00,3.29,2.18,0
3,1462661261,5099,4.00,3.30,2.18,0
3,1462662193,5100,3.00,3.29,2.17,0
3,1462663126,5101,2.00,3.29,2.17,0
3,1462664058,5099,3.00,3.29,2.18,0
3,1462664990,5099,3.00,3.29,2.17,0
3,1462665923,5098,5.00,3.29,2.17,0
3,1462666856,5098,5.00,3.29,2.18,0
3,1462667790,5099,5.00,3.29,2.17,0
3,1462668723,5099,5.00,3.29,2.18,0
3,1462669656,5100,4.00,3.29,2.18,0
3,1462670589,5100,3.00,3.29,2.18,0
3,1462671522,5100,3.00,3.29,2.17,0
3,1462672454,5099,3.00,3.30,2.18,0
3,1462673386,5098,2.00,3.29,2.18,0
3,1462674319,5097,3.00,3.29,2.18,0
3,1462675251,5097,3.00,3.29,2.18,0
3,1462676184,5097,3.00,3.30,2.19,0
3,1462677117,5097,3.00,3.29,2.17,0
3,1462678049,5098,3.00,3.29,2.17,0
3,1462678982,5098,3.00,3.28,2.17,0
3,1462679914,5098,3.00,3.30,2.18,0
3,1462680847,5098,3.00,3.28,2.17,0
3,1462681779,5098,3.00,3.29,2.17,0
3,1462682712,5098,2.00,3.29,2.18,0
3,1462683644,5098,2.00,3.30,2.17,0
3,1462684576,5097,2.00,3.29,2.18,0
3,1462685508,5097,2.00,3.29,2.18,0
3,1462686440,5097,1.00,3.29,2.17,0
3,1462687372,5097,0.00,3.29,2.18,0
3,1462688303,5096,0.00,3.29,2.18,0
3,1462689234,5096,0.00,3.29,2.18,0
3,1462690166,5095,0.00,3.29,2.17,0
3,1462691096,5094,0.00,3.29,2.18,0
3,1462692027,5093,-1.00,3.29,2.18,0
3,1462692958,5092,-1.00,3.29,2.18,0
3,1462693889,5093,-1.00,3.29,2.18,0
3,1462694819,5092,-2.00,3.29,2.17,0
3,1462695750,5093,-2.00,3.28,2.18,0
3,1462696680,5093,-2.00,3.29,2.18,0
3,1462697610,5092,-2.00,3.28,2.18,0
3,1462698540,5092,-2.00,3.28,2.17,0
3,1462699470,5091,-2.00,3.28,2.18,0
3,1462700401,5090,-2.00,3.28,2.18,0
3,1462701331,5090,-2.00,3.28,2.17,0
3,1462702261,5090,-3.00,3.28,2.17,0
3,1462703191,5089,-3.00,3.28,2.19,0
3,1462704121,5089,-3.00,3.28,2.17,0
3,1462705051,5089,-2.00,3.28,2.17,0
3,1462705981,5088,-3.00,3.28,2.19,0
3,1462706911,5088,-3.00,3.28,2.18,0
3,1462707842,5088,-3.00,3.28,2.18,0
3,1462708772,5088,-3.00,3.28,2.17,0
3,1462709702,5088,-3.00,3.27,2.17,0
3,1462710631,5087,-3.00,3.27,2.17,0
3,1462711561,5087,-4.00,3.28,2.17,0
3,1462712491,5087,-4.00,3.28,2.18,0
3,1462713421,5087,-4.00,3.29,2.17,0
3,1462714350,5087,-4.00,3.28,2.17,0
3,1462715280,5087,-4.00,3.25,2.17,0
3,1462716210,5086,-4.00,3.28,2.18,0
3,1462717140,5087,-3.00,3.28,2.17,0
3,1462718069,5086,-3.00,3.27,2.18,0
3,1462718999,5086,-4.00,3.28,2.17,0
3,1462719929,5086,-4.00,3.26,2.17,0
3,1462720859,5086,-3.00,3.28,2.17,0
3,1462721789,5086,-2.00,3.28,2.19,0
3,1462722719,5086,-2.00,3.28,2.17,0
3,1462723650,5086,-1.00,3.27,2.17,0
3,1462724580,5084,-1.00,3.28,2.17,0
3,1462725511,5081,1.00,3.29,2.19,0
3,1462726443,5082,2.00,3.28,2.18,0
3,1462727375,5084,2.00,3.29,2.18,0
3,1462728307,5085,2.00,3.29,2.18,0
3,1462729239,5086,3.00,3.29,2.18,0
3,1462730171,5088,2.00,3.29,2.18,0
3,1462731103,5087,3.00,3.29,2.18,0
3,1462732035,5087,4.00,3.29,2.17,0
3,1462732968,5087,5.00,3.29,2.17,0
3,1462733901,5087,5.00,3.29,2.18,0
3,1462734835,5089,5.00,3.29,2.17,0
3,1462735768,5090,5.00,3.30,2.18,0
3,1462736701,5090,5.00,3.29,2.18,0
3,1462737635,5088,7.00,3.29,2.18,0
3,1462738569,5088,8.00,3.29,2.18,0
3,1462739503,5090,8.00,3.30,2.18,0
3,1462740437,5090,8.00,3.29,2.18,0
3,1462741372,5090,8.00,3.30,2.17,0
3,1462742307,5091,8.00,3.30,2.17,0
3,1462743242,5099,9.00,3.30,2.16,0
3,1462744177,5094,8.00,3.29,2.16,0
3,1462745111,5097,8.00,3.29,2.16,0
3,1462746046,5094,7.00,3.30,2.18,0
3,1462746980,5092,7.00,3.30,2.19,0
3,1462747915,5093,8.00,3.30,2.17,0
3,1462748849,5092,7.00,3.30,2.19,0
3,1462749784,5093,8.00,3.29,2.16,0
3,1462750718,5102,8.00,3.29,2.16,0
3,1462751653,5110,8.00,3.29,2.16,0
3,1462752588,5113,8.00,3.29,2.18,0
3,1462753523,5130,9.00,3.29,2.19,0
3,1462754459,5133,9.00,3.29,2.17,0
3,1462755394,5134,9.00,3.29,2.19,0
3,1462756329,5134,9.00,3.29,2.19,0
3,1462757264,5134,8.00,3.29,2.16,0
3,1462758199,5135,8.00,3.29,2.17,0
3,1462759134,5134,8.00,3.29,2.16,0
3,1462760069,5134,8.00,3.29,2.17,0
3,1462761003,5133,8.00,3.29,2.17,0
3,1462761938,5134,8.00,3.29,2.21,0
3,1462762873,5134,8.00,3.29,2.16,0
3,1462763808,5135,8.00,3.29,2.19,0
3,1462764743,5132,8.00,3.29,2.16,0
3,1462765678,5124,7.00,3.29,2.16,0
3,1462766612,5105,7.00,3.29,2.16,0
3,1462767547,5095,7.00,3.30,2.19,0
3,1462768481,5091,6.00,3.30,2.16,0
3,1462769415,5088,6.00,3.29,2.17,0
3,1462770349,5084,6.00,3.30,2.18,0
3,1462771283,5082,6.00,3.30,2.17,0
3,1462772217,5081,5.00,3.29,2.17,0
3,1462773150,5081,5.00,3.29,2.17,0
3,1462774083,5079,4.00,3.29,2.18,0
3,1462775016,5077,3.00,3.30,2.18,0
3,1462775949,5076,3.00,3.30,2.17,0
3,1462776882,5076,2.00,3.28,2.17,0
3,1462777814,5075,3.00,3.29,2.17,0
3,1462778747,5075,2.00,3.30,2.17,0
3,1462779679,5074,2.00,3.30,2.17,0
3,1462780611,5074,2.00,3.29,2.17,0
3,1462781543,5074,2.00,3.29,2.17,0
3,1462782475,5073,1.00,3.29,2.17,0
3,1462783407,5073,2.00,3.30,2.18,0
3,1462784339,5072,2.00,3.29,2.18,0
3,1462785271,5072,2.00,3.29,2.17,0
3,1462786203,5071,1.00,3.29,2.18,0
3,1462787135,5071,1.00,3.29,2.17,0
3,1462788067,5071,1.00,3.29,2.18,0
3,1462788999,5070,1.00,3.29,2.18,0
3,1462789930,5070,0.00,3.29,2.18,0
3,1462790862,5070,1.00,3.29,2.19,0
3,1462791794,5069,1.00,3.29,2.17,0
3,1462792726,5069,1.00,3.30,2.17,0
3,1462793657,5069,0.00,3.29,2.18,0
3,1462794589,5069,0.00,3.30,2.17,0
3,1462795520,5068,0.00,3.29,2.18,0
3,1462796452,5068,0.00,3.29,2.18,0
3,1462797383,5068,0.00,3.29,2.18,0
3,1462798315,5068,0.00,3.29,2.17,0
3,1462799246,5068,0.00,3.29,2.17,0
3,1462800177,5068,0.00,3.29,2.17,0
3,1462801108,5068,0.00,3.29,2.18,0
3,1462802040,5067,0.00,3.29,2.18,0
3,1462802971,5067,0.00,3.29,2.17,0
3,1462803902,5068,0.00,3.29,2.18,0
3,1462804833,5068,0.00,3.29,2.18,0
3,1462805765,5068,0.00,3.29,2.17,0
3,1462806696,5068,0.00,3.29,2.17,0
3,1462807627,5068,0.00,3.29,2.17,0
3,1462808559,5068,0.00,3.29,2.18,0
3,1462809491,5067,1.00,3.29,2.17,0
3,1462810422,5068,1.00,3.29,2.18,0
3,1462811354,5068,2.00,3.29,2.18,0
3,1462812286,5069,1.00,3.29,2.18,0
3,1462813218,5069,2.00,3.29,2.19,0
3,1462814150,5068,2.00,3.29,2.18,0
3,1462815083,5068,3.00,3.29,2.17,0
3,1462816015,5069,3.00,3.29,2.18,0
3,1462816948,5069,3.00,3.29,2.19,0
3,1462817881,5070,4.00,3.29,2.18,0
3,1462818814,5071,5.00,3.30,2.18,0
3,1462819747,5072,5.00,3.30,2.17,0
3,1462820681,5074,6.00,3.30,2.17,0
3,1462821615,5075,7.00,3.29,2.19,0
3,1462822549,5076,7.00,3.30,2.17,0
3,1462823483,5077,7.00,3.29,2.17,0
3,1462824417,5078,8.00,3.30,2.18,0
3,1462825352,5078,9.00,3.29,2.17,0
3,1462826287,5094,9.00,3.29,2.20,0
3,1462827223,5121,10.00,3.29,2.19,0
3,1462828158,5122,9.00,3.29,2.19,0
3,1462829093,5123,8.00,3.29,2.19,0
3,1462830028,5124,8.00,3.29,2.20,0
3,1462830962,5124,8.00,3.29,2.19,0
3,1462831897,5123,7.00,3.29,2.19,0
3,1462832831,5122,7.00,3.29,2.17,0
3,1462833766,5117,7.00,3.29,2.19,0
3,1462834700,5115,7.00,3.29,2.17,0
3,1462835635,5111,7.00,3.28,2.20,0
3,1462836569,5111,7.00,3.29,2.16,0
3,1462837504,5111,7.00,3.29,2.17,0
3,1462838439,5107,7.00,3.29,2.16,0
3,1462839373,5108,7.00,3.29,2.19,0
3,1462840308,5112,8.00,3.29,2.16,0
3,1462841243,5118,8.00,3.29,2.19,0
3,1462842177,5123,8.00,3.29,2.19,0
3,1462843112,5123,8.00,3.29,2.19,0
3,1462844047,5123,8.00,3.29,2.18,0
3,1462844982,5123,7.00,3.29,2.17,0
3,1462845916,5120,7.00,3.29,2.16,0
3,1462846851,5114,7.00,3.29,2.16,0
3,1462847785,5107,7.00,3.29,2.19,0
3,1462848720,5096,6.00,3.29,2.19,0
3,1462849654,5089,6.00,3.29,2.17,0
3,1462850588,5082,6.00,3.29,2.18,0
3,1462851523,5080,6.00,3.30,2.19,0
3,1462852457,5080,6.00,3.30,2.16,0
3,1462853390,5079,6.00,3.29,2.15,0
3,1462854324,5079,6.00,3.29,2.18,0
3,1462855258,5079,5.00,3.30,2.16,0
3,1462856192,5078,5.00,3.29,2.17,0
3,1462857125,5077,5.00,3.30,2.16,0
3,1462858058,5076,5.00,3.29,2.19,0
3,1462858992,5075,4.00,3.29,2.17,0
3,1462859924,5001,3.00,3.30,2.17,0
3,1462860857,5001,3.00,3.29,2.17,0
3,1462861790,4999,2.00,3.29,2.18,0
3,1462862722,4998,2.00,3.29,2.17,0
3,1462863654,4997,1.00,3.29,2.17,0
3,1462864586,4996,1.00,3.30,2.17,0
3,1462865518,4995,0.00,3.30,2.18,0
3,1462866449,4994,0.00,3.29,2.18,0
3,1462867381,4993,0.00,3.29,2.17,0
3,1462868312,4992,0.00,3.29,2.18,0
3,1462869243,4991,0.00,3.29,2.18,0
3,1462870174,4990,0.00,3.29,2.18,0
3,1462871105,4989,0.00,3.29,2.17,0
3,1462872036,4988,0.00,3.29,2.18,0
3,1462872967,4986,-1.00,3.29,2.17,0
3,1462873898,4988,-1.00,3.29,2.18,0
3,1462874828,4986,-1.00,3.29,2.17,0
3,1462875759,4985,-2.00,3.29,2.17,0
3,1462876690,4985,-2.00,3.29,2.17,0
3,1462877620,4984,-2.00,3.28,2.17,0
3,1462878550,4984,-2.00,3.29,2.17,0
3,1462879481,4983,-2.00,3.29,2.17,0
3,1462880411,4983,-2.00,3.26,2.17,0
3,1462881341,4982,-3.00,3.28,2.18,0
3,1462882271,4982,-3.00,3.28,2.18,0
3,1462883201,4981,-3.00,3.28,2.18,0
3,1462884131,4980,-3.00,3.28,2.17,0
3,1462885061,4979,-3.00,3.29,2.17,0
3,1462885991,4979,-3.00,3.28,2.17,0
3,1462886921,4979,-4.00,3.28,2.18,0
3,1462887851,4978,-4.00,3.28,2.18,0
3,1462888781,4978,-3.00,3.28,2.18,0
3,1462889710,4978,-4.00,3.28,2.18,0
3,1462890640,4978,-3.00,3.29,2.17,0
3,1462891570,4978,-3.00,3.29,2.17,0
3,1462892500,4977,-3.00,3.28,2.17,0
3,1462893430,4977,-3.00,3.28,2.17,0
3,1462894360,4977,-3.00,3.28,2.17,0
3,1462895290,4978,-2.00,3.28,2.17,0
3,1462896221,4977,-1.00,3.29,2.17,0
3,1462897152,4982,0.00,3.29,2.17,0
3,1462898084,4982,1.00,3.28,2.18,0
3,1462899016,4985,3.00,3.29,2.18,0
3,1462899948,4987,3.00,3.29,2.17,0
3,1462900881,4989,4.00,3.29,2.18,0
3,1462901814,4989,5.00,3.29,2.18,0
3,1462902748,4991,7.00,3.30,2.18,0
3,1462903682,4992,7.00,3.29,2.18,0
3,1462904616,4994,8.00,3.30,2.18,0
3,1462905550,4996,8.00,3.30,2.18,0
3,1462906485,4998,9.00,3.30,2.17,0
3,1462907420,5011,9.00,3.29,2.19,0
3,1462908355,5034,8.00,3.29,2.16,0
3,1462909290,5044,9.00,3.29,2.16,0
3,1462910225,5040,10.00,3.29,2.17,0
3,1462911161,5041,11.00,3.29,2.20,0
3,1462912096,5042,10.00,3.29,2.16,0
3,1462913032,5038,11.00,3.29,2.16,0
3,1462913967,5036,10.00,3.29,2.16,0
3,1462914903,5036,11.00,3.29,2.16,0
3,1462915839,5040,11.00,3.29,2.20,0
3,1462916775,5040,11.00,3.29,2.16,0
3,1462917711,5042,11.00,3.29,2.20,0
3,1462918648,5040,12.00,3.29,2.19,0
3,1462919584,5040,12.00,3.29,2.19,0
3,1462920521,5039,12.00,3.29,2.19,0
3,1462921457,5037,11.00,3.30,2.16,0
3,1462922393,5037,11.00,3.29,2.19,0
3,1462923330,5037,12.00,3.29,2.16,0
3,1462924266,5036,12.00,3.29,2.16,0
3,1462925202,5033,11.00,3.29,2.15,0
3,1462926138,5033,11.00,3.29,2.17,0
3,1462927074,5035,11.00,3.29,2.16,0
3,1462928011,5035,12.00,3.29,2.17,0
3,1462928947,5032,12.00,3.29,2.16,0
3,1462929883,5028,12.00,3.29,2.16,0
3,1462930819,5027,11.00,3.29,2.19,0
3,1462931756,5025,11.00,3.29,2.16,0
3,1462932692,5024,11.00,3.29,2.18,0
3,1462933628,5025,11.00,3.29,2.18,0
3,1462934564,5026,11.00,3.29,2.16,0
3,1462935500,5025,11.00,3.29,2.16,0
3,1462936435,5027,10.00,3.29,2.16,0
3,1462937371,5028,10.00,3.29,2.19,0
3,1462938307,5028,10.00,3.29,2.16,0
3,1462939242,5027,10.00,3.29,2.16,0
3,1462940178,5026,10.00,3.29,2.17,0
3,1462941113,5020,9.00,3.30,2.17,0
3,1462942048,5014,10.00,3.30,2.16,0
3,1462942983,5002,9.00,3.30,2.16,0
3,1462943918,4994,8.00,3.30,2.18,0
3,1462944853,4994,7.00,3.29,2.16,0
3,1462945787,5007,6.00,3.30,2.16,0
3,1462946721,5022,6.00,3.29,2.16,0
3,1462947655,5024,5.00,3.29,2.16,0
3,1462948589,4998,5.00,3.29,2.15,0
3,1462949522,4988,4.00,3.29,2.16,0
3,1462950455,4987,4.00,3.30,2.18,0
3,1462951388,4985,4.00,3.29,2.18,0
3,1462952321,4984,4.00,3.30,2.18,0
3,1462953254,4983,3.00,3.29,2.16,0
3,1462954186,4982,3.00,3.29,2.18,0
3,1462955119,4981,3.00,3.30,2.18,0
3,1462956052,4980,2.00,3.30,2.16,0
3,1462956984,4979,2.00,3.29,2.16,0
3,1462957916,4977,2.00,3.29,2.17,0
3,1462958848,4973,1.00,3.29,2.18,0
3,1462959780,4966,1.00,3.30,2.17,0
3,1462960712,4963,1.00,3.30,2.16,0
3,1462961643,4958,1.00,3.29,2.19,0
3,1462962575,4957,0.00,3.29,2.18,0
3,1462963506,4955,0.00,3.29,2.17,0
3,1462964438,4954,0.00,3.29,2.18,0
3,1462965369,4953,0.00,3.29,2.17,0
3,1462966300,4953,0.00,3.29,2.17,0
3,1462967232,4952,0.00,3.29,2.19,0
3,1462968163,4951,0.00,3.29,2.18,0
3,1462969094,4950,0.00,3.28,2.18,0
3,1462970025,4949,0.00,3.29,2.19,0
3,1462970956,4948,0.00,3.29,2.17,0
3,1462971887,4948,0.00,3.29,2.18,0
3,1462972817,4948,-1.00,3.28,2.18,0
3,1462973748,4947,-1.00,3.29,2.18,0
3,1462974679,4947,-1.00,3.29,2.17,0
3,1462975610,4947,0.00,3.29,2.17,0
3,1462976541,4947,0.00,3.29,2.17,0
3,1462977472,4947,0.00,3.29,2.17,0
3,1462978403,4947,0.00,3.29,2.17,0
3,1462979334,4947,0.00,3.29,2.18,0
3,1462980266,4947,0.00,3.29,2.17,0
3,1462981197,4947,0.00,3.29,2.17,0
3,1462982128,4947,0.00,3.29,2.18,0
3,1462983060,4960,1.00,3.29,2.18,0
3,1462983992,4964,2.00,3.29,2.17,0
3,1462984924,4967,3.00,3.29,2.18,0
3,1462985857,4970,4.00,3.29,2.17,0
3,1462986790,4972,5.00,3.29,2.17,0
3,1462987723,4973,6.00,3.30,2.18,0
3,1462988657,4976,7.00,3.30,2.17,0
3,1462989592,4976,8.00,3.30,2.17,0
3,1462990526,4979,8.00,3.29,2.18,0
3,1462991461,4980,8.00,3.30,2.17,0
3,1462992396,5006,9.00,3.29,2.17,0
3,1462993331,5022,10.00,3.29,2.17,0
3,1462994267,5022,11.00,3.29,2.19,0
3,1462995203,5021,11.00,3.29,2.16,0
3,1462996139,5019,11.00,3.29,2.16,0
3,1462997075,5020,12.00,3.29,2.16,0
3,1462998012,5020,12.00,3.29,2.17,0
3,1462998949,5011,13.00,3.29,2.16,0
3,1462999885,5003,13.00,3.29,2.16,0
3,1463000822,4999,14.00,3.30,2.18,0
3,1463001760,5001,13.00,3.29,2.16,0
3,1463002697,5011,14.00,3.30,2.16,0
3,1463003634,5017,14.00,3.30,2.16,0
3,1463004571,5015,13.00,3.29,2.16,0
3,1463005509,5015,13.00,3.30,2.20,0
3,1463006445,5015,13.00,3.29,2.19,0
3,1463007382,5014,13.00,3.30,2.16,0
3,1463008319,5015,13.00,3.29,2.16,0
3,1463009256,5015,13.00,3.29,2.17,0
3,1463010194,5015,13.00,3.30,2.19,0
3,1463011131,5008,14.00,3.29,2.19,0
3,1463012069,5007,14.00,3.30,2.19,0
3,1463013007,5007,14.00,3.29,2.16,0
3,1463013944,5004,14.00,3.30,2.17,0
3,1463014882,4999,15.00,3.30,2.17,0
3,1463015820,4985,14.00,3.29,2.16,0
3,1463016757,4980,14.00,3.30,2.16,0
3,1463017695,4984,14.00,3.29,2.16,0
3,1463018632,4988,14.00,3.30,2.16,0
3,1463019570,4992,15.00,3.29,2.16,0
3,1463020507,4986,14.00,3.29,2.16,0
3,1463021445,4985,14.00,3.30,2.16,0
3,1463022382,4992,15.00,3.29,2.16,0
3,1463023320,4990,15.00,3.30,2.19,0
3,1463024258,4981,14.00,3.30,2.19,0
3,1463025195,4977,14.00,3.30,2.16,0
3,1463026132,4971,13.00,3.30,2.19,0
3,1463027069,4975,13.00,3.29,2.16,0
3,1463028006,4980,12.00,3.29,2.19,0
3,1463028943,4974,12.00,3.29,2.17,0
3,1463029879,4962,11.00,3.30,2.16,0
3,1463030815,4949,11.00,3.30,2.17,0
3,1463031751,4947,10.00,3.29,2.18,0
3,1463032686,4946,11.00,3.30,2.16,0
3,1463033622,4944,10.00,3.29,2.16,0
3,1463034558,4944,10.00,3.29,2.18,0
3,1463035493,4945,10.00,3.29,2.16,0
3,1463036429,4946,10.00,3.30,2.16,0
3,1463037364,4950,9.00,3.30,2.16,0
3,1463038299,4949,9.00,3.30,2.16,0
3,1463039234,4948,8.00,3.29,2.17,0
3,1463040169,4943,8.00,3.30,2.16,0
3,1463041103,4939,6.00,3.30,2.18,0
3,1463042037,4938,7.00,3.30,2.16,0
3,1463042971,4859,6.00,3.30,2.18,0
3,1463043905,4862,6.00,3.30,2.16,0
3,1463044839,4874,5.00,3.30,2.15,0
3,1463045772,4884,5.00,3.29,2.16,0
3,1463046706,4876,5.00,3.29,2.19,0
3,1463047639,4860,4.00,3.29,2.18,0
3,1463048572,4855,4.00,3.30,2.16,0
3,1463049506,4854,4.00,3.29,2.18,0
3,1463050438,4854,4.00,3.30,2.16,0
3,1463051371,4853,3.00,3.29,2.18,0
3,1463052304,4852,3.00,3.29,2.16,0
3,1463053236,4851,3.00,3.29,2.16,0
3,1463054169,4850,3.00,3.29,2.15,0
3,1463055101,4850,2.00,3.29,2.16,0
3,1463056033,4849,2.00,3.29,2.18,0
3,1463056966,4848,2.00,3.29,2.15,0
3,1463057898,4847,2.00,3.29,2.16,0
3,1463058830,4845,1.00,3.30,2.16,0
3,1463059762,4845,1.00,3.29,2.16,0
3,1463060694,4845,2.00,3.29,2.18,0
3,1463061626,4844,1.00,3.29,2.18,0
3,1463062558,4843,1.00,3.30,2.17,0
3,1463063490,4842,1.00,3.29,2.17,0
3,1463064422,4842,2.00,3.30,2.18,0
3,1463065354,4842,1.00,3.29,2.17,0
3,1463066286,4842,2.00,3.30,2.17,0
3,1463067218,4841,2.00,3.29,2.18,0
3,1463068151,4842,3.00,3.29,2.17,0
3,1463069083,4843,4.00,3.30,2.18,0
3,1463070016,4843,5.00,3.30,2.18,0
3,1463070950,4844,6.00,3.30,2.17,0
3,1463071884,4845,8.00,3.30,2.18,0
3,1463072819,4847,8.00,3.30,2.18,0
3,1463073753,4849,8.00,3.30,2.15,0
3,1463074688,4887,9.00,3.29,2.17,0
3,1463075624,4891,11.00,3.29,2.20,0
3,1463076560,4893,11.00,3.29,2.17,0
3,1463077496,4892,12.00,3.29,2.19,0
3,1463078433,4895,12.00,3.29,2.16,0
3,1463079369,4896,12.00,3.29,2.17,0
3,1463080306,4883,13.00,3.30,2.15,0
3,1463081243,4872,13.00,3.29,2.19,0
3,1463082180,4891,14.00,3.30,2.16,0
3,1463083118,4894,15.00,3.29,2.16,0
3,1463084056,4895,15.00,3.29,2.16,0
3,1463084994,4892,15.00,3.29,2.20,0
3,1463085932,4886,15.00,3.29,2.20,0
3,1463086870,4884,15.00,3.30,2.16,0
3,1463087807,4884,15.00,3.30,2.16,0
3,1463088746,4893,16.00,3.29,2.19,0
3,1463089684,4895,16.00,3.30,2.17,0
3,1463090622,4899,16.00,3.29,2.16,0
3,1463091561,4900,17.00,3.29,2.19,0
3,1463092500,4901,17.00,3.30,2.17,0
3,1463093438,4900,17.00,3.29,2.16,0
3,1463094377,4901,17.00,3.29,2.16,0
3,1463095316,4901,17.00,3.29,2.20,0
3,1463096255,4898,17.00,3.29,2.20,0
3,1463097194,4899,17.00,3.30,2.17,0
3,1463098133,4895,17.00,3.30,2.16,0
3,1463099072,4897,17.00,3.30,2.17,0
3,1463100011,4896,17.00,3.30,2.16,0
3,1463100950,4894,17.00,3.30,2.16,0
3,1463101889,4892,17.00,3.30,2.19,0
3,1463102828,4892,17.00,3.30,2.16,0
3,1463103767,4890,17.00,3.30,2.20,0
3,1463104705,4888,16.00,3.30,2.16,0
3,1463105644,4884,16.00,3.30,2.17,0
3,1463106583,4887,16.00,3.30,2.17,0
3,1463107521,4888,17.00,3.29,2.16,0
3,1463108460,4886,17.00,3.30,2.16,0
3,1463109399,4886,16.00,3.30,2.16,0
3,1463110337,4879,16.00,3.30,2.18,0
3,1463111275,4879,15.00,3.30,2.17,0
3,1463112213,4878,15.00,3.30,2.17,0
3,1463113151,4882,15.00,3.30,2.16,0
3,1463114089,4884,14.00,3.30,2.16,0
3,1463115026,4876,13.00,3.30,2.17,0
3,1463115963,4863,12.00,3.30,2.16,0
3,1463116899,4858,11.00,3.30,2.17,0
3,1463117835,4856,11.00,3.30,2.17,0
3,1463118771,4856,11.00,3.30,2.16,0
3,1463119707,4858,11.00,3.30,2.16,0
3,1463120643,4863,11.00,3.30,2.19,0
3,1463121579,4860,10.00,3.30,2.16,0
3,1463122515,4855,10.00,3.29,2.17,0
3,1463123450,4853,10.00,3.30,2.17,0
3,1463124386,4852,10.00,3.30,2.19,0
3,1463125321,4852,9.00,3.29,2.16,0
3,1463126256,4851,9.00,3.30,2.16,0
3,1463127191,4851,9.00,3.30,2.16,0
3,1463128126,4852,8.00,3.30,2.16,0
3,1463129061,4854,8.00,3.30,2.16,0
3,1463129995,4852,8.00,3.29,2.16,0
3,1463130930,4849,7.00,3.29,2.18,0
3,1463131864,4848,7.00,3.30,2.16,0
3,1463132798,4848,6.00,3.30,2.16,0
3,1463133732,4848,6.00,3.30,2.18,0
3,1463134666,4856,6.00,3.30,2.18,0
3,1463135600,4868,6.00,3.29,2.16,0
3,1463136534,4875,5.00,3.29,2.16,0
3,1463137467,4864,5.00,3.29,2.16,0
3,1463138401,4847,5.00,3.29,2.15,0
3,1463139334,4843,4.00,3.30,2.16,0
3,1463140267,4842,4.00,3.29,2.16,0
3,1463141201,4841,4.00,3.29,2.18,0
3,1463142134,4839,3.00,3.29,2.16,0
3,1463143066,4837,3.00,3.29,2.16,0
3,1463143999,4836,3.00,3.29,2.16,0
3,1463144932,4835,3.00,3.29,2.15,0
3,1463145865,4835,3.00,3.29,2.18,0
3,1463146797,4835,2.00,3.30,2.16,0
3,1463147729,4834,2.00,3.30,2.16,0
3,1463148662,4834,2.00,3.29,2.18,0
3,1463149594,4833,3.00,3.30,2.16,0
3,1463150527,4833,2.00,3.30,2.16,0
3,1463151459,4832,3.00,3.30,2.16,0
3,1463152392,4832,3.00,3.30,2.16,0
3,1463153324,4832,3.00,3.30,2.16,0
3,1463154257,4832,4.00,3.30,2.17,0
3,1463155190,4832,4.00,3.30,2.18,0
3,1463156124,4836,5.00,3.30,2.16,0
3,1463157057,4836,7.00,3.30,2.16,0
3,1463157992,4837,7.00,3.30,2.16,0
3,1463158926,4837,8.00,3.30,2.16,0
3,1463159861,4844,9.00,3.30,2.16,0
3,1463160796,4879,10.00,3.29,2.19,0
3,1463161732,4880,11.00,3.29,2.19,0
3,1463162668,4879,12.00,3.29,2.20,0
3,1463163605,4882,12.00,3.29,2.16,0
3,1463164541,4883,13.00,3.29,2.16,0
3,1463165479,4877,14.00,3.29,2.20,0
3,1463166416,4873,14.00,3.30,2.19,0
3,1463167354,4887,15.00,3.29,2.20,0
3,1463168292,4888,15.00,3.29,2.19,0
3,1463169230,4884,16.00,3.29,2.17,0
3,1463170169,4886,17.00,3.30,2.19,0
3,1463171108,4890,17.00,3.29,2.20,0
3,1463172047,4892,17.00,3.29,2.17,0
3,1463172986,4892,17.00,3.30,2.16,0
3,1463173926,4889,18.00,3.30,2.20,0
3,1463174865,4886,17.00,3.30,2.17,0
3,1463175804,4890,18.00,3.30,2.18,0
3,1463176743,4895,18.00,3.30,2.17,0
3,1463177683,4895,19.00,3.30,2.20,0
3,1463178623,4897,19.00,3.30,2.17,0
3,1463179563,4897,19.00,3.30,2.19,0
3,1463180502,4897,19.00,3.29,2.16,0
3,1463181442,4897,19.00,3.30,2.17,0
3,1463182382,4895,19.00,3.30,2.17,0
3,1463183323,4894,19.00,3.30,2.16,0
3,1463184263,4893,19.00,3.30,2.16,0
3,1463185203,4894,20.00,3.30,2.18,0
3,1463186143,4894,19.00,3.30,2.17,0
3,1463187083,4894,20.00,3.30,2.16,0
3,1463188024,4894,19.00,3.30,2.17,0
3,1463188964,4890,19.00,3.30,2.16,0
3,1463189904,4885,18.00,3.30,2.18,0
3,1463190843,4886,18.00,3.30,2.16,0
3,1463191783,4884,18.00,3.30,2.16,0
3,1463192722,4885,18.00,3.30,2.16,0
3,1463193662,4888,19.00,3.30,2.18,0
3,1463194602,4890,18.00,3.30,2.19,0
3,1463195542,4887,18.00,3.30,2.19,0
3,1463196481,4886,18.00,3.30,2.17,0
3,1463197421,4884,18.00,3.30,2.16,0
3,1463198360,4882,17.00,3.30,2.18,0
3,1463199299,4883,17.00,3.30,2.17,0
3,1463200237,4881,16.00,3.30,2.17,0
3,1463201176,4879,15.00,3.30,2.19,0
3,1463202114,4872,15.00,3.30,2.16,0
3,1463203051,4858,15.00,3.30,2.16,0
3,1463203989,4854,14.00,3.30,2.17,0
3,1463204926,4852,14.00,3.30,2.18,0
3,1463205864,4852,13.00,3.30,2.16,0
3,1463206801,4854,12.00,3.30,2.19,0
3,1463207737,4857,12.00,3.30,2.17,0
3,1463208674,4854,12.00,3.30,2.17,0
3,1463209610,4848,11.00,3.30,2.17,0
3,1463210546,4848,10.00,3.30,2.16,0
3,1463211481,4847,10.00,3.30,2.16,0
3,1463212417,4846,9.00,3.30,2.17,0
3,1463213352,4844,9.00,3.30,2.17,0
3,1463214287,4843,9.00,3.30,2.18,0
3,1463215222,4843,8.00,3.30,2.16,0
3,1463216158,4841,8.00,3.29,2.16,0
3,1463217092,4840,8.00,3.30,2.15,0
3,1463218027,4840,8.00,3.30,2.17,0
3,1463218962,4839,8.00,3.30,2.17,0
3,1463219897,4838,8.00,3.30,2.15,0
3,1463220831,4838,7.00,3.30,2.18,0
3,1463221766,4837,8.00,3.30,2.16,0
3,1463222700,4838,7.00,3.29,2.16,0
3,1463223634,4836,7.00,3.29,2.18,0
3,1463224569,4835,7.00,3.30,2.18,0
3,1463225503,4834,6.00,3.30,2.16,0
3,1463226437,4833,6.00,3.30,2.18,0
3,1463227371,4833,6.00,3.29,2.16,0
3,1463228305,4833,6.00,3.30,2.15,0
3,1463229239,4836,6.00,3.29,2.18,0
3,1463230172,4842,6.00,3.30,2.15,0
3,1463231106,4852,5.00,3.30,2.18,0
3,1463232040,4851,5.00,3.29,2.17,0
3,1463232973,4842,5.00,3.29,2.18,0
3,1463233907,4832,5.00,3.29,2.18,0
3,1463234840,4826,5.00,3.29,2.18,0
3,1463235773,4826,5.00,3.30,2.16,0
3,1463236707,4825,4.00,3.30,2.18,0
3,1463237640,4825,5.00,3.30,2.18,0
3,1463238574,4824,5.00,3.30,2.16,0
3,1463239508,4824,6.00,3.30,2.19,0
3,1463240442,4824,6.00,3.29,2.16,0
3,1463241376,4826,6.00,3.29,2.17,0
3,1463242310,4854,8.00,3.29,2.16,0
3,1463243245,4867,9.00,3.29,2.16,0
3,1463244180,4870,10.00,3.29,2.16,0
3,1463245116,4868,10.00,3.29,2.16,0
3,1463246051,4858,11.00,3.29,2.16,0
3,1463246987,4867,11.00,3.29,2.19,0
3,1463247923,4875,13.00,3.30,2.19,0
3,1463248860,4869,13.00,3.29,2.16,0
3,1463249798,4857,14.00,3.29,2.16,0
3,1463250735,4872,15.00,3.29,2.19,0
3,1463251673,4878,16.00,3.29,2.16,0
3,1463252611,4878,16.00,3.29,2.16,0
3,1463253550,4874,16.00,3.29,2.20,0
3,1463254488,4879,16.00,3.30,2.16,0
3,1463255427,4883,17.00,3.30,2.17,0
3,1463256366,4880,17.00,3.30,2.16,0
3,1463257305,4883,18.00,3.30,2.17,0
3,1463258244,4884,18.00,3.30,2.17,0
3,1463259184,4884,18.00,3.29,2.16,0
3,1463260123,4884,19.00,3.29,2.18,0
3,1463261063,4886,18.00,3.29,2.17,0
3,1463262003,4888,19.00,3.30,2.18,0
3,1463262943,4889,19.00,3.30,2.19,0
3,1463263883,4886,20.00,3.29,2.19,0
3,1463264823,4888,19.00,3.30,2.16,0
3,1463265763,4889,19.00,3.30,2.16,0
3,1463266704,4887,20.00,3.30,2.19,0
3,1463267644,4889,20.00,3.30,2.17,0
3,1463268584,4887,19.00,3.30,2.16,0
3,1463269524,4887,19.00,3.30,2.20,0
3,1463270464,4884,18.00,3.30,2.19,0
3,1463271404,4882,18.00,3.30,2.18,0
3,1463272343,4886,18.00,3.30,2.17,0
3,1463273283,4886,18.00,3.30,2.18,0
3,1463274222,4887,18.00,3.30,2.16,0
3,1463275162,4887,18.00,3.29,2.16,0
3,1463276101,4884,17.00,3.30,2.20,0
3,1463277040,4886,18.00,3.30,2.18,0
3,1463277979,4885,17.00,3.30,2.20,0
3,1463278918,4883,17.00,3.29,2.16,0
3,1463279857,4882,16.00,3.30,2.19,0
3,1463280795,4879,16.00,3.30,2.16,0
3,1463281734,4879,16.00,3.30,2.17,0
3,1463282672,4873,16.00,3.30,2.16,0
3,1463283611,4862,16.00,3.30,2.16,0
3,1463284549,4858,16.00,3.30,2.16,0
3,1463285487,4853,15.00,3.30,2.16,0
3,1463286425,4849,15.00,3.30,2.16,0
3,1463287363,4849,14.00,3.30,2.16,0
3,1463288300,4848,14.00,3.30,2.19,0
3,1463289237,4853,14.00,3.29,2.18,0
3,1463290174,4854,13.00,3.30,2.17,0
3,1463291111,4852,13.00,3.30,2.15,0
3,1463292048,4844,12.00,3.29,2.17,0
3,1463292985,4839,12.00,3.30,2.16,0
3,1463293921,4837,12.00,3.30,2.16,0
3,1463294858,4836,12.00,3.30,2.16,0
3,1463295794,4836,12.00,3.30,2.16,0
3,1463296730,4836,11.00,3.30,2.16,0
3,1463297666,4838,11.00,3.30,2.17,0
3,1463298602,4838,10.00,3.30,2.16,0
3,1463299538,4838,10.00,3.30,2.17,0
3,1463300473,4835,10.00,3.29,2.17,0
3,1463301409,4834,9.00,3.30,2.17,0
3,1463302344,4834,8.00,3.30,2.16,0
3,1463303279,4833,8.00,3.30,2.16,0
3,1463304213,4832,8.00,3.30,2.16,0
3,1463305148,4831,8.00,3.30,2.16,0
3,1463306083,4830,8.00,3.30,2.17,0
3,1463307018,4830,8.00,3.30,2.16,0
3,1463307952,4831,8.00,3.30,2.18,0
3,1463308887,4831,8.00,3.30,2.18,0
3,1463309821,4829,8.00,3.30,2.18,0
3,1463310756,4827,7.00,3.30,2.15,0
3,1463311690,4826,7.00,3.30,2.18,0
3,1463312625,4826,7.00,3.29,2.16,0
3,1463313559,4825,7.00,3.30,2.18,0
3,1463314493,4825,6.00,3.30,2.15,0
3,1463315427,4825,7.00,3.30,2.18,0
3,1463316361,4826,6.00,3.30,2.16,0
3,1463317295,4821,6.00,3.29,2.18,0
3,1463318229,4834,6.00,3.30,2.15,0
3,1463319163,4846,6.00,3.29,2.16,0
3,1463320097,4853,6.00,3.29,2.17,0
3,1463321030,4855,6.00,3.29,2.16,0
3,1463321964,4856,6.00,3.29,2.18,0
3,1463322898,4853,6.00,3.29,2.16,0
3,1463323832,4848,6.00,3.29,2.16,0
3,1463324766,4841,6.00,3.29,2.16,0
3,1463325700,4843,6.00,3.29,2.16,0
3,1463326633,4844,6.00,3.29,2.19,0
3,1463327567,4849,7.00,3.29,2.18,0
3,1463328502,4859,7.00,3.29,2.16,0
3,1463329436,4863,7.00,3.29,2.19,0
3,1463330370,4864,8.00,3.29,2.18,0
3,1463331305,4863,8.00,3.29,2.18,0
3,1463332239,4863,8.00,3.29,2.18,0
3,1463333174,4860,8.00,3.29,2.16,0
3,1463334108,4860,7.00,3.29,2.15,0
3,1463335043,4858,7.00,3.28,2.16,0
3,1463335977,4851,8.00,3.30,2.18,0
3,1463336912,4854,8.00,3.29,2.16,0
3,1463337846,4850,8.00,3.29,2.16,0
3,1463338781,4844,8.00,3.29,2.18,0
3,1463339716,4841,8.00,3.30,2.15,0
3,1463340650,4838,8.00,3.30,2.15,0
3,1463341585,4832,8.00,3.30,2.16,0
3,1463342520,4831,8.00,3.30,2.15,0
3,1463343454,4829,8.00,3.29,2.15,0
3,1463344389,4827,9.00,3.29,2.16,0
3,1463345324,4828,9.00,3.30,2.15,0
3,1463346259,4827,8.00,3.30,2.19,0
3,1463347193,4811,7.00,3.29,2.16,0
3,1463348127,4776,6.00,3.29,2.16,0
3,1463349061,4788,5.00,3.30,2.18,0
3,1463349994,4785,5.00,3.29,2.18,0
3,1463350927,4782,4.00,3.29,2.16,0
3,1463351861,4766,4.00,3.30,2.16,0
3,1463352793,4769,4.00,3.30,2.16,0
3,1463353726,4762,3.00,3.30,2.15,0
3,1463354659,4752,3.00,3.30,2.15,0
3,1463355591,4748,3.00,3.29,2.17,0
3,1463356524,4747,3.00,3.29,2.18,0
3,1463357456,4747,2.00,3.29,2.16,0
3,1463358388,4745,2.00,3.29,2.15,0
3,1463359320,4744,2.00,3.29,2.16,0
3,1463360253,4745,2.00,3.29,2.18,0
3,1463361185,4745,2.00,3.29,2.15,0
3,1463362116,4745,1.00,3.29,2.16,0
3,1463363048,4745,1.00,3.29,2.16,0
3,1463363980,4745,1.00,3.29,2.16,0
3,1463364912,4744,1.00,3.29,2.16,0
3,1463365844,4744,1.00,3.29,2.16,0
3,1463366775,4743,1.00,3.29,2.18,0
3,1463367707,4743,1.00,3.29,2.15,0
3,1463368639,4742,1.00,3.29,2.16,0
3,1463369570,4741,0.00,3.30,2.17,0
3,1463370502,4740,1.00,3.30,2.18,0
3,1463371433,4740,0.00,3.30,2.16,0
3,1463372365,4739,0.00,3.29,2.16,0
3,1463373296,4738,0.00,3.29,2.16,0
3,1463374227,4738,0.00,3.29,2.18,0
3,1463375159,4737,0.00,3.29,2.16,0
3,1463376090,4737,0.00,3.29,2.16,0
3,1463377021,4737,0.00,3.29,2.16,0
3,1463377953,4737,0.00,3.29,2.16,0
3,1463378884,4737,0.00,3.29,2.18,0
3,1463379815,4737,0.00,3.29,2.16,0
3,1463380746,4736,0.00,3.29,2.16,0
3,1463381677,4736,0.00,3.29,2.16,0
3,1463382608,4736,0.00,3.29,2.16,0
3,1463383539,4736,0.00,3.29,2.16,0
3,1463384470,4737,0.00,3.29,2.16,0
3,1463385401,4737,0.00,3.29,2.16,0
3,1463386332,4737,0.00,3.29,2.16,0
3,1463387263,4737,0.00,3.30,2.16,0
3,1463388194,4736,0.00,3.30,2.16,0
3,1463389125,4736,0.00,3.29,2.17,0
3,1463390055,4737,-1.00,3.29,2.16,0
3,1463390986,4736,0.00,3.29,2.19,0
3,1463391917,4737,0.00,3.28,2.17,0
3,1463392848,4736,-1.00,3.29,2.18,0
3,1463393779,4736,-1.00,3.29,2.17,0
3,1463394709,4738,-1.00,3.29,2.16,0
3,1463395640,4737,-1.00,3.28,2.18,0
3,1463396570,4737,-2.00,3.28,2.16,0
3,1463397500,4736,-2.00,3.28,2.17,0
3,1463398431,4736,-2.00,3.28,2.17,0
3,1463399361,4734,-2.00,3.28,2.18,0
3,1463400291,4733,-3.00,3.29,2.17,0
3,1463401221,4731,-3.00,3.28,2.19,0
3,1463402151,4731,-3.00,3.28,2.17,0
3,1463403081,4731,-3.00,3.29,2.17,0
3,1463404011,4731,-3.00,3.29,2.17,0
3,1463404940,4731,-2.00,3.28,2.17,0
3,1463405871,4730,-2.00,3.29,2.17,0
3,1463406801,4730,-2.00,3.28,2.17,0
3,1463407731,4730,-2.00,3.29,2.17,0
3,1463408661,4730,-2.00,3.28,2.17,0
3,1463409591,4730,-2.00,3.28,2.17,0
3,1463410521,4731,-2.00,3.28,2.18,0
3,1463411451,4730,-2.00,3.29,2.17,0
3,1463412381,4730,-2.00,3.29,2.17,0
3,1463413311,4731,-2.00,3.28,2.17,0
3,1463414242,4733,0.00,3.29,2.17,0
3,1463415172,4732,0.00,3.29,2.17,0
3,1463416103,4733,0.00,3.29,2.18,0
3,1463417034,4734,0.00,3.29,2.17,0
3,1463417965,4735,0.00,3.29,2.18,0
3,1463418896,4737,0.00,3.29,2.17,0
3,1463419827,4738,0.00,3.29,2.17,0
3,1463420759,4745,1.00,3.29,2.17,0
3,1463421690,4748,1.00,3.29,2.17,0
3,1463422622,4748,1.00,3.29,2.18,0
3,1463423554,4751,1.00,3.29,2.17,0
3,1463424485,4752,2.00,3.29,2.17,0
3,1463425417,4753,2.00,3.29,2.16,0
3,1463426350,4756,3.00,3.29,2.18,0
3,1463427282,4758,3.00,3.29,2.18,0
3,1463428214,4762,3.00,3.29,2.18,0
3,1463428215,4762,3.00,3.29,2.18,1
3,1463428216,4762,3.00,3.29,2.18,2
3,1463428216,4762,3.00,3.29,2.18,3
3,1463428217,4762,3.00,3.29,2.18,4
3,1463429150,4762,4.00,3.29,2.18,0
3,1463429151,4762,4.00,3.29,2.18,1
3,1463430084,4762,4.00,3.29,2.16,0
3,1463431017,4761,4.00,3.29,2.16,0
3,1463431949,4760,3.00,3.29,2.16,0
3,1463432882,4761,4.00,3.29,2.15,0
3,1463433815,4760,4.00,3.29,2.16,0
3,1463434747,4762,4.00,3.30,2.16,0
3,1463435680,4760,4.00,3.29,2.19,0
3,1463436613,4762,4.00,3.29,2.16,0
3,1463437546,4762,4.00,3.29,2.18,0
3,1463438479,4753,3.00,3.29,2.18,0
3,1463439411,4750,3.00,3.29,2.16,0
3,1463440344,4749,3.00,3.29,2.16,0
3,1463441276,4749,3.00,3.29,2.18,0
3,1463442209,4749,3.00,3.29,2.16,0
3,1463443141,4749,3.00,3.29,2.18,0
3,1463444073,4748,3.00,3.29,2.16,0
3,1463445005,4746,2.00,3.29,2.16,0
3,1463445937,4744,2.00,3.29,2.18,0
3,1463446869,4743,2.00,3.29,2.18,0
3,1463447801,4742,1.00,3.29,2.16,0
3,1463448733,4741,1.00,3.29,2.15,0
3,1463449664,4740,0.00,3.29,2.18,0
3,1463450596,4739,0.00,3.29,2.16,0
3,1463451527,4739,0.00,3.29,2.16,0
3,1463452459,4737,0.00,3.29,2.16,0
3,1463453390,4736,0.00,3.30,2.18,0
3,1463454321,4735,0.00,3.29,2.18,0
3,1463455252,4735,0.00,3.30,2.16,0
3,1463456183,4734,0.00,3.29,2.16,0
3,1463457114,4733,0.00,3.29,2.16,0
3,1463458045,4733,0.00,3.29,2.18,0
3,1463458976,4732,0.00,3.29,2.16,0
3,1463459907,4731,0.00,3.29,2.16,0
3,1463460838,4731,0.00,3.29,2.18,0
3,1463461769,4730,0.00,3.29,2.16,0
3,1463462700,4730,0.00,3.29,2.16,0
3,1463463631,4729,-1.00,3.29,2.16,0
3,1463464561,4730,-1.00,3.29,2.16,0
3,1463465492,4730,-2.00,3.29,2.18,0
3,1463466422,4728,-2.00,3.29,2.16,0
3,1463467352,4728,-2.00,3.29,2.18,0
3,1463468282,4727,-3.00,3.29,2.16,0
3,1463469213,4727,-3.00,3.29,2.18,0
3,1463470143,4726,-3.00,3.28,2.16,0
3,1463471072,4725,-3.00,3.28,2.17,0
3,1463472002,4725,-3.00,3.29,2.18,0
3,1463472932,4724,-3.00,3.28,2.19,0
3,1463473862,4724,-4.00,3.29,2.17,0
3,1463474791,4723,-4.00,3.28,2.17,0
3,1463475721,4723,-4.00,3.28,2.17,0
3,1463476650,4722,-4.00,3.28,2.17,0
3,1463477580,4722,-4.00,3.28,2.18,0
3,1463478509,4721,-4.00,3.28,2.18,0
3,1463479439,4721,-4.00,3.28,2.17,0
3,1463480368,4720,-5.00,3.28,2.18,0
3,1463481297,4720,-5.00,3.28,2.17,0
3,1463482227,4720,-5.00,3.27,2.17,0
3,1463483156,4719,-5.00,3.28,2.18,0
3,1463484085,4719,-5.00,3.28,2.18,0
3,1463485014,4719,-5.00,3.28,2.18,0
3,1463485943,4719,-5.00,3.28,2.17,0
3,1463486872,4718,-5.00,3.29,2.18,0
3,1463487801,4718,-5.00,3.27,2.17,0
3,1463488730,4717,-5.00,3.27,2.18,0
3,1463489659,4717,-5.00,3.27,2.18,0
3,1463490588,4717,-6.00,3.27,2.17,0
3,1463491517,4716,-6.00,3.28,2.17,0
3,1463492446,4716,-6.00,3.28,2.17,0
3,1463493375,4716,-6.00,3.27,2.18,0
3,1463494304,4715,-5.00,3.28,2.18,0
3,1463495233,4715,-5.00,3.27,2.17,0
3,1463496162,4715,-5.00,3.27,2.16,0
3,1463497092,4715,-5.00,3.27,2.17,0
3,1463498021,4715,-5.00,3.27,2.16,0
3,1463498950,4714,-4.00,3.27,2.17,0
3,1463499879,4714,-5.00,3.28,2.16,0
3,1463500808,4714,-5.00,3.28,2.18,0
3,1463501738,4714,-5.00,3.27,2.17,0
3,1463502667,4714,-5.00,3.27,2.16,0
3,1463503596,4714,-5.00,3.27,2.17,0
3,1463504526,4714,-4.00,3.28,2.17,0
3,1463505455,4714,-4.00,3.27,2.18,0
3,1463506384,4714,-4.00,3.27,2.18,0
3,1463507314,4714,-4.00,3.28,2.17,0
3,1463508243,4714,-4.00,3.27,2.17,0
3,1463509173,4714,-4.00,3.28,2.16,0
3,1463510103,4714,-4.00,3.29,2.17,0
3,1463511032,4714,-3.00,3.28,2.16,0
3,1463511962,4714,-3.00,3.28,2.17,0
3,1463512892,4714,-2.00,3.29,2.17,0
3,1463513823,4715,-1.00,3.29,2.17,0
3,1463514753,4717,0.00,3.28,2.17,0
3,1463515684,4717,0.00,3.29,2.18,0
3,1463516615,4717,0.00,3.29,2.17,0
3,1463517546,4718,0.00,3.29,2.17,0
3,1463518477,4718,0.00,3.29,2.18,0
3,1463519408,4719,0.00,3.29,2.17,0
3,1463520339,4720,0.00,3.29,2.17,0
3,1463521270,4721,0.00,3.29,2.17,0
3,1463522201,4722,0.00,3.30,2.17,0
3,1463523132,4722,0.00,3.30,2.18,0
3,1463524063,4722,0.00,3.29,2.17,0
3,1463524994,4722,0.00,3.29,2.17,0
3,1463525925,4723,0.00,3.29,2.18,0
3,1463526856,4723,0.00,3.29,2.17,0
3,1463527787,4723,0.00,3.29,2.17,0
3,1463528718,4723,0.00,3.29,2.18,0
3,1463529649,4722,-1.00,3.29,2.18,0
3,1463530579,4722,0.00,3.29,2.19,0
3,1463531510,4722,0.00,3.29,2.18,0
3,1463532441,4723,0.00,3.29,2.17,0
3,1463533372,4723,0.00,3.29,2.18,0
3,1463534303,4723,0.00,3.29,2.17,0
3,1463535234,4723,0.00,3.29,2.19,0
3,1463536165,4723,0.00,3.29,2.17,0
3,1463537096,4723,0.00,3.29,2.19,0
3,1463538027,4724,0.00,3.29,2.17,0
3,1463538958,4724,0.00,3.30,2.17,0
3,1463539890,4724,0.00,3.29,2.17,0
3,1463540821,4725,0.00,3.29,2.17,0
3,1463541752,4725,1.00,3.29,2.17,0
3,1463542684,4725,0.00,3.29,2.16,0
3,1463543615,4725,0.00,3.29,2.16,0
3,1463544547,4725,0.00,3.29,2.16,0
3,1463545478,4725,0.00,3.29,2.18,0
3,1463546409,4724,0.00,3.29,2.16,0
3,1463547341,4724,0.00,3.29,2.16,0
3,1463548272,4724,0.00,3.29,2.18,0
3,1463549203,4724,0.00,3.29,2.16,0
3,1463550134,4724,0.00,3.29,2.17,0
3,1463551065,4723,0.00,3.29,2.18,0
3,1463551996,4723,0.00,3.29,2.17,0
3,1463552927,4723,0.00,3.29,2.17,0
3,1463553858,4723,0.00,3.29,2.17,0
3,1463554789,4722,0.00,3.29,2.18,0
3,1463555720,4722,0.00,3.29,2.18,0
3,1463556651,4721,-1.00,3.29,2.17,0
3,1463557582,4721,-1.00,3.29,2.18,0
3,1463558513,4720,-1.00,3.29,2.18,0
3,1463559443,4722,-1.00,3.29,2.18,0
3,1463560374,4720,-1.00,3.29,2.17,0
3,1463561305,4720,-1.00,3.29,2.17,0
3,1463562235,4721,-1.00,3.29,2.17,0
3,1463563166,4721,-1.00,3.29,2.17,0
3,1463564096,4719,-1.00,3.29,2.18,0
3,1463565027,4720,-2.00,3.29,2.18,0
3,1463565957,4719,-2.00,3.29,2.18,0
3,1463566888,4719,-2.00,3.29,2.17,0
3,1463567818,4718,-2.00,3.29,2.17,0
3,1463568748,4717,-3.00,3.29,2.17,0
3,1463569678,4717,-3.00,3.29,2.17,0
3,1463570608,4716,-2.00,3.29,2.18,0
3,1463571538,4716,-3.00,3.29,2.18,0
3,1463572468,4716,-3.00,3.29,2.17,0
3,1463573398,4716,-2.00,3.29,2.17,0
3,1463574328,4715,-2.00,3.28,2.18,0
3,1463575258,4716,-2.00,3.28,2.18,0
3,1463576188,4715,-2.00,3.29,2.17,0
3,1463577119,4715,-3.00,3.29,2.17,0
3,1463578049,4715,-3.00,3.29,2.17,0
3,1463578979,4715,-2.00,3.29,2.17,0
3,1463579909,4715,-3.00,3.28,2.17,0
3,1463580839,4715,-2.00,3.29,2.18,0
3,1463581769,4715,-2.00,3.29,2.17,0
3,1463582699,4715,-2.00,3.29,2.18,0
3,1463583629,4714,-2.00,3.29,2.18,0
3,1463584560,4714,-2.00,3.29,2.17,0
3,1463585490,4715,-2.00,3.29,2.18,0
3,1463586421,4715,-2.00,3.29,2.18,0
3,1463587351,4714,-2.00,3.29,2.17,0
3,1463588282,4715,-1.00,3.29,2.17,0
3,1463589212,4714,-1.00,3.29,2.17,0
3,1463590143,4716,-1.00,3.28,2.17,0
3,1463591074,4716,-1.00,3.28,2.17,0
3,1463592004,4714,0.00,3.29,2.18,0
3,1463592935,4715,-1.00,3.29,2.17,0
3,1463593866,4715,0.00,3.30,2.17,0
3,1463594797,4717,0.00,3.29,2.19,0
3,1463595728,4717,0.00,3.29,2.17,0
3,1463596660,4718,0.00,3.29,2.17,0
3,1463597591,4718,0.00,3.29,2.17,0
3,1463598523,4719,0.00,3.29,2.17,0
3,1463599454,4719,1.00,3.29,2.16,0
3,1463600386,4719,1.00,3.29,2.19,0
3,1463601318,4719,2.00,3.29,2.16,0
3,1463602250,4720,2.00,3.29,2.16,0
3,1463603182,4720,2.00,3.29,2.16,0
3,1463604114,4721,2.00,3.29,2.16,0
3,1463605047,4721,2.00,3.29,2.16,0
3,1463605979,4722,2.00,3.29,2.16,0
3,1463606911,4722,2.00,3.29,2.16,0
3,1463607843,4722,2.00,3.29,2.16,0
3,1463608775,4722,2.00,3.29,2.15,0
3,1463609708,4722,3.00,3.30,2.16,0
3,1463610640,4723,3.00,3.30,2.15,0
3,1463611572,4723,3.00,3.29,2.16,0
3,1463612505,4723,3.00,3.30,2.15,0
3,1463613438,4723,4.00,3.29,2.16,0
3,1463614371,4724,3.00,3.29,2.18,0
3,1463615303,4725,4.00,3.30,2.16,0
3,1463616236,4725,4.00,3.29,2.16,0
3,1463617170,4726,5.00,3.29,2.15,0
3,1463618103,4726,4.00,3.30,2.18,0
3,1463619036,4726,4.00,3.30,2.16,0
3,1463619969,4726,5.00,3.29,2.15,0
3,1463620902,4726,5.00,3.29,2.15,0
3,1463621836,4726,5.00,3.29,2.18,0
3,1463622769,4727,5.00,3.29,2.16,0
3,1463623702,4727,5.00,3.29,2.15,0
3,1463624636,4727,5.00,3.30,2.16,0
3,1463625569,4727,5.00,3.30,2.16,0
3,1463626502,4727,5.00,3.29,2.18,0
3,1463627436,4728,5.00,3.29,2.16,0
3,1463628369,4727,4.00,3.29,2.15,0
3,1463629302,4727,5.00,3.29,2.16,0
3,1463630235,4727,5.00,3.29,2.16,0
3,1463631169,4727,4.00,3.30,2.16,0
3,1463632102,4727,4.00,3.29,2.18,0
3,1463633034,4726,4.00,3.30,2.18,0
3,1463633967,4725,3.00,3.30,2.16,0
3,1463634900,4724,3.00,3.29,2.16,0
3,1463635832,4723,2.00,3.29,2.18,0
3,1463636764,4722,2.00,3.29,2.15,0
3,1463637697,4721,1.00,3.29,2.16,0
3,1463638629,4720,1.00,3.29,2.16,0
3,1463639560,4720,1.00,3.29,2.18,0
3,1463640492,4719,0.00,3.30,2.16,0
3,1463641424,4719,0.00,3.29,2.16,0
3,1463642355,4719,0.00,3.29,2.18,0
3,1463643287,4718,0.00,3.29,2.16,0
3,1463644218,4718,0.00,3.29,2.16,0
3,1463645149,4717,0.00,3.29,2.16,0
3,1463646080,4717,0.00,3.30,2.18,0
3,1463647011,4716,-1.00,3.29,2.16,0
3,1463647942,4716,-1.00,3.30,2.16,0
3,1463648872,4717,-1.00,3.29,2.16,0
3,1463649803,4716,-2.00,3.29,2.16,0
3,1463650733,4715,-2.00,3.29,2.17,0
3,1463651664,4715,-2.00,3.29,2.18,0
3,1463652594,4714,-2.00,3.29,2.17,0
3,1463653524,4713,-3.00,3.29,2.17,0
3,1463654454,4713,-3.00,3.29,2.17,0
3,1463655385,4712,-3.00,3.29,2.17,0
3,1463656315,4712,-3.00,3.29,2.17,0
3,1463657245,4712,-3.00,3.30,2.17,0
3,1463658175,4712,-3.00,3.29,2.17,0
3,1463659105,4711,-3.00,3.30,2.19,0
3,1463660035,4711,-3.00,3.28,2.17,0
3,1463660965,4711,-3.00,3.29,2.17,0
3,1463661895,4711,-3.00,3.29,2.17,0
3,1463662826,4711,-3.00,3.29,2.18,0
3,1463663756,4711,-3.00,3.28,2.17,0
3,1463664686,4711,-3.00,3.29,2.17,0
3,1463665616,4711,-4.00,3.28,2.16,0
3,1463666546,4711,-3.00,3.29,2.16,0
3,1463667476,4710,-3.00,3.29,2.17,0
3,1463668406,4710,-3.00,3.29,2.16,0
3,1463669336,4710,-3.00,3.28,2.16,0
3,1463670266,4710,-2.00,3.29,2.16,0
3,1463671196,4710,-2.00,3.28,2.18,0
3,1463672127,4708,-1.00,3.29,2.17,0
3,1463673057,4708,-1.00,3.29,2.17,0
3,1463673988,4708,0.00,3.29,2.17,0
3,1463674919,4708,0.00,3.29,2.18,0
3,1463675850,4709,1.00,3.29,2.16,0
3,1463676782,4712,2.00,3.29,2.16,0
3,1463677714,4712,3.00,3.29,2.17,0
3,1463678647,4714,3.00,3.29,2.17,0
3,1463679579,4714,4.00,3.30,2.18,0
3,1463680512,4715,5.00,3.29,2.17,0
3,1463681446,4717,6.00,3.29,2.18,0
3,1463682379,4719,7.00,3.30,2.16,0
3,1463683313,4720,7.00,3.30,2.16,0
3,1463684248,4722,7.00,3.30,2.16,0
3,1463685182,4724,8.00,3.30,2.16,0
3,1463686117,4755,8.00,3.29,2.18,0
3,1463687052,4762,9.00,3.29,2.16,0
3,1463687987,4760,10.00,3.29,2.19,0
3,1463688923,4747,10.00,3.29,2.16,0
3,1463689858,4728,10.00,3.30,2.15,0
3,1463690793,4731,10.00,3.30,2.15,0
3,1463691729,4751,10.00,3.29,2.16,0
3,1463692665,4760,11.00,3.29,2.16,0
3,1463693601,4756,12.00,3.29,2.17,0
3,1463694537,4735,12.00,3.30,2.15,0
3,1463695474,4729,12.00,3.30,2.16,0
3,1463696410,4728,11.00,3.30,2.19,0
3,1463697346,4728,11.00,3.29,2.18,0
3,1463698282,4729,11.00,3.29,2.16,0
3,1463699217,4729,11.00,3.30,2.16,0
3,1463700153,4729,10.00,3.30,2.18,0
3,1463701089,4729,10.00,3.30,2.16,0
3,1463702024,4729,10.00,3.30,2.15,0
3,1463702960,4728,10.00,3.30,2.19,0
3,1463703896,4728,10.00,3.30,2.18,0
3,1463704832,4728,11.00,3.30,2.16,0
3,1463705768,4727,11.00,3.30,2.16,0
3,1463706703,4728,10.00,3.30,2.16,0
3,1463707639,4728,11.00,3.30,2.16,0
3,1463708575,4729,11.00,3.29,2.17,0
3,1463709511,4729,11.00,3.29,2.19,0
3,1463710447,4729,11.00,3.29,2.17,0
3,1463711383,4730,11.00,3.29,2.16,0
3,1463712320,4731,11.00,3.30,2.17,0
3,1463713256,4730,11.00,3.30,2.16,0
3,1463714192,4730,11.00,3.30,2.15,0
3,1463715128,4730,11.00,3.29,2.16,0
3,1463716063,4729,11.00,3.29,2.16,0
3,1463716999,4730,11.00,3.30,2.17,0
3,1463717935,4729,10.00,3.29,2.17,0
3,1463718870,4728,9.00,3.30,2.16,0
3,1463719805,4728,9.00,3.30,2.16,0
3,1463720740,4727,8.00,3.29,2.17,0
3,1463721675,4727,8.00,3.30,2.17,0
3,1463722610,4726,8.00,3.30,2.16,0
3,1463723544,4725,7.00,3.30,2.17,0
3,1463724478,4724,6.00,3.30,2.16,0
3,1463725412,4722,5.00,3.29,2.18,0
3,1463726346,4721,5.00,3.29,2.15,0
3,1463727279,4721,3.00,3.29,2.15,0
3,1463728212,4721,3.00,3.30,2.16,0
3,1463729144,4721,3.00,3.29,2.16,0
3,1463730077,4720,3.00,3.29,2.18,0
3,1463731009,4719,2.00,3.29,2.18,0
3,1463731942,4719,2.00,3.29,2.15,0
3,1463732874,4718,2.00,3.29,2.18,0
3,1463733806,4718,2.00,3.29,2.18,0
3,1463734738,4717,2.00,3.29,2.15,0
3,1463735671,4716,2.00,3.29,2.18,0
3,1463736603,4716,2.00,3.29,2.16,0
3,1463737535,4716,2.00,3.30,2.16,0
3,1463738467,4715,2.00,3.29,2.18,0
3,1463739400,4716,2.00,3.29,2.16,0
3,1463740332,4716,3.00,3.29,2.16,0
3,1463741264,4716,2.00,3.29,2.16,0
3,1463742197,4717,2.00,3.29,2.16,0
3,1463743129,4716,2.00,3.30,2.18,0
3,1463744061,4716,1.00,3.29,2.16,0
3,1463744993,4716,1.00,3.29,2.15,0
3,1463745925,4716,1.00,3.29,2.16,0
3,1463746856,4716,1.00,3.29,2.16,0
3,1463747788,4716,2.00,3.29,2.15,0
3,1463748720,4715,1.00,3.29,2.15,0
3,1463749652,4716,2.00,3.29,2.15,0
3,1463750584,4715,2.00,3.29,2.18,0
3,1463751516,4716,2.00,3.29,2.16,0
3,1463752448,4716,2.00,3.29,2.16,0
3,1463753380,4715,2.00,3.29,2.15,0
3,1463754312,4716,2.00,3.29,2.16,0
3,1463755245,4714,2.00,3.29,2.18,0
3,1463756177,4710,3.00,3.29,2.16,0
3,1463757109,4705,3.00,3.29,2.17,0
3,1463758041,4705,3.00,3.29,2.17,0
3,1463758974,4708,3.00,3.29,2.16,0
3,1463759906,4709,3.00,3.29,2.16,0
3,1463760839,4711,4.00,3.29,2.16,0
3,1463761772,4713,4.00,3.29,2.16,0
3,1463762704,4715,4.00,3.29,2.16,0
3,1463763637,4716,5.00,3.29,2.18,0
3,1463764571,4718,5.00,3.29,2.16,0
3,1463765504,4720,5.00,3.30,2.16,0
3,1463766437,4721,5.00,3.29,2.18,0
3,1463767370,4722,5.00,3.29,2.16,0
3,1463768304,4724,5.00,3.29,2.18,0
3,1463769237,4726,6.00,3.30,2.18,0
3,1463770171,4727,6.00,3.30,2.18,0
3,1463771105,4728,7.00,3.30,2.15,0
3,1463772039,4729,7.00,3.29,2.17,0
3,1463772973,4733,8.00,3.30,2.16,0
3,1463773908,4753,7.00,3.29,2.16,0
3,1463774842,4766,7.00,3.29,2.17,0
3,1463775776,4770,7.00,3.29,2.18,0
3,1463776710,4771,7.00,3.29,2.18,0
3,1463777645,4772,7.00,3.29,2.19,0
3,1463778579,4773,8.00,3.29,2.16,0
3,1463779513,4770,9.00,3.29,2.18,0
3,1463780448,4748,10.00,3.30,2.18,0
3,1463781383,4741,10.00,3.29,2.16,0
3,1463782319,4744,10.00,3.30,2.16,0
3,1463783254,4756,10.00,3.29,2.16,0
3,1463784190,4770,10.00,3.29,2.15,0
3,1463785125,4744,10.00,3.29,2.18,0
3,1463786060,4741,10.00,3.30,2.16,0
3,1463786995,4751,10.00,3.29,2.16,0
3,1463787931,4761,10.00,3.29,2.16,0
3,1463788866,4762,10.00,3.29,2.18,0
3,1463789801,4759,10.00,3.29,2.14,0
3,1463790737,4749,10.00,3.30,2.15,0
3,1463791672,4745,10.00,3.30,2.15,0
3,1463792608,4740,10.00,3.30,2.18,0
3,1463793543,4739,9.00,3.30,2.16,0
3,1463794478,4737,9.00,3.30,2.17,0
3,1463795413,4737,9.00,3.30,2.16,0
3,1463796348,4736,9.00,3.30,2.15,0
3,1463797283,4737,9.00,3.30,2.18,0
3,1463798218,4736,9.00,3.29,2.18,0
3,1463799153,4736,9.00,3.30,2.16,0
3,1463800088,4736,9.00,3.30,2.16,0
3,1463801023,4736,9.00,3.29,2.18,0
3,1463801959,4734,10.00,3.30,2.16,0
3,1463802894,4734,10.00,3.30,2.16,0
3,1463803829,4734,9.00,3.29,2.18,0
3,1463804764,4734,9.00,3.30,2.19,0
3,1463805699,4734,9.00,3.30,2.18,0
3,1463806634,4733,9.00,3.29,2.18,0
3,1463807569,4732,8.00,3.30,2.16,0
3,1463808504,4731,8.00,3.29,2.15,0
3,1463809438,4731,7.00,3.30,2.18,0
3,1463810372,4730,7.00,3.30,2.19,0
3,1463811306,4729,7.00,3.29,2.15,0
3,1463812240,4728,6.00,3.30,2.18,0
3,1463813174,4727,6.00,3.30,2.18,0
3,1463814108,4727,5.00,3.29,2.18,0
3,1463815041,4726,5.00,3.30,2.16,0
3,1463815975,4726,5.00,3.29,2.16,0
3,1463816908,4725,5.00,3.30,2.18,0
3,1463817841,4725,4.00,3.29,2.16,0
3,1463818774,4724,5.00,3.29,2.15,0
3,1463819708,4723,4.00,3.30,2.18,0
3,1463820641,4723,4.00,3.30,2.18,0
3,1463821574,4722,4.00,3.30,2.15,0
3,1463822507,4722,4.00,3.29,2.18,0
3,1463823440,4721,4.00,3.30,2.18,0
3,1463824373,4722,4.00,3.30,2.16,0
3,1463825306,4722,4.00,3.30,2.15,0
3,1463826239,4723,4.00,3.30,2.18,0
3,1463827172,4724,4.00,3.30,2.18,0
3,1463828105,4727,4.00,3.30,2.18,0
3,1463829038,4725,4.00,3.30,2.15,0
3,1463829971,4727,4.00,3.30,2.16,0
3,1463830904,4725,4.00,3.30,2.16,0
3,1463831837,4723,4.00,3.30,2.16,0
3,1463832770,4723,4.00,3.30,2.18,0
3,1463833703,4721,4.00,3.29,2.16,0
3,1463834636,4719,4.00,3.30,2.14,0
3,1463835569,4718,3.00,3.30,2.15,0
3,1463836501,4717,3.00,3.30,2.16,0
3,1463837434,4717,3.00,3.30,2.16,0
3,1463838367,4717,3.00,3.30,2.16,0
3,1463839300,4717,3.00,3.30,2.18,0
3,1463840232,4717,4.00,3.30,2.15,0
3,1463841165,4716,3.00,3.30,2.19,0
3,1463842098,4716,3.00,3.30,2.18,0
3,1463843031,4716,3.00,3.30,2.16,0
3,1463843963,4716,4.00,3.30,2.16,0
3,1463844896,4715,3.00,3.30,2.18,0
3,1463845829,4716,3.00,3.30,2.19,0
3,1463846762,4716,5.00,3.30,2.16,0
3,1463847695,4717,5.00,3.30,2.15,0
3,1463848628,4719,6.00,3.30,2.15,0
3,1463849562,4743,7.00,3.29,2.16,0
3,1463850496,4756,8.00,3.28,2.16,0
3,1463851431,4756,8.00,3.28,2.18,0
3,1463852365,4754,8.00,3.29,2.16,0
3,1463853300,4742,9.00,3.29,2.15,0
3,1463854235,4729,10.00,3.30,2.16,0
3,1463855170,4725,10.00,3.30,2.16,0
3,1463856105,4731,10.00,3.30,2.18,0
3,1463857041,4748,11.00,3.29,2.18,0
3,1463857977,4750,11.00,3.29,2.16,0
3,1463858912,4745,11.00,3.29,2.16,0
3,1463859848,4736,11.00,3.29,2.16,0
3,1463860784,4725,11.00,3.30,2.19,0
3,1463861720,4722,12.00,3.30,2.18,0
3,1463862657,4723,12.00,3.30,2.16,0
3,1463863593,4724,11.00,3.30,2.16,0
3,1463864529,4724,11.00,3.29,2.19,0
3,1463865465,4725,11.00,3.30,2.15,0
3,1463866400,4725,10.00,3.30,2.16,0
3,1463867336,4725,10.00,3.30,2.18,0
3,1463868271,4725,10.00,3.29,2.16,0
3,1463869207,4725,10.00,3.30,2.18,0
3,1463870143,4725,10.00,3.29,2.19,0
3,1463871078,4725,9.00,3.30,2.16,0
3,1463872013,4725,9.00,3.30,2.19,0
3,1463872948,4724,9.00,3.30,2.18,0
3,1463873883,4724,8.00,3.30,2.15,0
3,1463874817,4724,7.00,3.30,2.15,0
3,1463875752,4723,7.00,3.30,2.18,0
3,1463876686,4723,7.00,3.30,2.18,0
3,1463877620,4723,7.00,3.30,2.16,0
3,1463878555,4722,8.00,3.30,2.16,0
3,1463879490,4722,8.00,3.30,2.19,0
3,1463880424,4722,8.00,3.29,2.18,0
3,1463881359,4722,8.00,3.29,2.18,0
3,1463882294,4722,9.00,3.29,2.16,0
3,1463883229,4722,9.00,3.30,2.16,0
3,1463884164,4722,9.00,3.30,2.18,0
3,1463885099,4722,9.00,3.30,2.18,0
3,1463886034,4722,9.00,3.30,2.18,0
3,1463886969,4722,8.00,3.30,2.16,0
3,1463887903,4722,7.00,3.30,2.18,0
3,1463888838,4722,7.00,3.29,2.15,0
3,1463889772,4721,7.00,3.30,2.18,0
3,1463890706,4721,7.00,3.30,2.16,0
3,1463891640,4721,6.00,3.30,2.15,0
3,1463892574,4720,7.00,3.30,2.16,0
3,1463893508,4720,7.00,3.30,2.16,0
3,1463894442,4720,7.00,3.29,2.18,0
3,1463895376,4719,6.00,3.30,2.15,0
3,1463896310,4719,6.00,3.30,2.16,0
3,1463897243,4719,5.00,3.30,2.16,0
3,1463898177,4718,5.00,3.29,2.16,0
3,1463899110,4716,4.00,3.30,2.16,0
3,1463900043,4716,4.00,3.30,2.16,0
3,1463900976,4714,4.00,3.30,2.16,0
3,1463901909,4715,3.00,3.30,2.16,0
3,1463902841,4715,3.00,3.30,2.15,0
3,1463903774,4714,3.00,3.30,2.16,0
3,1463904706,4713,3.00,3.30,2.16,0
3,1463905639,4713,3.00,3.30,2.15,0
3,1463906571,4712,2.00,3.30,2.16,0
3,1463907504,4711,3.00,3.29,2.16,0
3,1463908436,4711,2.00,3.29,2.16,0
3,1463909368,4711,2.00,3.30,2.16,0
3,1463910300,4710,2.00,3.30,2.16,0
3,1463911233,4710,2.00,3.29,2.16,0
3,1463912165,4710,2.00,3.29,2.16,0
3,1463913097,4709,1.00,3.29,2.16,0
3,1463914029,4708,1.00,3.29,2.18,0
3,1463914960,4708,1.00,3.29,2.16,0
3,1463915892,4708,1.00,3.29,2.16,0
3,1463916824,4707,1.00,3.29,2.16,0
3,1463917756,4707,1.00,3.29,2.16,0
3,1463918688,4707,1.00,3.29,2.15,0
3,1463919620,4707,2.00,3.29,2.18,0
3,1463920552,4700,1.00,3.28,2.16,0
3,1463921484,4683,1.00,3.29,2.18,0
3,1463922416,4674,1.00,3.27,2.17,0
3,1463923347,4670,1.00,3.24,2.17,0
3,1463924279,4668,1.00,3.25,2.16,0
3,1463925211,4666,1.00,3.24,2.17,0
3,1463926142,4665,1.00,3.24,2.18,0
3,1463927074,4663,1.00,3.22,2.17,0
3,1463928005,4662,1.00,3.22,2.17,0
3,1463928937,4661,1.00,3.21,2.18,0
3,1463929868,4660,1.00,3.22,2.18,0
3,1463930800,4659,1.00,3.22,2.17,0
3,1463931732,4658,1.00,3.20,2.16,0
3,1463932663,4657,1.00,3.20,2.17,0
3,1463933595,4656,1.00,3.19,2.17,0
3,1463934526,4655,1.00,3.19,2.16,0
3,1463935458,4654,1.00,3.18,2.16,0
3,1463936389,4654,1.00,3.18,2.17,0
3,1463937320,4653,1.00,3.17,2.17,0
3,1463938252,4652,2.00,3.16,2.17,0
3,1463939184,4652,2.00,3.17,2.17,0
3,1463940116,4652,2.00,3.16,2.17,0
3,1463941048,4652,2.00,3.17,2.16,0
3,1463941980,4652,3.00,3.16,2.16,0
3,1463942912,4652,3.00,3.16,2.17,0
3,1463943844,4653,3.00,3.15,2.17,0
3,1463944776,4653,4.00,3.15,2.17,0
3,1463945709,4653,4.00,3.15,2.17,0
3,1463946642,4653,4.00,3.15,2.17,0
3,1463947574,4652,4.00,3.15,2.17,0
3,1463948507,4651,4.00,3.16,2.17,0
3,1463949440,4652,5.00,3.15,2.17,0
3,1463950372,4652,4.00,3.15,2.17,0
3,1463951305,4651,4.00,3.15,2.17,0
3,1463952238,4651,5.00,3.15,2.16,0
3,1463953171,4651,5.00,3.15,2.17,0
3,1463954104,4651,5.00,3.15,2.17,0
3,1463955037,4651,6.00,3.15,2.17,0
3,1463955971,4650,8.00,3.16,2.17,0
3,1463956905,4650,8.00,3.16,2.17,0
3,1463957839,4651,8.00,3.17,2.17,0
3,1463958774,4652,8.00,3.17,2.17,0
3,1463959708,4651,9.00,3.17,2.16,0
3,1463960642,4651,9.00,3.17,2.16,0
3,1463961577,4652,8.00,3.17,2.17,0
3,1463962511,4652,8.00,3.17,2.17,0
3,1463963445,4652,8.00,3.17,2.16,0
3,1463964380,4653,8.00,3.18,2.16,0
3,1463965314,4653,8.00,3.18,2.17,0
3,1463966248,4653,8.00,3.18,2.17,0
3,1463967182,4653,8.00,3.17,2.17,0
3,1463968116,4653,8.00,3.17,2.17,0
3,1463969050,4653,7.00,3.16,2.16,0
3,1463969984,4653,7.00,3.19,2.16,0
3,1463970918,4653,7.00,3.17,2.17,0
3,1463971852,4653,7.00,3.17,2.17,0
3,1463972786,4651,7.00,3.18,2.17,0
3,1463973721,4651,8.00,3.18,2.18,0
3,1463974655,4651,8.00,3.18,2.16,0
3,1463975589,4651,8.00,3.18,2.16,0
3,1463976523,4652,8.00,3.18,2.16,0
3,1463977457,4651,7.00,3.18,2.17,0
3,1463978391,4651,6.00,3.18,2.16,0
3,1463979325,4651,7.00,3.18,2.17,0
3,1463980258,4651,7.00,3.18,2.16,0
3,1463981192,4650,6.00,3.18,2.17,0
3,1463982125,4650,6.00,3.18,2.18,0
3,1463983059,4649,5.00,3.16,2.16,0
3,1463983992,4649,5.00,3.18,2.16,0
3,1463984925,4649,4.00,3.17,2.16,0
3,1463985858,4648,4.00,3.17,2.17,0
3,1463986791,4648,4.00,3.17,2.16,0
3,1463987723,4648,4.00,3.17,2.16,0
3,1463988656,4647,4.00,3.17,2.16,0
3,1463989588,4645,3.00,3.16,2.17,0
3,1463990521,4644,3.00,3.16,2.17,0
3,1463991453,4643,2.00,3.15,2.17,0
3,1463992385,4644,2.00,3.14,2.18,0
3,1463993316,4644,1.00,3.14,2.17,0
3,1463994248,4644,1.00,3.14,2.17,0
3,1463995179,4644,1.00,3.14,2.17,0
3,1463996111,4643,1.00,3.13,2.17,0
3,1463997042,4643,0.00,3.13,2.17,0
3,1463997974,4643,1.00,3.12,2.17,0
3,1463998905,4643,1.00,3.13,2.18,0
3,1463999836,4643,0.00,3.11,2.17,0
3,1464000768,4642,0.00,3.12,2.17,0
3,1464001699,4641,0.00,3.11,2.17,0
3,1464002630,4642,1.00,3.11,2.17,0
3,1464003561,4641,1.00,3.10,2.17,0
3,1464004493,4641,0.00,3.11,2.17,0
3,1464005424,4641,0.00,3.10,2.17,0
3,1464006355,4640,0.00,3.10,2.17,0
3,1464007286,4641,0.00,3.10,2.17,0
3,1464008217,4640,0.00,3.10,2.17,0
3,1464009148,4637,0.00,3.10,2.17,0
3,1464010079,4636,0.00,3.10,2.16,0
3,1464011009,4636,0.00,3.09,2.17,0
3,1464011940,4637,-1.00,3.09,2.17,0
3,1464012870,4638,-1.00,3.08,2.17,0
3,1464013800,4637,-1.00,3.08,2.16,0
3,1464014731,4638,-1.00,3.08,2.17,0
3,1464015661,4638,-1.00,3.07,2.17,0
3,1464016591,4639,-1.00,3.07,2.17,0
3,1464017521,4638,-1.00,3.07,2.16,0
3,1464018451,4639,-1.00,3.07,2.17,0
3,1464019382,4638,-1.00,3.07,2.16,0
3,1464020312,4639,-1.00,3.07,2.16,0
3,1464021242,4639,-1.00,3.07,2.17,0
3,1464022173,4640,-1.00,3.07,2.17,0
3,1464023103,4639,0.00,3.06,2.17,0
3,1464024033,4640,-1.00,3.07,2.17,0
3,1464024964,4640,0.00,3.06,2.17,0
3,1464025894,4639,0.00,3.06,2.17,0
3,1464026825,4639,0.00,3.07,2.17,0
3,1464027755,4639,0.00,3.07,2.17,0
3,1464028686,4640,0.00,3.07,2.16,0
3,1464029617,4639,0.00,3.07,2.16,0
3,1464030547,4640,0.00,3.07,2.17,0
3,1464031478,4639,0.00,3.07,2.17,0
3,1464032409,4640,0.00,3.06,2.17,0
3,1464033339,4640,0.00,3.07,2.16,0
3,1464034270,4640,0.00,3.07,2.16,0
3,1464035201,4641,0.00,3.07,2.17,0
3,1464036132,4641,0.00,3.07,2.17,0
3,1464037063,4641,0.00,3.08,2.17,0
3,1464037994,4642,0.00,3.08,2.17,0
3,1464038925,4642,0.00,3.07,2.17,0
3,1464039856,4643,0.00,3.08,2.17,0
3,1464040787,4644,0.00,3.08,2.17,0
3,1464041719,4645,0.00,3.08,2.17,0
3,1464042650,4646,0.00,3.08,2.17,0
3,1464043582,4648,0.00,3.09,2.18,0
3,1464044514,4648,0.00,3.09,2.17,0
3,1464045445,4648,3.00,3.10,2.17,0
3,1464046377,4648,2.00,3.09,2.17,0
3,1464047309,4648,2.00,3.10,2.17,0
3,1464048241,4649,3.00,3.09,2.17,0
3,1464049172,4649,2.00,3.09,2.17,0
3,1464050104,4650,2.00,3.09,2.17,0
3,1464051036,4650,2.00,3.09,2.17,0
3,1464051968,4650,3.00,3.09,2.17,0
3,1464052900,4650,3.00,3.09,2.17,0
3,1464053832,4651,3.00,3.10,2.17,0
3,1464054764,4652,3.00,3.10,2.17,0
3,1464054765,4652,3.00,3.10,2.17,1
3,1464055697,4652,3.00,3.10,2.17,0
3,1464056629,4652,2.00,3.09,2.17,0
3,1464057561,4652,3.00,3.10,2.17,0
3,1464058493,4652,3.00,3.10,2.16,0
3,1464059425,4652,3.00,3.10,2.17,0
3,1464060357,4652,3.00,3.09,2.17,0
3,1464061289,4652,3.00,3.10,2.17,0
3,1464062221,4651,3.00,3.10,2.17,0
3,1464063153,4652,3.00,3.10,2.17,0
3,1464064085,4652,2.00,3.10,2.17,0
3,1464065017,4651,2.00,3.10,2.17,0
3,1464065948,4650,2.00,3.10,2.17,0
3,1464066880,4650,1.00,3.08,2.17,0
3,1464067811,4649,1.00,3.09,2.17,0
3,1464068742,4648,1.00,3.09,2.17,0
3,1464069674,4647,1.00,3.09,2.17,0
3,1464070605,4643,1.00,3.08,2.17,0
3,1464071536,4641,1.00,3.08,2.17,0
3,1464072467,4640,0.00,3.08,2.17,0
3,1464073398,4640,0.00,3.08,2.17,0
3,1464074329,4640,0.00,3.08,2.17,0
3,1464075260,4640,0.00,3.08,2.16,0
3,1464076190,4640,0.00,3.07,2.18,0
3,1464077121,4641,0.00,3.07,2.17,0
3,1464078051,4641,0.00,3.07,2.17,0
3,1464078982,4641,0.00,3.07,2.16,0
3,1464079912,4641,0.00,3.07,2.17,0
3,1464080843,4641,-1.00,3.06,2.17,0
3,1464081773,4640,-1.00,3.07,2.17,0
3,1464082703,4640,-1.00,3.06,2.16,0
3,1464083633,4641,-1.00,3.06,2.17,0
3,1464084563,4640,-1.00,3.07,2.16,0
3,1464085493,4641,-1.00,3.06,2.17,0
3,1464086423,4641,-2.00,3.06,2.18,0
3,1464087353,4640,-1.00,3.06,2.16,0
3,1464088283,4641,-1.00,3.06,2.17,0
3,1464089213,4640,-1.00,3.06,2.17,0
3,1464090143,4641,-1.00,3.06,2.16,0
3,1464091073,4641,-1.00,3.06,2.16,0
3,1464092003,4640,-2.00,3.05,2.17,0
3,1464092933,4640,-2.00,3.05,2.17,0
3,1464093863,4640,-2.00,3.06,2.18,0
3,1464094793,4640,-2.00,3.05,2.17,0
3,1464095723,4640,-2.00,3.05,2.17,0
3,1464096653,4639,-3.00,3.06,2.17,0
3,1464097582,4639,-2.00,3.05,2.17,0
3,1464098512,4639,-2.00,3.06,2.17,0
3,1464099442,4639,-2.00,3.05,2.17,0
3,1464100371,4639,-2.00,3.04,2.17,0
3,1464101301,4640,-2.00,3.06,2.17,0
3,1464102231,4639,-2.00,3.05,2.17,0
3,1464103160,4639,-2.00,3.05,2.17,0
3,1464104090,4639,-1.00,3.05,2.17,0
3,1464105020,4640,-1.00,3.05,2.17,0
3,1464105951,4640,0.00,3.05,2.17,0
3,1464106881,4641,-1.00,3.06,2.17,0
3,1464107811,4642,0.00,3.06,2.17,0
3,1464108742,4642,0.00,3.05,2.17,0
3,1464109672,4642,0.00,3.06,2.17,0
3,1464110603,4643,0.00,3.06,2.17,0
3,1464111533,4643,-1.00,3.06,2.17,0
3,1464112464,4643,0.00,3.06,2.17,0
3,1464113394,4643,0.00,3.06,2.17,0
3,1464114325,4643,0.00,3.06,2.16,0
3,1464115255,4643,0.00,3.07,2.17,0
3,1464116186,4643,0.00,3.07,2.16,0
3,1464117117,4643,0.00,3.07,2.17,0
3,1464118048,4643,0.00,3.07,2.17,0
3,1464118979,4644,1.00,3.07,2.17,0
3,1464119910,4644,1.00,3.08,2.16,0
3,1464120842,4645,1.00,3.08,2.17,0
3,1464121773,4646,2.00,3.08,2.17,0
3,1464122705,4646,2.00,3.09,2.17,0
3,1464123636,4646,3.00,3.08,2.17,0
3,1464124568,4646,2.00,3.08,2.17,0
3,1464125500,4646,2.00,3.08,2.17,0
3,1464126432,4646,2.00,3.09,2.18,0
3,1464127364,4644,3.00,3.10,2.17,0
3,1464128296,4645,3.00,3.09,2.17,0
3,1464129228,4645,3.00,3.10,2.17,0
3,1464130160,4645,3.00,3.10,2.17,0
3,1464131092,4643,4.00,3.10,2.17,0
3,1464132025,4643,4.00,3.10,2.17,0
3,1464132958,4642,5.00,3.10,2.18,0
3,1464133890,4641,4.00,3.10,2.17,0
3,1464134823,4641,4.00,3.10,2.17,0
3,1464135755,4639,3.00,3.10,2.17,0
3,1464136687,4639,3.00,3.09,2.17,0
3,1464137619,4638,3.00,3.10,2.17,0
3,1464138551,4640,3.00,3.10,2.17,0
3,1464139483,4640,4.00,3.09,2.17,0
3,1464140416,4642,4.00,3.10,2.17,0
3,1464141348,4642,4.00,3.11,2.17,0
3,1464142281,4643,5.00,3.10,2.17,0
3,1464143214,4643,5.00,3.11,2.17,0
3,1464144146,4642,4.00,3.11,2.17,0
3,1464145079,4638,3.00,3.11,2.17,0
3,1464146010,4636,2.00,3.10,2.17,0
3,1464146942,4636,2.00,3.09,2.17,0
3,1464147873,4635,1.00,3.09,2.17,0
3,1464148805,4635,1.00,3.09,2.17,0
3,1464149736,4635,1.00,3.09,2.17,0
3,1464150668,4635,1.00,3.09,2.17,0
3,1464151599,4635,1.00,3.09,2.17,0
3,1464152530,4634,1.00,3.08,2.17,0
3,1464153461,4634,0.00,3.08,2.17,0
3,1464154392,4634,0.00,3.08,2.17,0
3,1464155323,4633,0.00,3.07,2.17,0
3,1464156254,4633,0.00,3.08,2.17,0
3,1464157185,4633,0.00,3.07,2.17,0
3,1464158115,4633,-1.00,3.07,2.17,0
3,1464159046,4633,0.00,3.07,2.17,0
3,1464159976,4633,0.00,3.06,2.17,0
3,1464160907,4633,0.00,3.07,2.17,0
3,1464161837,4633,0.00,3.07,2.17,0
3,1464162768,4632,0.00,3.07,2.16,0
3,1464163698,4633,-1.00,3.06,2.17,0
3,1464164628,4632,-1.00,3.06,2.17,0
3,1464165558,4632,-2.00,3.06,2.17,0
3,1464166488,4633,-2.00,3.06,2.17,0
3,1464167418,4633,-2.00,3.06,2.17,0
3,1464168348,4632,-1.00,3.06,2.17,0
3,1464169278,4632,-2.00,3.06,2.17,0
3,1464170208,4633,-2.00,3.05,2.17,0
3,1464171138,4633,-2.00,3.04,2.17,0
3,1464172068,4632,-1.00,3.05,2.17,0
3,1464172998,4632,-2.00,3.05,2.17,0
3,1464173928,4632,-2.00,3.05,2.18,0
3,1464174858,4632,-2.00,3.05,2.17,0
3,1464175788,4632,-2.00,3.06,2.17,0
3,1464176718,4632,-2.00,3.05,2.18,0
3,1464177647,4632,-2.00,3.05,2.17,0
3,1464178577,4632,-2.00,3.05,2.17,0
3,1464179507,4632,-2.00,3.05,2.17,0
3,1464180437,4632,-2.00,3.05,2.17,0
3,1464181367,4632,-2.00,3.05,2.18,0
3,1464182296,4632,-2.00,3.05,2.17,0
3,1464183226,4632,-2.00,3.05,2.17,0
3,1464184156,4632,-2.00,3.05,2.17,0
3,1464185086,4632,-2.00,3.05,2.17,0
3,1464186015,4632,-2.00,3.05,2.18,0
3,1464186945,4632,-2.00,3.05,2.17,0
3,1464187875,4632,-2.00,3.05,2.16,0
3,1464188805,4632,-2.00,3.04,2.17,0
3,1464189734,4632,-2.00,3.05,2.17,0
3,1464190664,4631,-2.00,3.05,2.16,0
3,1464191594,4631,-1.00,3.06,2.17,0
3,1464192524,4631,-1.00,3.04,2.16,0
3,1464193454,4632,-1.00,3.05,2.17,0
3,1464194384,4631,-1.00,3.05,2.18,0
3,1464195314,4632,-1.00,3.05,2.17,0
3,1464196245,4632,-1.00,3.05,2.17,0
3,1464197175,4631,-1.00,3.06,2.17,0
3,1464198105,4632,0.00,3.06,2.17,0
3,1464199035,4632,-1.00,3.06,2.17,0
3,1464199966,4632,0.00,3.06,2.17,0
3,1464200896,4631,0.00,3.05,2.16,0
3,1464201827,4632,0.00,3.06,2.17,0
3,1464202757,4633,0.00,3.06,2.16,0
3,1464203688,4633,0.00,3.06,2.17,0
3,1464204618,4634,0.00,3.06,2.17,0
3,1464205549,4634,0.00,3.06,2.16,0
3,1464206479,4634,0.00,3.07,2.18,0
3,1464207410,4634,0.00,3.07,2.17,0
3,1464208340,4634,0.00,3.06,2.17,0
3,1464209271,4634,0.00,3.06,2.17,0
3,1464210202,4635,0.00,3.06,2.17,0
3,1464211133,4635,0.00,3.07,2.18,0
3,1464212064,4635,0.00,3.07,2.17,0
3,1464212995,4635,0.00,3.07,2.17,0
3,1464213926,4636,0.00,3.07,2.17,0
3,1464214857,4636,1.00,3.07,2.17,0
3,1464215788,4637,1.00,3.07,2.16,0
3,1464216720,4638,2.00,3.08,2.17,0
3,1464217651,4639,2.00,3.08,2.17,0
3,1464218583,4639,3.00,3.09,2.17,0
3,1464219515,4639,3.00,3.09,2.17,0
3,1464220447,4639,4.00,3.09,2.17,0
3,1464221379,4638,4.00,3.09,2.17,0
3,1464222312,4638,4.00,3.10,2.17,0
3,1464223244,4638,5.00,3.09,2.17,0
3,1464224177,4638,5.00,3.10,2.17,0
3,1464225110,4638,5.00,3.10,2.17,0
3,1464226042,4638,5.00,3.11,2.17,0
3,1464226975,4638,5.00,3.11,2.17,0
3,1464226976,4638,5.00,3.11,2.17,1
3,1464227908,4639,5.00,3.11,2.17,0
3,1464228841,4639,4.00,3.10,2.17,0
3,1464229773,4639,4.00,3.10,2.17,0
3,1464230706,4638,4.00,3.10,2.17,0
3,1464231638,4638,4.00,3.11,2.17,0
3,1464232570,4638,4.00,3.10,2.17,0
3,1464233502,4638,4.00,3.10,2.17,0
3,1464234434,4638,3.00,3.10,2.17,0
3,1464235367,4638,3.00,3.10,2.17,0
3,1464236299,4637,3.00,3.11,2.17,0
3,1464237231,4636,2.00,3.09,2.17,0
3,1464238162,4636,1.00,3.09,2.17,0
3,1464239093,4636,1.00,3.08,2.17,0
3,1464240024,4635,0.00,3.08,2.17,0
3,1464240955,4635,1.00,3.08,2.17,0
3,1464241886,4635,0.00,3.08,2.17,0
3,1464242817,4635,0.00,3.08,2.16,0
3,1464243748,4635,0.00,3.07,2.17,0
3,1464244679,4635,0.00,3.08,2.17,0
3,1464245610,4635,0.00,3.07,2.17,0
3,1464246541,4635,0.00,3.07,2.17,0
3,1464247472,4635,0.00,3.07,2.17,0
3,1464248403,4635,0.00,3.07,2.16,0
3,1464249333,4635,0.00,3.07,2.16,0
3,1464250264,4635,0.00,3.07,2.17,0
3,1464251195,4635,0.00,3.07,2.17,0
3,1464252125,4635,0.00,3.07,2.17,0
3,1464253056,4634,0.00,3.07,2.17,0
3,1464253986,4634,0.00,3.07,2.17,0
3,1464254917,4635,0.00,3.07,2.16,0
3,1464255847,4634,0.00,3.07,2.17,0
3,1464256778,4634,0.00,3.07,2.17,0
3,1464257708,4635,0.00,3.07,2.17,0
3,1464258639,4634,0.00,3.06,2.17,0
3,1464259569,4634,0.00,3.07,2.17,0
3,1464260500,4634,0.00,3.07,2.17,0
3,1464261430,4634,0.00,3.06,2.17,0
3,1464262361,4634,0.00,3.06,2.17,0
3,1464263291,4634,0.00,3.06,2.17,0
3,1464264221,4634,0.00,3.06,2.17,0
3,1464265152,4634,0.00,3.06,2.18,0
3,1464266082,4634,0.00,3.06,2.17,0
3,1464267013,4634,0.00,3.07,2.17,0
3,1464267943,4634,0.00,3.06,2.17,0
3,1464268874,4634,0.00,3.06,2.17,0
3,1464269804,4634,0.00,3.06,2.18,0
3,1464270735,4634,0.00,3.06,2.16,0
3,1464271665,4634,0.00,3.06,2.17,0
3,1464272596,4634,0.00,3.06,2.17,0
3,1464273526,4634,0.00,3.07,2.17,0
3,1464274457,4634,-1.00,3.06,2.17,0
3,1464275387,4634,0.00,3.06,2.17,0
3,1464276317,4634,0.00,3.06,2.17,0
3,1464277248,4634,0.00,3.06,2.17,0
3,1464278178,4634,0.00,3.06,2.17,0
3,1464279109,4634,0.00,3.07,2.18,0
3,1464280039,4633,0.00,3.06,2.16,0
3,1464280970,4634,0.00,3.06,2.17,0
3,1464281900,4634,0.00,3.06,2.17,0
3,1464282831,4633,0.00,3.06,2.16,0
3,1464283761,4634,0.00,3.06,2.17,0
3,1464284692,4634,0.00,3.07,2.17,0
3,1464285623,4634,0.00,3.06,2.16,0
3,1464286553,4634,0.00,3.06,2.17,0
3,1464287484,4634,0.00,3.07,2.17,0
3,1464288415,4634,0.00,3.07,2.17,0
3,1464289346,4634,0.00,3.06,2.17,0
3,1464290276,4634,0.00,3.07,2.16,0
3,1464291207,4634,0.00,3.07,2.16,0
3,1464292138,4634,0.00,3.07,2.17,0
3,1464293069,4634,1.00,3.07,2.17,0
3,1464294000,4634,0.00,3.07,2.18,0
3,1464294931,4634,0.00,3.07,2.16,0
3,1464295862,4634,1.00,3.07,2.17,0
3,1464296793,4634,1.00,3.07,2.17,0
3,1464297724,4634,1.00,3.08,2.17,0
