102.4,1472080004,424,17.00,3.09,3.30,0
102.4,1472080067,424,17.00,3.09,3.30,0
102.4,1472080130,424,17.00,3.09,3.30,0
102.4,1472080193,424,17.00,3.09,3.30,0
102.4,1472080256,424,18.00,3.09,3.30,0
102.4,1472080319,424,17.00,3.09,3.30,0
102.4,1472080382,424,17.00,3.09,3.30,0
102.4,1472080445,424,18.00,3.09,3.30,0
102.4,1472080508,424,17.00,3.09,3.30,0
102.4,1472080571,424,17.00,3.09,3.30,0
102.4,1472080634,424,17.00,3.09,3.30,0
102.4,1472080697,424,18.00,3.09,3.30,0
102.4,1472080760,424,17.00,3.09,3.30,0
102.4,1472080823,424,17.00,3.09,3.30,0
102.4,1472080886,424,17.00,3.09,3.30,0
102.4,1472080949,424,18.00,3.09,3.30,0
102.4,1472081012,424,17.00,3.09,3.30,0
102.4,1472081075,424,17.00,3.09,3.30,0
102.4,1472081138,424,17.00,3.09,3.30,0
102.4,1472081201,423,17.00,3.09,3.30,0
102.4,1472081264,424,18.00,3.09,3.30,0
102.4,1472081327,424,17.00,3.09,3.30,0
102.4,1472081390,424,17.00,3.09,3.30,0
102.4,1472081453,424,17.00,3.09,3.30,0
102.4,1472081516,424,17.00,3.09,3.30,0
102.4,1472081579,424,17.00,3.09,3.30,0
102.4,1472081642,424,17.00,3.09,3.30,0
102.4,1472081705,424,18.00,3.09,3.30,0
102.4,1472081768,424,17.00,3.09,3.30,0
102.4,1472081831,424,17.00,3.09,3.30,0
102.4,1472081894,424,17.00,3.09,3.30,0
102.4,1472081957,424,17.00,3.09,3.30,0
102.4,1472082020,424,17.00,3.09,3.30,0
102.4,1472082083,424,17.00,3.09,3.30,0
102.4,1472082146,424,17.00,3.09,3.30,0
102.4,1472082209,424,16.00,3.09,3.30,0
102.4,1472082272,424,17.00,3.09,3.30,0
102.4,1472082335,424,17.00,3.09,3.30,0
102.4,1472082398,424,16.00,3.09,3.30,0
102.4,1472082461,424,17.00,3.09,3.30,0
102.4,1472082524,424,17.00,3.09,3.30,0
102.4,1472082587,424,16.00,3.09,3.30,0
102.4,1472082650,424,17.00,3.09,3.30,0
102.4,1472082713,424,17.00,3.09,3.30,0
102.4,1472082776,423,17.00,3.09,3.30,0
102.4,1472082839,424,17.00,3.09,3.30,0
102.4,1472082902,424,17.00,3.09,3.30,0
102.4,1472082965,424,17.00,3.09,3.30,0
102.4,1472083028,424,17.00,3.09,3.30,0
102.4,1472083091,424,17.00,3.09,3.30,0
102.4,1472083154,424,17.00,3.09,3.30,0
102.4,1472083217,424,17.00,3.09,3.30,0
102.4,1472083280,424,17.00,3.09,3.30,0
102.4,1472083343,424,17.00,3.09,3.30,0
102.4,1472083406,424,17.00,3.09,3.30,0
102.4,1472083469,424,17.00,3.09,3.30,0
102.4,1472083532,423,17.00,3.09,3.30,0
102.4,1472083595,424,17.00,3.09,3.30,0
102.4,1472083658,423,17.00,3.09,3.30,0
102.4,1472083721,424,17.00,3.09,3.30,0
102.4,1472083784,424,17.00,3.09,3.30,0
102.4,1472083847,423,17.00,3.09,3.30,0
102.4,1472083910,424,17.00,3.09,3.30,0
102.4,1472083973,424,17.00,3.09,3.30,0
102.4,1472084036,424,16.00,3.09,3.30,0
102.4,1472084099,424,17.00,3.09,3.30,0
102.4,1472084162,424,17.00,3.09,3.30,0
102.4,1472084225,424,17.00,3.09,3.30,0
102.4,1472084288,423,17.00,3.09,3.30,0
102.4,1472084351,424,17.00,3.09,3.30,0
102.4,1472084414,423,17.00,3.09,3.30,0
102.4,1472084477,423,17.00,3.09,3.30,0
102.4,1472084540,424,17.00,3.09,3.30,0
102.4,1472084603,423,17.00,3.09,3.30,0
102.4,1472084666,423,17.00,3.09,3.30,0
102.4,1472084729,423,17.00,3.09,3.30,0
102.4,1472084792,423,17.00,3.09,3.30,0
102.4,1472084855,423,17.00,3.09,3.30,0
102.4,1472084919,423,17.00,3.09,3.30,0
102.4,1472084982,423,16.00,3.09,3.30,0
102.4,1472085045,423,17.00,3.09,3.30,0
102.4,1472085108,423,17.00,3.09,3.30,0
102.4,1472085171,423,17.00,3.09,3.30,0
102.4,1472085234,423,17.00,3.09,3.30,0
102.4,1472085297,423,17.00,3.09,3.30,0
102.4,1472085360,423,16.00,3.09,3.30,0
102.4,1472085423,423,17.00,3.09,3.30,0
102.4,1472085486,423,17.00,3.09,3.30,0
102.4,1472085549,423,17.00,3.09,3.30,0
102.4,1472085612,423,17.00,3.09,3.30,0
102.4,1472085675,423,17.00,3.09,3.30,0
102.4,1472085738,423,17.00,3.09,3.30,0
102.4,1472085801,423,17.00,3.09,3.30,0
102.4,1472085864,422,17.00,3.09,3.30,0
102.4,1472085927,422,17.00,3.09,3.30,0
102.4,1472085991,423,17.00,3.09,3.30,0
102.4,1472086054,424,17.00,3.09,3.30,0
102.4,1472086117,424,17.00,3.09,3.30,0
102.4,1472086180,424,17.00,3.09,3.30,0
102.4,1472086243,424,17.00,3.09,3.30,0
102.4,1472086306,424,16.00,3.09,3.30,0
102.4,1472086369,424,17.00,3.09,3.30,0
102.4,1472086432,424,17.00,3.09,3.30,0
102.4,1472086495,424,17.00,3.09,3.30,0
102.4,1472086558,424,17.00,3.09,3.30,0
102.4,1472086621,424,17.00,3.09,3.30,0
102.4,1472086684,424,17.00,3.09,3.30,0
102.4,1472086747,424,16.00,3.09,3.30,0
102.4,1472086810,424,17.00,3.09,3.30,0
102.4,1472086873,424,17.00,3.09,3.30,0
102.4,1472086936,424,17.00,3.09,3.30,0
102.4,1472086999,424,17.00,3.09,3.30,0
102.4,1472087062,424,17.00,3.09,3.30,0
102.4,1472087125,424,17.00,3.09,3.30,0
102.4,1472087188,424,17.00,3.09,3.30,0
102.4,1472087251,424,17.00,3.09,3.30,0
102.4,1472087314,424,17.00,3.09,3.30,0
102.4,1472087377,424,17.00,3.09,3.30,0
102.4,1472087440,424,17.00,3.09,3.30,0
102.4,1472087503,424,17.00,3.09,3.30,0
102.4,1472087566,423,17.00,3.09,3.30,0
102.4,1472087629,424,17.00,3.09,3.30,0
102.4,1472087692,424,17.00,3.09,3.30,0
102.4,1472087755,424,17.00,3.09,3.30,0
102.4,1472087818,424,17.00,3.09,3.30,0
102.4,1472087881,424,17.00,3.09,3.30,0
102.4,1472087944,424,16.00,3.09,3.30,0
102.4,1472088007,424,16.00,3.09,3.30,0
102.4,1472088070,424,17.00,3.09,3.30,0
102.4,1472088133,424,17.00,3.09,3.30,0
102.4,1472088196,424,16.00,3.09,3.30,0
102.4,1472088259,423,16.00,3.09,3.30,0
102.4,1472088322,424,17.00,3.09,3.30,0
102.4,1472088385,424,17.00,3.09,3.30,0
102.4,1472088448,424,17.00,3.09,3.30,0
102.4,1472088511,424,17.00,3.09,3.30,0
102.4,1472088574,424,16.00,3.09,3.30,0
102.4,1472088637,424,17.00,3.09,3.30,0
102.4,1472088700,424,17.00,3.09,3.30,0
102.4,1472088763,423,17.00,3.09,3.30,0
102.4,1472088826,424,17.00,3.09,3.30,0
102.4,1472088889,424,17.00,3.09,3.30,0
102.4,1472088952,424,17.00,3.09,3.30,0
102.4,1472089015,424,17.00,3.09,3.30,0
102.4,1472089078,424,17.00,3.09,3.30,0
102.4,1472089141,424,17.00,3.09,3.30,0
102.4,1472089204,424,16.00,3.09,3.30,0
102.4,1472089267,424,17.00,3.09,3.30,0
102.4,1472089330,424,17.00,3.09,3.30,0
102.4,1472089393,424,17.00,3.09,3.30,0
102.4,1472089456,424,16.00,3.09,3.30,0
102.4,1472089519,424,17.00,3.09,3.30,0
102.4,1472089582,424,17.00,3.09,3.30,0
102.4,1472089645,424,16.00,3.09,3.30,0
102.4,1472089708,424,17.00,3.09,3.30,0
102.4,1472089771,424,16.00,3.09,3.30,0
102.4,1472089834,424,17.00,3.09,3.30,0
102.4,1472089897,424,17.00,3.09,3.30,0
102.4,1472089960,424,17.00,3.09,3.30,0
102.4,1472090023,424,16.00,3.09,3.30,0
102.4,1472090086,424,17.00,3.09,3.30,0
102.4,1472090149,424,17.00,3.09,3.30,0
102.4,1472090212,424,17.00,3.09,3.30,0
102.4,1472090275,424,17.00,3.09,3.30,0
102.4,1472090338,423,17.00,3.09,3.30,0
102.4,1472090401,424,17.00,3.09,3.30,0
102.4,1472090464,424,17.00,3.09,3.30,0
102.4,1472090527,424,17.00,3.09,3.30,0
102.4,1472090590,424,17.00,3.09,3.30,0
102.4,1472090653,424,17.00,3.09,3.30,0
102.4,1472090716,424,17.00,3.09,3.30,0
102.4,1472090779,424,17.00,3.09,3.30,0
102.4,1472090842,424,17.00,3.09,3.30,0
102.4,1472090905,424,17.00,3.09,3.30,0
102.4,1472090968,424,17.00,3.09,3.30,0
102.4,1472091031,424,17.00,3.09,3.30,0
102.4,1472091094,424,17.00,3.09,3.30,0
102.4,1472091157,424,17.00,3.09,3.30,0
102.4,1472091220,423,16.00,3.09,3.30,0
102.4,1472091283,424,16.00,3.09,3.30,0
102.4,1472091346,424,17.00,3.09,3.30,0
102.4,1472091408,424,17.00,3.09,3.30,0
102.4,1472091471,424,17.00,3.09,3.30,0
102.4,1472091534,424,17.00,3.09,3.30,0
102.4,1472091597,424,17.00,3.09,3.30,0
102.4,1472091660,424,17.00,3.09,3.30,0
102.4,1472091723,424,17.00,3.09,3.30,0
102.4,1472091786,424,17.00,3.09,3.30,0
102.4,1472091849,424,17.00,3.09,3.30,0
102.4,1472091912,423,17.00,3.09,3.30,0
102.4,1472091975,424,17.00,3.09,3.30,0
102.4,1472092038,424,17.00,3.09,3.30,0
102.4,1472092101,423,16.00,3.09,3.30,0
102.4,1472092164,424,17.00,3.09,3.30,0
102.4,1472092227,424,17.00,3.09,3.30,0
102.4,1472092291,424,17.00,3.09,3.30,0
102.4,1472092354,424,16.00,3.09,3.30,0
102.4,1472092417,423,17.00,3.09,3.30,0
102.4,1472092480,424,17.00,3.09,3.30,0
102.4,1472092543,424,17.00,3.09,3.30,0
102.4,1472092606,424,17.00,3.09,3.30,0
102.4,1472092669,424,17.00,3.09,3.30,0
102.4,1472092732,424,17.00,3.09,3.30,0
102.4,1472092795,424,16.00,3.09,3.30,0
102.4,1472092858,424,17.00,3.09,3.30,0
102.4,1472092921,424,17.00,3.09,3.30,0
102.4,1472092984,424,17.00,3.09,3.30,0
102.4,1472093047,423,16.00,3.09,3.30,0
102.4,1472093110,424,16.00,3.09,3.30,0
102.4,1472093173,424,17.00,3.09,3.30,0
102.4,1472093236,423,17.00,3.09,3.30,0
102.4,1472093299,423,17.00,3.09,3.30,0
102.4,1472093362,423,17.00,3.09,3.30,0
102.4,1472093425,423,17.00,3.09,3.30,0
102.4,1472093489,423,17.00,3.09,3.30,0
102.4,1472093552,423,17.00,3.09,3.30,0
102.4,1472093615,423,17.00,3.09,3.30,0
102.4,1472093678,423,17.00,3.09,3.30,0
102.4,1472093741,423,17.00,3.09,3.30,0
102.4,1472093804,423,16.00,3.09,3.30,0
102.4,1472093867,423,17.00,3.09,3.30,0
102.4,1472093930,423,17.00,3.09,3.30,0
102.4,1472093993,423,17.00,3.09,3.30,0
102.4,1472094056,423,16.00,3.09,3.30,0
102.4,1472094119,423,17.00,3.09,3.30,0
102.4,1472094182,423,17.00,3.09,3.30,0
102.4,1472094245,424,17.00,3.09,3.30,0
102.4,1472094308,423,17.00,3.09,3.30,0
102.4,1472094371,423,16.00,3.09,3.30,0
102.4,1472094434,423,17.00,3.09,3.30,0
102.4,1472094497,423,17.00,3.09,3.30,0
102.4,1472094560,423,16.00,3.09,3.30,0
102.4,1472094623,423,17.00,3.09,3.30,0
102.4,1472094686,423,17.00,3.09,3.30,0
102.4,1472094749,423,17.00,3.09,3.30,0
102.4,1472094812,423,16.00,3.09,3.30,0
102.4,1472094875,423,17.00,3.09,3.30,0
102.4,1472094938,423,16.00,3.09,3.30,0
102.4,1472095001,423,17.00,3.09,3.30,0
102.4,1472095064,423,17.00,3.09,3.30,0
102.4,1472095127,423,17.00,3.09,3.30,0
102.4,1472095190,423,17.00,3.09,3.30,0
102.4,1472095253,423,16.00,3.09,3.30,0
102.4,1472095316,422,17.00,3.09,3.30,0
102.4,1472095316,422,17.00,3.09,3.30,1
102.4,1472095379,422,16.00,3.09,3.30,0
102.4,1472095442,422,17.00,3.09,3.30,0
102.4,1472095506,423,17.00,3.09,3.30,0
102.4,1472095569,424,17.00,3.09,3.30,0
102.4,1472095632,424,17.00,3.09,3.30,0
102.4,1472095695,424,16.00,3.09,3.30,0
102.4,1472095758,424,16.00,3.09,3.30,0
102.4,1472095821,424,17.00,3.09,3.30,0
102.4,1472095884,424,17.00,3.09,3.30,0
102.4,1472095947,424,17.00,3.09,3.30,0
102.4,1472096010,424,17.00,3.09,3.30,0
102.4,1472096073,424,17.00,3.09,3.30,0
102.4,1472096136,424,17.00,3.09,3.30,0
102.4,1472096199,424,17.00,3.09,3.30,0
102.4,1472096262,424,17.00,3.09,3.30,0
102.4,1472096325,424,17.00,3.09,3.30,0
102.4,1472096388,424,17.00,3.09,3.30,0
102.4,1472096451,424,17.00,3.09,3.30,0
102.4,1472096514,424,17.00,3.09,3.30,0
102.4,1472096577,424,17.00,3.09,3.30,0
102.4,1472096640,424,17.00,3.09,3.30,0
102.4,1472096703,424,16.00,3.09,3.30,0
102.4,1472096766,424,17.00,3.09,3.30,0
102.4,1472096829,424,16.00,3.09,3.30,0
102.4,1472096892,424,17.00,3.09,3.30,0
102.4,1472096955,424,16.00,3.09,3.30,0
102.4,1472097018,424,17.00,3.09,3.30,0
102.4,1472097081,424,17.00,3.09,3.30,0
102.4,1472097144,424,17.00,3.09,3.30,0
102.4,1472097207,424,17.00,3.09,3.30,0
102.4,1472097270,424,17.00,3.09,3.30,0
102.4,1472097333,424,16.00,3.09,3.30,0
102.4,1472097396,424,16.00,3.09,3.30,0
102.4,1472097459,424,16.00,3.09,3.30,0
102.4,1472097522,424,16.00,3.09,3.30,0
102.4,1472097585,424,17.00,3.09,3.30,0
102.4,1472097648,424,17.00,3.09,3.30,0
102.4,1472097711,424,17.00,3.09,3.30,0
102.4,1472097774,424,17.00,3.09,3.30,0
102.4,1472097837,424,17.00,3.09,3.30,0
102.4,1472097900,424,17.00,3.09,3.30,0
102.4,1472097963,424,17.00,3.09,3.30,0
102.4,1472098026,424,17.00,3.09,3.30,0
102.4,1472098089,424,17.00,3.09,3.30,0
102.4,1472098152,424,17.00,3.09,3.30,0
102.4,1472098215,424,17.00,3.09,3.30,0
102.4,1472098278,424,17.00,3.09,3.30,0
102.4,1472098341,424,17.00,3.09,3.30,0
102.4,1472098404,424,17.00,3.09,3.30,0
102.4,1472098467,424,17.00,3.09,3.30,0
102.4,1472098530,424,17.00,3.09,3.30,0
102.4,1472098593,424,17.00,3.09,3.30,0
102.4,1472098656,424,17.00,3.09,3.30,0
102.4,1472098719,424,17.00,3.09,3.30,0
102.4,1472098782,424,17.00,3.09,3.30,0
102.4,1472098845,424,17.00,3.09,3.30,0
102.4,1472098908,424,17.00,3.09,3.30,0
102.4,1472098971,424,17.00,3.09,3.30,0
102.4,1472099034,424,17.00,3.09,3.30,0
102.4,1472099097,424,17.00,3.09,3.30,0
102.4,1472099160,424,17.00,3.09,3.30,0
102.4,1472099223,424,17.00,3.08,3.30,0
102.4,1472099286,424,17.00,3.09,3.30,0
102.4,1472099349,424,17.00,3.09,3.30,0
102.4,1472099412,424,17.00,3.09,3.30,0
102.4,1472099475,424,17.00,3.09,3.30,0
102.4,1472099538,424,17.00,3.09,3.30,0
102.4,1472099601,424,17.00,3.09,3.30,0
102.4,1472099664,424,17.00,3.09,3.30,0
102.4,1472099727,424,17.00,3.09,3.30,0
102.4,1472099790,424,17.00,3.09,3.30,0
102.4,1472099853,424,16.00,3.09,3.30,0
102.4,1472099916,424,17.00,3.09,3.30,0
102.4,1472099979,424,17.00,3.09,3.30,0
102.4,1472100042,424,17.00,3.09,3.30,0
102.4,1472100105,424,17.00,3.09,3.30,0
102.4,1472100168,424,16.00,3.09,3.30,0
102.4,1472100231,424,17.00,3.09,3.30,0
102.4,1472100294,424,17.00,3.09,3.30,0
102.4,1472100357,424,17.00,3.09,3.30,0
102.4,1472100420,424,17.00,3.09,3.30,0
102.4,1472100483,424,17.00,3.09,3.30,0
102.4,1472100546,424,17.00,3.09,3.30,0
102.4,1472100609,424,17.00,3.09,3.30,0
102.4,1472100672,424,17.00,3.09,3.30,0
102.4,1472100735,424,17.00,3.09,3.30,0
102.4,1472100798,424,17.00,3.09,3.30,0
102.4,1472100861,424,17.00,3.09,3.30,0
102.4,1472100924,424,16.00,3.09,3.30,0
102.4,1472100986,424,17.00,3.09,3.30,0
102.4,1472101049,424,16.00,3.09,3.30,0
102.4,1472101112,424,17.00,3.09,3.30,0
102.4,1472101176,424,17.00,3.09,3.30,0
102.4,1472101239,424,17.00,3.09,3.30,0
102.4,1472101302,424,17.00,3.09,3.30,0
102.4,1472101365,424,17.00,3.09,3.30,0
102.4,1472101428,424,16.00,3.09,3.30,0
102.4,1472101490,424,17.00,3.09,3.30,0
102.4,1472101553,424,17.00,3.09,3.30,0
102.4,1472101616,424,17.00,3.09,3.30,0
102.4,1472101679,424,17.00,3.09,3.30,0
102.4,1472101742,424,17.00,3.09,3.30,0
102.4,1472101805,424,17.00,3.09,3.30,0
102.4,1472101868,424,17.00,3.09,3.30,0
102.4,1472101931,424,17.00,3.09,3.30,0
102.4,1472101994,424,17.00,3.09,3.30,0
102.4,1472102057,424,17.00,3.09,3.30,0
102.4,1472102121,424,17.00,3.08,3.30,0
102.4,1472102184,424,17.00,3.09,3.30,0
102.4,1472102247,424,17.00,3.09,3.30,0
102.4,1472102310,424,17.00,3.09,3.30,0
102.4,1472102373,424,17.00,3.09,3.30,0
102.4,1472102436,424,16.00,3.09,3.30,0
102.4,1472102499,424,17.00,3.09,3.30,0
102.4,1472102561,424,17.00,3.09,3.30,0
102.4,1472102624,424,16.00,3.09,3.30,0
102.4,1472102687,424,17.00,3.09,3.30,0
102.4,1472102750,424,16.00,3.09,3.30,0
102.4,1472102813,424,17.00,3.09,3.30,0
102.4,1472102876,424,17.00,3.09,3.30,0
102.4,1472102939,424,17.00,3.09,3.30,0
102.4,1472103002,424,17.00,3.09,3.30,0
102.4,1472103065,424,17.00,3.09,3.30,0
102.4,1472103128,424,17.00,3.08,3.30,0
102.4,1472103191,424,17.00,3.09,3.30,0
102.4,1472103254,424,17.00,3.09,3.30,0
102.4,1472103317,424,17.00,3.09,3.30,0
102.4,1472103380,424,16.00,3.08,3.30,0
102.4,1472103444,424,16.00,3.09,3.30,0
102.4,1472103507,424,17.00,3.09,3.30,0
102.4,1472103570,424,17.00,3.08,3.30,0
102.4,1472103633,424,17.00,3.09,3.30,0
102.4,1472103696,424,17.00,3.09,3.30,0
102.4,1472103759,424,16.00,3.09,3.30,0
102.4,1472103822,424,17.00,3.09,3.30,0
102.4,1472103885,424,16.00,3.09,3.30,0
102.4,1472103948,424,17.00,3.09,3.30,0
102.4,1472104011,424,17.00,3.09,3.30,0
102.4,1472104074,424,17.00,3.09,3.30,0
102.4,1472104137,424,17.00,3.09,3.30,0
102.4,1472104200,424,17.00,3.09,3.30,0
102.4,1472104263,424,17.00,3.09,3.30,0
102.4,1472104326,423,17.00,3.09,3.30,0
102.4,1472104389,423,16.00,3.08,3.30,0
102.4,1472104452,423,16.00,3.09,3.30,0
102.4,1472104515,423,16.00,3.09,3.30,0
102.4,1472104578,423,17.00,3.09,3.30,0
102.4,1472104641,423,17.00,3.09,3.30,0
102.4,1472104704,127,16.00,3.08,3.30,0
102.4,1472104768,423,16.00,3.09,3.30,0
102.4,1472104831,424,17.00,3.09,3.30,0
102.4,1472104894,424,17.00,3.09,3.30,0
102.4,1472104957,424,17.00,3.09,3.30,0
102.4,1472105020,424,17.00,3.09,3.30,0
102.4,1472105083,424,17.00,3.08,3.30,0
102.4,1472105146,424,17.00,3.09,3.30,0
102.4,1472105209,424,17.00,3.08,3.30,0
102.4,1472105272,424,16.00,3.08,3.30,0
102.4,1472105335,424,17.00,3.09,3.30,0
102.4,1472105398,424,17.00,3.09,3.30,0
102.4,1472105461,424,17.00,3.08,3.30,0
102.4,1472105524,424,17.00,3.09,3.30,0
102.4,1472105587,424,16.00,3.09,3.30,0
102.4,1472105650,424,17.00,3.09,3.30,0
102.4,1472105713,424,17.00,3.09,3.30,0
102.4,1472105776,424,17.00,3.08,3.30,0
102.4,1472105839,424,17.00,3.09,3.30,0
102.4,1472105902,424,17.00,3.09,3.30,0
102.4,1472105965,424,17.00,3.08,3.30,0
102.4,1472106028,424,16.00,3.09,3.30,0
102.4,1472106091,424,17.00,3.09,3.30,0
102.4,1472106154,424,17.00,3.09,3.30,0
102.4,1472106217,424,16.00,3.09,3.30,0
102.4,1472106280,424,16.00,3.08,3.30,0
102.4,1472106343,424,17.00,3.08,3.30,0
102.4,1472106406,424,17.00,3.08,3.30,0
102.4,1472106469,424,17.00,3.09,3.30,0
102.4,1472106532,424,17.00,3.08,3.30,0
102.4,1472106595,424,17.00,3.08,3.30,0
102.4,1472106658,424,17.00,3.08,3.30,0
102.4,1472106720,424,17.00,3.08,3.30,0
102.4,1472106783,424,17.00,3.09,3.30,0
102.4,1472106846,424,17.00,3.08,3.30,0
102.4,1472106909,424,16.00,3.08,3.30,0
102.4,1472106972,424,17.00,3.08,3.30,0
102.4,1472107035,424,17.00,3.08,3.30,0
102.4,1472107098,424,16.00,3.08,3.30,0
102.4,1472107161,424,17.00,3.09,3.30,0
102.4,1472107224,424,16.00,3.08,3.30,0
102.4,1472107287,424,17.00,3.08,3.30,0
102.4,1472107350,424,16.00,3.08,3.30,0
102.4,1472107413,424,16.00,3.08,3.30,0
102.4,1472107476,424,16.00,3.09,3.30,0
102.4,1472107539,424,17.00,3.08,3.30,0
102.4,1472107602,424,17.00,3.08,3.30,0
102.4,1472107665,424,17.00,3.09,3.30,0
102.4,1472107728,424,17.00,3.08,3.30,0
102.4,1472107791,424,17.00,3.09,3.30,0
102.4,1472107854,424,17.00,3.08,3.30,0
102.4,1472107917,424,16.00,3.08,3.30,0
102.4,1472107980,424,17.00,3.08,3.30,0
102.4,1472108043,424,16.00,3.08,3.30,0
102.4,1472108106,424,17.00,3.08,3.30,0
102.4,1472108169,424,16.00,3.09,3.30,0
102.4,1472108232,424,17.00,3.09,3.30,0
102.4,1472108295,424,17.00,3.09,3.30,0
102.4,1472108358,424,17.00,3.08,3.30,0
102.4,1472108421,424,17.00,3.08,3.30,0
102.4,1472108484,424,16.00,3.08,3.30,0
102.4,1472108547,424,16.00,3.08,3.30,0
102.4,1472108610,424,17.00,3.08,3.30,0
102.4,1472108673,424,17.00,3.08,3.30,0
102.4,1472108736,424,17.00,3.08,3.30,0
102.4,1472108799,424,17.00,3.08,3.30,0
102.4,1472108862,424,17.00,3.08,3.30,0
102.4,1472108925,424,16.00,3.08,3.30,0
102.4,1472108988,424,17.00,3.08,3.30,0
102.4,1472109051,424,17.00,3.08,3.30,0
102.4,1472109114,424,17.00,3.08,3.30,0
102.4,1472109177,424,17.00,3.08,3.30,0
102.4,1472109240,424,17.00,3.08,3.30,0
102.4,1472109303,424,17.00,3.08,3.30,0
102.4,1472109366,424,17.00,3.08,3.30,0
102.4,1472109429,424,16.00,3.08,3.30,0
102.4,1472109492,424,17.00,3.09,3.30,0
102.4,1472109555,424,17.00,3.08,3.30,0
102.4,1472109618,424,17.00,3.08,3.30,0
102.4,1472109681,424,16.00,3.08,3.30,0
102.4,1472109744,424,17.00,3.08,3.30,0
102.4,1472109807,424,17.00,3.08,3.30,0
102.4,1472109870,424,17.00,3.08,3.30,0
102.4,1472109933,424,17.00,3.08,3.30,0
102.4,1472109996,424,17.00,3.08,3.30,0
102.4,1472110059,424,17.00,3.08,3.30,0
102.4,1472110122,424,17.00,3.08,3.30,0
102.4,1472110185,424,16.00,3.08,3.30,0
102.4,1472110248,424,17.00,3.09,3.30,0
102.4,1472110311,424,17.00,3.08,3.30,0
102.4,1472110374,424,17.00,3.09,3.30,0
102.4,1472110437,424,17.00,3.08,3.30,0
102.4,1472110500,424,17.00,3.09,3.30,0
102.4,1472110563,424,16.00,3.08,3.30,0
102.4,1472110626,424,17.00,3.08,3.30,0
102.4,1472110689,424,17.00,3.08,3.30,0
102.4,1472110752,424,17.00,3.08,3.30,0
102.4,1472110815,424,16.00,3.08,3.30,0
102.4,1472110878,424,17.00,3.08,3.30,0
102.4,1472110941,424,17.00,3.08,3.30,0
102.4,1472111004,424,17.00,3.09,3.30,0
102.4,1472111067,424,16.00,3.08,3.30,0
102.4,1472111131,424,17.00,3.08,3.30,0
102.4,1472111194,424,17.00,3.08,3.30,0
102.4,1472111257,424,17.00,3.08,3.30,0
102.4,1472111320,424,17.00,3.08,3.30,0
102.4,1472111383,424,17.00,3.08,3.30,0
102.4,1472111446,424,17.00,3.08,3.30,0
102.4,1472111509,424,17.00,3.08,3.30,0
102.4,1472111572,424,16.00,3.08,3.30,0
102.4,1472111635,424,17.00,3.08,3.30,0
102.4,1472111698,424,17.00,3.08,3.30,0
102.4,1472111761,424,16.00,3.08,3.30,0
102.4,1472111824,424,17.00,3.08,3.30,0
102.4,1472111886,424,16.00,3.09,3.30,0
102.4,1472111949,424,17.00,3.08,3.30,0
102.4,1472112012,424,17.00,3.09,3.30,0
102.4,1472112075,424,17.00,3.08,3.30,0
102.4,1472112138,424,16.00,3.09,3.30,0
102.4,1472112201,424,17.00,3.08,3.30,0
102.4,1472112264,424,17.00,3.08,3.30,0
102.4,1472112327,424,17.00,3.08,3.30,0
102.4,1472112390,424,17.00,3.08,3.30,0
102.4,1472112453,424,17.00,3.08,3.30,0
102.4,1472112516,424,17.00,3.08,3.30,0
102.4,1472112579,424,17.00,3.08,3.30,0
102.4,1472112642,424,17.00,3.08,3.30,0
102.4,1472112705,424,17.00,3.08,3.30,0
102.4,1472112768,424,17.00,3.08,3.30,0
102.4,1472112831,424,17.00,3.08,3.30,0
102.4,1472112894,424,17.00,3.08,3.30,0
102.4,1472112957,424,17.00,3.08,3.30,0
102.4,1472113020,424,17.00,3.08,3.30,0
102.4,1472113083,424,17.00,3.08,3.30,0
102.4,1472113146,423,17.00,3.08,3.30,0
102.4,1472113209,424,17.00,3.08,3.30,0
102.4,1472113272,423,17.00,3.08,3.30,0
102.4,1472113335,424,17.00,3.08,3.30,0
102.4,1472113398,423,17.00,3.08,3.30,0
102.4,1472113461,423,17.00,3.08,3.30,0
102.4,1472113524,423,17.00,3.08,3.30,0
102.4,1472113587,423,17.00,3.08,3.30,0
102.4,1472113650,423,17.00,3.08,3.30,0
102.4,1472113713,423,17.00,3.08,3.30,0
102.4,1472113776,423,17.00,3.08,3.30,0
102.4,1472113839,422,17.00,3.08,3.30,0
102.4,1472113902,424,17.00,3.08,3.30,0
102.4,1472113965,424,16.00,3.08,3.30,0
102.4,1472114028,424,17.00,3.08,3.30,0
102.4,1472114091,424,17.00,3.08,3.30,0
102.4,1472114154,424,16.00,3.08,3.30,0
102.4,1472114217,424,16.00,3.08,3.30,0
102.4,1472114280,424,17.00,3.08,3.30,0
102.4,1472114343,424,16.00,3.08,3.30,0
102.4,1472114406,424,17.00,3.08,3.30,0
102.4,1472114469,424,17.00,3.08,3.30,0
102.4,1472114532,424,17.00,3.08,3.30,0
102.4,1472114595,424,17.00,3.08,3.30,0
102.4,1472114658,424,16.00,3.08,3.30,0
102.4,1472114721,424,17.00,3.08,3.30,0
102.4,1472114784,424,17.00,3.08,3.30,0
102.4,1472114847,424,17.00,3.08,3.30,0
102.4,1472114910,424,16.00,3.08,3.30,0
102.4,1472114973,424,16.00,3.08,3.30,0
102.4,1472115036,424,17.00,3.08,3.30,0
102.4,1472115099,424,17.00,3.08,3.30,0
102.4,1472115162,424,17.00,3.08,3.30,0
102.4,1472115225,424,17.00,3.08,3.30,0
102.4,1472115288,424,17.00,3.08,3.30,0
102.4,1472115351,424,17.00,3.08,3.30,0
102.4,1472115414,424,17.00,3.08,3.30,0
102.4,1472115477,424,17.00,3.08,3.30,0
102.4,1472115540,424,17.00,3.08,3.30,0
102.4,1472115603,424,17.00,3.08,3.30,0
102.4,1472115666,424,17.00,3.08,3.30,0
102.4,1472115729,424,17.00,3.08,3.30,0
102.4,1472115792,424,17.00,3.08,3.30,0
102.4,1472115855,424,17.00,3.08,3.30,0
102.4,1472115918,424,17.00,3.08,3.30,0
102.4,1472115981,424,17.00,3.08,3.30,0
102.4,1472116044,424,17.00,3.08,3.30,0
102.4,1472116107,424,17.00,3.08,3.30,0
102.4,1472116170,424,16.00,3.08,3.30,0
102.4,1472116233,424,17.00,3.08,3.30,0
102.4,1472116296,424,16.00,3.08,3.30,0
102.4,1472116359,424,17.00,3.08,3.30,0
102.4,1472116422,424,17.00,3.08,3.30,0
102.4,1472116485,424,17.00,3.08,3.30,0
102.4,1472116548,424,17.00,3.08,3.30,0
102.4,1472116611,424,16.00,3.08,3.30,0
102.4,1472116674,424,17.00,3.08,3.30,0
102.4,1472116737,424,17.00,3.08,3.30,0
102.4,1472116800,424,17.00,3.08,3.30,0
102.4,1472116863,424,17.00,3.08,3.30,0
102.4,1472116926,424,17.00,3.08,3.30,0
102.4,1472116989,424,16.00,3.08,3.30,0
102.4,1472117052,424,17.00,3.08,3.30,0
102.4,1472117115,424,17.00,3.08,3.30,0
102.4,1472117178,424,17.00,3.08,3.30,0
102.4,1472117241,424,17.00,3.08,3.30,0
102.4,1472117304,424,17.00,3.08,3.30,0
102.4,1472117367,424,16.00,3.08,3.30,0
102.4,1472117430,424,17.00,3.08,3.30,0
102.4,1472117493,424,17.00,3.08,3.30,0
102.4,1472117556,424,17.00,3.08,3.30,0
102.4,1472117619,424,16.00,3.08,3.30,0
102.4,1472117682,424,17.00,3.08,3.30,0
102.4,1472117745,424,17.00,3.08,3.30,0
102.4,1472117808,424,16.00,3.08,3.30,0
102.4,1472117871,424,17.00,3.08,3.30,0
102.4,1472117934,424,16.00,3.08,3.30,0
102.4,1472117997,424,17.00,3.08,3.30,0
102.4,1472118060,424,17.00,3.08,3.30,0
102.4,1472118123,424,17.00,3.08,3.30,0
102.4,1472118186,424,17.00,3.08,3.30,0
102.4,1472118249,424,16.00,3.08,3.30,0
102.4,1472118312,424,16.00,3.08,3.30,0
102.4,1472118375,424,16.00,3.08,3.30,0
102.4,1472118438,424,16.00,3.08,3.30,0
102.4,1472118501,424,17.00,3.08,3.30,0
102.4,1472118564,424,16.00,3.08,3.30,0
102.4,1472118627,424,17.00,3.08,3.30,0
102.4,1472118690,424,16.00,3.08,3.30,0
102.4,1472118753,424,17.00,3.08,3.30,0
102.4,1472118816,424,16.00,3.08,3.30,0
102.4,1472118879,424,17.00,3.08,3.30,0
102.4,1472118942,424,16.00,3.08,3.30,0
102.4,1472119005,424,16.00,3.08,3.30,0
102.4,1472119068,424,16.00,3.08,3.30,0
102.4,1472119131,424,17.00,3.08,3.30,0
102.4,1472119194,424,16.00,3.08,3.30,0
102.4,1472119257,424,17.00,3.08,3.30,0
102.4,1472119320,424,17.00,3.08,3.30,0
102.4,1472119383,424,17.00,3.08,3.30,0
102.4,1472119446,424,16.00,3.08,3.30,0
102.4,1472119509,424,16.00,3.08,3.30,0
102.4,1472119572,424,17.00,3.08,3.30,0
102.4,1472119635,424,16.00,3.08,3.30,0
102.4,1472119698,424,16.00,3.08,3.30,0
102.4,1472119761,424,17.00,3.08,3.30,0
102.4,1472119824,424,17.00,3.08,3.30,0
102.4,1472119887,424,17.00,3.08,3.30,0
102.4,1472119950,424,17.00,3.08,3.30,0
102.4,1472120013,424,16.00,3.08,3.30,0
102.4,1472120076,424,16.00,3.08,3.30,0
102.4,1472120139,424,17.00,3.08,3.30,0
102.4,1472120202,424,17.00,3.08,3.30,0
102.4,1472120265,424,17.00,3.08,3.30,0
102.4,1472120328,424,17.00,3.08,3.30,0
102.4,1472120391,424,17.00,3.08,3.30,0
102.4,1472120454,424,17.00,3.08,3.30,0
102.4,1472120517,424,17.00,3.08,3.30,0
102.4,1472120580,424,17.00,3.08,3.30,0
102.4,1472120643,424,17.00,3.08,3.30,0
102.4,1472120706,424,17.00,3.08,3.30,0
102.4,1472120769,424,17.00,3.08,3.30,0
102.4,1472120832,424,16.00,3.08,3.30,0
102.4,1472120895,424,17.00,3.08,3.30,0
102.4,1472120958,424,16.00,3.08,3.30,0
102.4,1472121021,424,17.00,3.08,3.30,0
102.4,1472121084,424,16.00,3.08,3.30,0
102.4,1472121147,424,16.00,3.08,3.30,0
102.4,1472121210,424,17.00,3.08,3.30,0
102.4,1472121273,424,17.00,3.08,3.30,0
102.4,1472121336,424,17.00,3.08,3.30,0
102.4,1472121399,424,16.00,3.08,3.30,0
102.4,1472121462,424,16.00,3.08,3.30,0
102.4,1472121525,424,16.00,3.08,3.30,0
102.4,1472121588,424,16.00,3.08,3.30,0
102.4,1472121651,424,16.00,3.08,3.30,0
102.4,1472121714,424,16.00,3.08,3.30,0
102.4,1472121777,424,17.00,3.08,3.30,0
102.4,1472121840,424,17.00,3.08,3.30,0
102.4,1472121903,424,17.00,3.08,3.30,0
102.4,1472121966,424,17.00,3.08,3.30,0
102.4,1472122029,424,17.00,3.08,3.30,0
102.4,1472122092,424,16.00,3.08,3.30,0
102.4,1472122155,423,17.00,3.08,3.30,0
102.4,1472122218,423,17.00,3.08,3.30,0
102.4,1472122281,423,17.00,3.08,3.30,0
102.4,1472122344,424,16.00,3.08,3.30,0
102.4,1472122407,423,17.00,3.08,3.30,0
102.4,1472122470,423,16.00,3.08,3.30,0
102.4,1472122533,423,16.00,3.08,3.30,0
102.4,1472122596,423,17.00,3.08,3.30,0
102.4,1472122659,423,16.00,3.08,3.30,0
102.4,1472122722,423,16.00,3.08,3.30,0
102.4,1472122785,423,17.00,3.08,3.30,0
102.4,1472122848,422,17.00,3.08,3.30,0
102.4,1472122911,-57,17.00,3.08,3.30,0
102.4,1472122974,422,17.00,3.08,3.30,0
102.4,1472123037,424,17.00,3.08,3.30,0
102.4,1472123100,424,17.00,3.08,3.30,0
102.4,1472123163,424,17.00,3.08,3.30,0
102.4,1472123226,424,16.00,3.08,3.30,0
102.4,1472123289,424,17.00,3.08,3.30,0
102.4,1472123352,424,16.00,3.08,3.30,0
102.4,1472123415,424,17.00,3.08,3.30,0
102.4,1472123478,424,16.00,3.08,3.30,0
102.4,1472123541,424,16.00,3.08,3.30,0
102.4,1472123604,424,17.00,3.08,3.30,0
102.4,1472123667,424,17.00,3.08,3.30,0
102.4,1472123730,424,17.00,3.08,3.30,0
102.4,1472123793,424,17.00,3.08,3.30,0
102.4,1472123856,424,17.00,3.08,3.30,0
102.4,1472123919,424,16.00,3.08,3.30,0
102.4,1472123982,424,17.00,3.08,3.30,0
102.4,1472124046,424,17.00,3.08,3.30,0
102.4,1472124109,424,16.00,3.08,3.30,0
102.4,1472124172,424,17.00,3.08,3.30,0
102.4,1472124235,424,17.00,3.08,3.30,0
102.4,1472124298,424,17.00,3.08,3.30,0
102.4,1472124361,424,17.00,3.08,3.30,0
102.4,1472124424,424,16.00,3.08,3.30,0
102.4,1472124487,424,16.00,3.08,3.30,0
102.4,1472124550,424,16.00,3.08,3.30,0
102.4,1472124613,424,17.00,3.08,3.30,0
102.4,1472124676,424,17.00,3.08,3.30,0
102.4,1472124739,424,16.00,3.08,3.30,0
102.4,1472124802,424,17.00,3.08,3.30,0
102.4,1472124865,424,17.00,3.08,3.30,0
102.4,1472124928,424,17.00,3.08,3.30,0
102.4,1472124991,424,16.00,3.08,3.30,0
102.4,1472125054,424,17.00,3.08,3.30,0
102.4,1472125117,424,16.00,3.08,3.30,0
102.4,1472125180,424,17.00,3.08,3.30,0
102.4,1472125243,424,17.00,3.08,3.30,0
102.4,1472125306,424,17.00,3.08,3.30,0
102.4,1472125369,424,16.00,3.08,3.30,0
102.4,1472125432,424,17.00,3.08,3.30,0
102.4,1472125495,424,17.00,3.08,3.30,0
102.4,1472125558,424,17.00,3.08,3.30,0
102.4,1472125621,424,17.00,3.08,3.30,0
102.4,1472125684,424,17.00,3.08,3.30,0
102.4,1472125747,424,17.00,3.08,3.30,0
102.4,1472125810,424,17.00,3.08,3.30,0
102.4,1472125873,424,16.00,3.08,3.30,0
102.4,1472125936,424,17.00,3.08,3.30,0
102.4,1472125999,424,16.00,3.08,3.30,0
102.4,1472126062,424,17.00,3.08,3.30,0
102.4,1472126125,424,17.00,3.08,3.30,0
102.4,1472126188,424,17.00,3.08,3.30,0
102.4,1472126251,424,17.00,3.08,3.30,0
102.4,1472126314,424,17.00,3.08,3.30,0
102.4,1472126377,424,17.00,3.08,3.30,0
102.4,1472126440,424,17.00,3.08,3.30,0
102.4,1472126503,424,17.00,3.08,3.30,0
102.4,1472126566,424,16.00,3.08,3.30,0
102.4,1472126629,424,17.00,3.08,3.30,0
102.4,1472126692,424,17.00,3.08,3.30,0
102.4,1472126755,424,17.00,3.08,3.30,0
102.4,1472126818,424,17.00,3.08,3.30,0
102.4,1472126881,424,17.00,3.08,3.30,0
102.4,1472126944,424,16.00,3.08,3.30,0
102.4,1472127007,424,18.00,3.08,3.30,0
102.4,1472127070,424,17.00,3.08,3.30,0
102.4,1472127133,424,17.00,3.08,3.30,0
102.4,1472127196,424,16.00,3.08,3.30,0
102.4,1472127259,424,16.00,3.08,3.30,0
102.4,1472127322,424,17.00,3.08,3.30,0
102.4,1472127385,424,16.00,3.08,3.30,0
102.4,1472127448,424,17.00,3.08,3.30,0
102.4,1472127511,424,17.00,3.08,3.30,0
102.4,1472127574,424,16.00,3.08,3.30,0
102.4,1472127637,424,16.00,3.08,3.30,0
102.4,1472127700,424,17.00,3.08,3.30,0
102.4,1472127763,424,17.00,3.08,3.30,0
102.4,1472127826,424,17.00,3.08,3.30,0
102.4,1472127889,424,16.00,3.08,3.30,0
102.4,1472127951,424,17.00,3.08,3.30,0
102.4,1472128014,424,17.00,3.08,3.30,0
102.4,1472128077,424,17.00,3.08,3.30,0
102.4,1472128140,424,17.00,3.08,3.30,0
102.4,1472128203,424,17.00,3.08,3.30,0
102.4,1472128266,424,17.00,3.08,3.30,0
102.4,1472128329,424,17.00,3.08,3.30,0
102.4,1472128392,424,17.00,3.08,3.30,0
102.4,1472128455,424,17.00,3.08,3.30,0
102.4,1472128518,424,16.00,3.08,3.30,0
102.4,1472128581,424,16.00,3.08,3.30,0
102.4,1472128644,424,16.00,3.08,3.30,0
102.4,1472128707,424,17.00,3.08,3.30,0
102.4,1472128771,424,17.00,3.08,3.30,0
102.4,1472128834,424,17.00,3.08,3.30,0
102.4,1472128897,424,17.00,3.08,3.30,0
102.4,1472128960,424,16.00,3.08,3.30,0
102.4,1472129023,424,17.00,3.08,3.30,0
102.4,1472129086,424,17.00,3.08,3.30,0
102.4,1472129149,424,17.00,3.08,3.30,0
102.4,1472129212,424,17.00,3.08,3.30,0
102.4,1472129275,424,17.00,3.08,3.30,0
102.4,1472129338,424,17.00,3.08,3.30,0
102.4,1472129401,424,17.00,3.08,3.30,0
102.4,1472129464,424,17.00,3.08,3.30,0
102.4,1472129527,424,17.00,3.08,3.30,0
102.4,1472129590,424,17.00,3.08,3.30,0
102.4,1472129653,424,17.00,3.08,3.30,0
102.4,1472129716,424,17.00,3.08,3.30,0
102.4,1472129779,424,17.00,3.08,3.30,0
102.4,1472129842,424,17.00,3.08,3.30,0
102.4,1472129905,424,17.00,3.08,3.30,0
102.4,1472129968,424,16.00,3.08,3.30,0
102.4,1472130031,424,17.00,3.08,3.30,0
102.4,1472130094,424,17.00,3.08,3.30,0
102.4,1472130157,424,17.00,3.08,3.30,0
102.4,1472130220,424,17.00,3.08,3.30,0
102.4,1472130283,424,17.00,3.08,3.30,0
102.4,1472130346,424,16.00,3.08,3.30,0
102.4,1472130409,424,17.00,3.08,3.30,0
102.4,1472130472,424,16.00,3.08,3.30,0
102.4,1472130535,424,17.00,3.08,3.30,0
102.4,1472130598,424,17.00,3.08,3.30,0
102.4,1472130661,424,16.00,3.08,3.30,0
102.4,1472130724,424,17.00,3.08,3.30,0
102.4,1472130787,424,17.00,3.08,3.30,0
102.4,1472130850,424,17.00,3.08,3.30,0
102.4,1472130913,424,17.00,3.08,3.30,0
102.4,1472130976,424,17.00,3.08,3.30,0
102.4,1472131039,424,17.00,3.08,3.30,0
102.4,1472131102,424,17.00,3.08,3.30,0
102.4,1472131165,424,17.00,3.08,3.30,0
102.4,1472131228,424,17.00,3.08,3.30,0
102.4,1472131291,424,17.00,3.08,3.30,0
102.4,1472131354,424,17.00,3.08,3.30,0
102.4,1472131417,424,16.00,3.08,3.30,0
102.4,1472131480,424,16.00,3.08,3.30,0
102.4,1472131543,423,17.00,3.08,3.30,0
102.4,1472131606,424,17.00,3.08,3.30,0
102.4,1472131669,424,16.00,3.08,3.30,0
102.4,1472131732,423,17.00,3.08,3.30,0
102.4,1472131795,424,16.00,3.08,3.30,0
102.4,1472131857,423,17.00,3.08,3.30,0
102.4,1472131920,423,16.00,3.08,3.30,0
102.4,1472131983,423,17.00,3.08,3.30,0
102.4,1472132046,423,17.00,3.08,3.30,0
102.4,1472132109,423,17.00,3.08,3.30,0
102.4,1472132172,423,17.00,3.08,3.30,0
102.4,1472132235,423,17.00,3.08,3.30,0
102.4,1472132299,422,-89.00,3.08,3.30,0
102.4,1472132362,424,17.00,3.08,3.30,0
102.4,1472132425,424,17.00,3.08,3.30,0
102.4,1472132488,424,17.00,3.08,3.30,0
102.4,1472132550,424,17.00,3.08,3.30,0
102.4,1472132613,424,17.00,3.08,3.30,0
102.4,1472132676,424,17.00,3.08,3.30,0
102.4,1472132739,424,17.00,3.08,3.30,0
102.4,1472132802,424,17.00,3.08,3.30,0
102.4,1472132865,424,17.00,3.08,3.30,0
102.4,1472132928,424,17.00,3.08,3.30,0
102.4,1472132991,424,17.00,3.08,3.30,0
102.4,1472133054,424,17.00,3.08,3.30,0
102.4,1472133117,424,16.00,3.08,3.30,0
102.4,1472133180,424,17.00,3.08,3.30,0
102.4,1472133243,424,17.00,3.08,3.30,0
102.4,1472133306,424,17.00,3.08,3.30,0
102.4,1472133369,424,17.00,3.08,3.30,0
102.4,1472133432,424,17.00,3.08,3.30,0
102.4,1472133495,424,17.00,3.08,3.30,0
102.4,1472133558,424,17.00,3.08,3.30,0
102.4,1472133621,424,17.00,3.08,3.30,0
102.4,1472133684,424,17.00,3.08,3.30,0
102.4,1472133747,424,16.00,3.08,3.30,0
102.4,1472133810,424,17.00,3.08,3.30,0
102.4,1472133873,424,17.00,3.08,3.30,0
102.4,1472133936,424,17.00,3.08,3.30,0
102.4,1472133999,424,17.00,3.08,3.30,0
102.4,1472134062,424,17.00,3.08,3.30,0
102.4,1472134125,424,17.00,3.08,3.30,0
102.4,1472134188,424,17.00,3.08,3.30,0
102.4,1472134251,424,17.00,3.08,3.30,0
102.4,1472134314,424,17.00,3.08,3.30,0
102.4,1472134377,424,17.00,3.08,3.30,0
102.4,1472134440,424,17.00,3.08,3.30,0
102.4,1472134503,424,17.00,3.08,3.30,0
102.4,1472134566,424,16.00,3.08,3.30,0
102.4,1472134629,424,17.00,3.08,3.30,0
102.4,1472134692,424,16.00,3.08,3.30,0
102.4,1472134755,424,17.00,3.08,3.30,0
102.4,1472134818,424,16.00,3.08,3.30,0
102.4,1472134881,424,17.00,3.08,3.30,0
102.4,1472134944,424,17.00,3.08,3.30,0
102.4,1472135007,424,17.00,3.08,3.30,0
102.4,1472135070,424,17.00,3.08,3.30,0
102.4,1472135133,424,17.00,3.08,3.30,0
102.4,1472135196,424,17.00,3.08,3.30,0
102.4,1472135259,424,17.00,3.08,3.30,0
102.4,1472135322,424,16.00,3.08,3.30,0
102.4,1472135385,424,17.00,3.08,3.30,0
102.4,1472135448,424,17.00,3.08,3.30,0
102.4,1472135511,424,16.00,3.08,3.30,0
102.4,1472135574,424,17.00,3.08,3.30,0
102.4,1472135637,424,16.00,3.08,3.30,0
102.4,1472135700,424,17.00,3.08,3.30,0
102.4,1472135763,424,17.00,3.08,3.30,0
102.4,1472135826,424,17.00,3.08,3.30,0
102.4,1472135889,424,16.00,3.08,3.30,0
102.4,1472135952,424,17.00,3.08,3.30,0
102.4,1472136015,424,17.00,3.08,3.30,0
102.4,1472136078,424,17.00,3.08,3.30,0
102.4,1472136141,424,17.00,3.08,3.30,0
102.4,1472136204,424,17.00,3.08,3.30,0
102.4,1472136267,424,17.00,3.08,3.30,0
102.4,1472136330,424,16.00,3.08,3.30,0
102.4,1472136393,424,17.00,3.08,3.30,0
102.4,1472136456,424,17.00,3.08,3.30,0
102.4,1472136519,424,17.00,3.08,3.30,0
102.4,1472136582,424,17.00,3.08,3.30,0
102.4,1472136645,424,17.00,3.08,3.30,0
102.4,1472136708,424,17.00,3.08,3.30,0
102.4,1472136771,424,17.00,3.08,3.30,0
102.4,1472136834,424,16.00,3.08,3.30,0
102.4,1472136897,424,17.00,3.08,3.30,0
102.4,1472136960,424,17.00,3.08,3.30,0
102.4,1472137023,424,17.00,3.08,3.30,0
102.4,1472137086,424,17.00,3.08,3.30,0
102.4,1472137149,424,16.00,3.08,3.30,0
102.4,1472137212,424,16.00,3.08,3.30,0
102.4,1472137275,424,17.00,3.08,3.30,0
102.4,1472137338,424,17.00,3.08,3.30,0
102.4,1472137401,424,17.00,3.08,3.30,0
102.4,1472137464,424,17.00,3.08,3.30,0
102.4,1472137527,424,16.00,3.08,3.30,0
102.4,1472137590,424,16.00,3.08,3.30,0
102.4,1472137653,424,17.00,3.08,3.30,0
102.4,1472137716,424,17.00,3.08,3.30,0
102.4,1472137779,424,17.00,3.08,3.30,0
102.4,1472137842,424,16.00,3.08,3.30,0
102.4,1472137905,424,17.00,3.08,3.30,0
102.4,1472137968,424,17.00,3.08,3.30,0
102.4,1472138031,424,17.00,3.08,3.30,0
102.4,1472138094,424,17.00,3.08,3.30,0
102.4,1472138157,424,17.00,3.08,3.30,0
102.4,1472138220,424,17.00,3.08,3.30,0
102.4,1472138283,424,17.00,3.08,3.30,0
102.4,1472138346,424,17.00,3.08,3.30,0
102.4,1472138409,424,17.00,3.07,3.30,0
102.4,1472138472,424,17.00,3.08,3.30,0
102.4,1472138535,424,17.00,3.08,3.30,0
102.4,1472138598,424,17.00,3.08,3.30,0
102.4,1472138661,424,17.00,3.08,3.30,0
102.4,1472138724,424,17.00,3.08,3.30,0
102.4,1472138787,424,17.00,3.08,3.30,0
102.4,1472138850,424,17.00,3.08,3.30,0
102.4,1472138913,424,17.00,3.08,3.30,0
102.4,1472138976,424,16.00,3.08,3.30,0
102.4,1472139039,424,17.00,3.08,3.30,0
102.4,1472139102,424,17.00,3.08,3.30,0
102.4,1472139166,424,17.00,3.08,3.30,0
102.4,1472139229,424,17.00,3.08,3.30,0
102.4,1472139292,424,17.00,3.08,3.30,0
102.4,1472139355,424,17.00,3.08,3.30,0
102.4,1472139418,424,17.00,3.08,3.30,0
102.4,1472139481,424,17.00,3.08,3.30,0
102.4,1472139544,424,17.00,3.08,3.30,0
102.4,1472139607,424,17.00,3.08,3.30,0
102.4,1472139670,424,17.00,3.08,3.30,0
102.4,1472139733,424,17.00,3.08,3.30,0
102.4,1472139796,424,17.00,3.08,3.30,0
102.4,1472139859,424,17.00,3.08,3.30,0
102.4,1472139922,424,17.00,3.08,3.30,0
102.4,1472139985,424,17.00,3.08,3.30,0
102.4,1472140048,424,17.00,3.08,3.30,0
102.4,1472140111,424,17.00,3.08,3.30,0
102.4,1472140174,424,16.00,3.08,3.30,0
102.4,1472140237,424,17.00,3.08,3.30,0
102.4,1472140300,424,17.00,3.08,3.30,0
102.4,1472140363,424,17.00,3.08,3.30,0
102.4,1472140426,424,17.00,3.08,3.30,0
102.4,1472140489,424,17.00,3.08,3.30,0
102.4,1472140552,424,17.00,3.08,3.30,0
102.4,1472140615,424,17.00,3.08,3.30,0
102.4,1472140678,424,17.00,3.08,3.30,0
102.4,1472140741,424,17.00,3.08,3.30,0
102.4,1472140804,424,17.00,3.08,3.30,0
102.4,1472140867,424,17.00,3.08,3.30,0
102.4,1472140930,424,17.00,3.08,3.30,0
102.4,1472140993,424,17.00,3.08,3.30,0
102.4,1472141056,424,17.00,3.08,3.30,0
102.4,1472141119,424,17.00,3.08,3.30,0
102.4,1472141182,424,17.00,3.08,3.30,0
102.4,1472141245,423,17.00,3.08,3.30,0
102.4,1472141308,423,17.00,3.08,3.30,0
102.4,1472141371,423,17.00,3.08,3.30,0
102.4,1472141434,423,17.00,3.08,3.30,0
102.4,1472141497,423,17.00,3.08,3.30,0
102.4,1472141560,423,17.00,3.08,3.30,0
102.4,1472141623,423,17.00,3.08,3.30,0
102.4,1472141686,422,16.00,3.08,3.30,0
102.4,1472141749,423,17.00,3.08,3.30,0
102.4,1472141812,424,16.00,3.08,3.30,0
102.4,1472141875,424,17.00,3.08,3.30,0
102.4,1472141938,424,17.00,3.08,3.30,0
102.4,1472142001,424,17.00,3.08,3.30,0
102.4,1472142064,424,17.00,3.08,3.30,0
102.4,1472142127,424,17.00,3.08,3.30,0
102.4,1472142190,424,17.00,3.08,3.30,0
102.4,1472142253,424,17.00,3.08,3.30,0
102.4,1472142316,424,17.00,3.08,3.30,0
102.4,1472142379,424,17.00,3.08,3.30,0
102.4,1472142442,424,17.00,3.08,3.30,0
102.4,1472142505,424,17.00,3.08,3.30,0
102.4,1472142568,424,17.00,3.08,3.30,0
102.4,1472142631,424,17.00,3.08,3.30,0
102.4,1472142694,424,17.00,3.08,3.30,0
102.4,1472142757,424,17.00,3.08,3.30,0
102.4,1472142820,424,17.00,3.08,3.30,0
102.4,1472142883,424,17.00,3.08,3.30,0
102.4,1472142946,424,17.00,3.08,3.30,0
102.4,1472143009,424,17.00,3.08,3.30,0
102.4,1472143072,424,17.00,3.08,3.30,0
102.4,1472143135,424,17.00,3.08,3.30,0
102.4,1472143198,424,17.00,3.08,3.30,0
102.4,1472143261,424,17.00,3.08,3.30,0
102.4,1472143324,424,17.00,3.08,3.30,0
102.4,1472143387,424,17.00,3.08,3.30,0
102.4,1472143450,424,17.00,3.08,3.30,0
102.4,1472143513,424,17.00,3.08,3.30,0
102.4,1472143576,424,17.00,3.08,3.30,0
102.4,1472143639,424,17.00,3.08,3.30,0
102.4,1472143702,424,16.00,3.08,3.30,0
102.4,1472143765,424,17.00,3.08,3.30,0
102.4,1472143828,424,17.00,3.08,3.30,0
102.4,1472143891,424,17.00,3.08,3.30,0
102.4,1472143954,424,17.00,3.08,3.30,0
102.4,1472144017,424,17.00,3.08,3.30,0
102.4,1472144080,424,17.00,3.08,3.30,0
102.4,1472144143,424,17.00,3.08,3.30,0
102.4,1472144206,424,17.00,3.08,3.30,0
102.4,1472144269,424,17.00,3.08,3.30,0
102.4,1472144332,424,17.00,3.08,3.30,0
102.4,1472144395,424,17.00,3.08,3.30,0
102.4,1472144458,424,17.00,3.08,3.30,0
102.4,1472144521,424,17.00,3.08,3.30,0
102.4,1472144584,424,17.00,3.08,3.30,0
102.4,1472144647,424,17.00,3.08,3.30,0
102.4,1472144710,424,17.00,3.08,3.30,0
102.4,1472144773,424,17.00,3.08,3.30,0
102.4,1472144836,424,17.00,3.08,3.30,0
102.4,1472144899,424,17.00,3.08,3.30,0
102.4,1472144962,424,17.00,3.08,3.30,0
102.4,1472145025,424,17.00,3.08,3.30,0
102.4,1472145088,424,17.00,3.08,3.30,0
102.4,1472145151,424,17.00,3.08,3.30,0
102.4,1472145214,424,18.00,3.08,3.30,0
102.4,1472145278,424,17.00,3.08,3.30,0
102.4,1472145341,424,17.00,3.08,3.30,0
102.4,1472145404,424,17.00,3.08,3.30,0
102.4,1472145467,424,18.00,3.08,3.30,0
102.4,1472145530,424,17.00,3.08,3.30,0
102.4,1472145593,424,16.00,3.08,3.30,0
102.4,1472145656,424,17.00,3.07,3.30,0
102.4,1472145719,424,17.00,3.08,3.30,0
102.4,1472145782,424,17.00,3.07,3.30,0
102.4,1472145845,424,17.00,3.08,3.30,0
102.4,1472145908,424,17.00,3.08,3.30,0
102.4,1472145971,424,17.00,3.08,3.30,0
102.4,1472146034,424,17.00,3.08,3.30,0
102.4,1472146097,424,17.00,3.08,3.30,0
102.4,1472146160,424,17.00,3.08,3.30,0
102.4,1472146223,424,17.00,3.08,3.30,0
102.4,1472146286,424,17.00,3.07,3.30,0
102.4,1472146349,424,17.00,3.08,3.30,0
102.4,1472146412,424,17.00,3.08,3.30,0
102.4,1472146475,424,17.00,3.08,3.30,0
102.4,1472146538,424,17.00,3.07,3.30,0
102.4,1472146601,424,17.00,3.07,3.30,0
102.4,1472146664,424,16.00,3.08,3.30,0
102.4,1472146727,424,17.00,3.08,3.30,0
102.4,1472146790,424,17.00,3.08,3.30,0
102.4,1472146853,424,17.00,3.07,3.30,0
102.4,1472146916,424,17.00,3.08,3.30,0
102.4,1472146979,424,17.00,3.08,3.30,0
102.4,1472147042,424,17.00,3.07,3.30,0
102.4,1472147105,424,17.00,3.08,3.30,0
102.4,1472147168,424,17.00,3.08,3.30,0
102.4,1472147231,424,17.00,3.08,3.30,0
102.4,1472147294,424,18.00,3.07,3.30,0
102.4,1472147357,424,16.00,3.08,3.30,0
102.4,1472147420,424,16.00,3.08,3.30,0
102.4,1472147483,424,17.00,3.08,3.30,0
102.4,1472147546,424,17.00,3.08,3.30,0
102.4,1472147609,424,17.00,3.08,3.30,0
102.4,1472147672,424,17.00,3.08,3.30,0
102.4,1472147735,424,17.00,3.08,3.30,0
102.4,1472147798,424,17.00,3.08,3.30,0
102.4,1472147861,424,17.00,3.08,3.30,0
102.4,1472147924,424,17.00,3.08,3.30,0
102.4,1472147987,424,16.00,3.08,3.30,0
102.4,1472148050,424,17.00,3.08,3.30,0
102.4,1472148113,424,17.00,3.08,3.30,0
102.4,1472148176,424,17.00,3.07,3.30,0
102.4,1472148239,424,17.00,3.08,3.30,0
102.4,1472148302,424,17.00,3.08,3.30,0
102.4,1472148365,424,17.00,3.08,3.30,0
102.4,1472148428,424,17.00,3.08,3.30,0
102.4,1472148491,424,17.00,3.07,3.30,0
102.4,1472148554,424,17.00,3.08,3.30,0
102.4,1472148617,424,17.00,3.07,3.30,0
102.4,1472148680,424,17.00,3.07,3.30,0
102.4,1472148743,424,17.00,3.07,3.30,0
102.4,1472148806,424,17.00,3.08,3.30,0
102.4,1472148869,424,18.00,3.07,3.30,0
102.4,1472148932,424,17.00,3.08,3.30,0
102.4,1472148995,424,17.00,3.08,3.30,0
102.4,1472149058,424,17.00,3.08,3.30,0
102.4,1472149121,424,17.00,3.08,3.30,0
102.4,1472149184,424,17.00,3.08,3.30,0
102.4,1472149247,424,17.00,3.08,3.30,0
102.4,1472149310,424,16.00,3.08,3.30,0
102.4,1472149373,424,16.00,3.07,3.30,0
102.4,1472149436,424,17.00,3.08,3.30,0
102.4,1472149499,424,17.00,3.08,3.30,0
102.4,1472149562,424,17.00,3.08,3.30,0
102.4,1472149625,424,17.00,3.08,3.30,0
102.4,1472149688,424,17.00,3.08,3.30,0
102.4,1472149751,424,16.00,3.08,3.30,0
102.4,1472149814,424,17.00,3.08,3.30,0
102.4,1472149877,424,17.00,3.07,3.30,0
102.4,1472149940,424,17.00,3.08,3.30,0
102.4,1472150003,424,17.00,3.07,3.30,0
102.4,1472150066,424,17.00,3.07,3.30,0
102.4,1472150129,424,17.00,3.07,3.30,0
102.4,1472150192,424,17.00,3.08,3.30,0
102.4,1472150255,424,17.00,3.07,3.30,0
102.4,1472150318,424,17.00,3.08,3.30,0
102.4,1472150381,424,17.00,3.07,3.30,0
