 1, 32.00, 2.62, 1460503468, 0, 6029
1, 32.00, 2.62, 1460503470, 0, 5959
1, 33.00, 2.62, 1460503471, 0, 5889
1, 33.00, 2.62, 1460503472, 0, 5816
1, 33.00, 2.62, 1460503474, 0, 5773
1, 33.00, 2.62, 1460503475, 0, 5725
1, 33.00, 2.62, 1460503476, 0, 5695
1, 34.00, 2.62, 1460503478, 0, 5688
1, 34.00, 2.62, 1460503479, 0, 5656
1, 34.00, 2.62, 1460503480, 0, 5651
1, 33.00, 2.62, 1460503481, 0, 5639
1, 34.00, 2.62, 1460503483, 0, 5624
1, 34.00, 2.62, 1460503484, 0, 5634
1, 35.00, 2.62, 1460503485, 0, 5631
1, 34.00, 2.62, 1460503487, 0, 5622
1, 35.00, 2.62, 1460503488, 0, 5612
1, 35.00, 2.62, 1460503489, 0, 5603
1, 35.00, 2.62, 1460503491, 0, 5589
1, 35.00, 2.62, 1460503492, 0, 5583
1, 35.00, 2.62, 1460503493, 0, 5564
1, 35.00, 2.62, 1460503494, 0, 5551
1, 35.00, 2.62, 1460503496, 0, 5536
1, 36.00, 2.62, 1460503497, 0, 5519
1, 36.00, 2.62, 1460503498, 0, 5499
1, 35.00, 2.62, 1460503500, 0, 5491
1, 36.00, 2.62, 1460503501, 0, 5470
1, 36.00, 2.62, 1460503502, 0, 5461
1, 36.00, 2.62, 1460503503, 0, 5443
1, 36.00, 2.62, 1460503505, 0, 5429
1, 37.00, 2.62, 1460503506, 0, 5423
1, 36.00, 2.62, 1460503507, 0, 5408
1, 36.00, 2.62, 1460503509, 0, 5391
1, 36.00, 2.63, 1460503510, 0, 5374
1, 36.00, 2.62, 1460503511, 0, 5360
1, 37.00, 2.62, 1460503513, 0, 5346
1, 36.00, 2.62, 1460503514, 0, 5329
1, 36.00, 2.62, 1460503515, 0, 5315
1, 36.00, 2.62, 1460503516, 0, 5299
1, 36.00, 2.62, 1460503518, 0, 5284
1, 37.00, 2.62, 1460503519, 0, 5277
1, 37.00, 2.62, 1460503520, 0, 5269
1, 36.00, 2.62, 1460503522, 0, 5256
1, 37.00, 2.63, 1460503523, 0, 5244
1, 37.00, 2.62, 1460503524, 0, 5234
1, 37.00, 2.62, 1460503526, 0, 5227
1, 38.00, 2.62, 1460503527, 0, 5217
1, 38.00, 2.62, 1460503528, 0, 5209
1, 37.00, 2.62, 1460503529, 0, 5198
1, 37.00, 2.62, 1460503531, 0, 5187
1, 37.00, 2.62, 1460503532, 0, 5173
1, 36.00, 2.62, 1460503533, 0, 5168
1, 37.00, 2.62, 1460503535, 0, 5162
1, 37.00, 2.63, 1460503536, 0, 5156
1, 37.00, 2.63, 1460503537, 0, 5145
1, 37.00, 2.63, 1460503539, 0, 5136
1, 37.00, 2.62, 1460503540, 0, 5124
1, 37.00, 2.62, 1460503541, 0, 5118
1, 37.00, 2.62, 1460503542, 0, 5113
1, 37.00, 2.62, 1460503544, 0, 5106
1, 37.00, 2.62, 1460503545, 0, 5101
1, 37.00, 2.62, 1460503546, 0, 5091
1, 37.00, 2.62, 1460503548, 0, 5075
1, 38.00, 2.62, 1460503549, 0, 5055
1, 38.00, 2.62, 1460503550, 0, 5039
1, 38.00, 2.62, 1460503552, 0, 5025
1, 37.00, 2.62, 1460503553, 0, 5008
1, 38.00, 2.62, 1460503554, 0, 4996
1, 37.00, 2.62, 1460503555, 0, 4987
1, 38.00, 2.62, 1460503557, 0, 4980
1, 38.00, 2.62, 1460503558, 0, 4974
1, 37.00, 2.62, 1460503559, 0, 4969
1, 37.00, 2.62, 1460503561, 0, 4963
1, 37.00, 2.62, 1460503562, 0, 4955
1, 38.00, 2.62, 1460503563, 0, 4949
1, 37.00, 2.63, 1460503565, 0, 4943
1, 37.00, 2.62, 1460503566, 0, 4939
1, 38.00, 2.63, 1460503567, 0, 4931
1, 37.00, 2.63, 1460503568, 0, 4926
1, 38.00, 2.62, 1460503570, 0, 4919
1, 38.00, 2.63, 1460503571, 0, 4916
1, 38.00, 2.62, 1460503572, 0, 4908
1, 37.00, 2.62, 1460503574, 0, 4901
1, 38.00, 2.62, 1460503575, 0, 4900
1, 38.00, 2.63, 1460503576, 0, 4898
1, 38.00, 2.62, 1460503578, 0, 4896
1, 38.00, 2.62, 1460503579, 0, 4890
1, 38.00, 2.62, 1460503580, 0, 4890
1, 37.00, 2.62, 1460503581, 0, 4888
1, 38.00, 2.62, 1460503583, 0, 4888
1, 37.00, 2.62, 1460503584, 0, 4883
1, 38.00, 2.62, 1460503585, 0, 4883
1, 37.00, 2.63, 1460503587, 0, 4881
1, 38.00, 2.62, 1460503588, 0, 4880
1, 37.00, 2.63, 1460503589, 0, 4879
1, 37.00, 2.63, 1460503591, 0, 4882
1, 38.00, 2.63, 1460503592, 0, 4880
1, 38.00, 2.62, 1460503593, 0, 4883
1, 37.00, 2.63, 1460503594, 0, 4884
1, 38.00, 2.63, 1460503596, 0, 4883
1, 37.00, 2.62, 1460503597, 0, 4883
1, 38.00, 2.62, 1460503598, 0, 4884
1, 38.00, 2.62, 1460503600, 0, 4886
1, 37.00, 2.63, 1460503601, 0, 4886
1, 37.00, 2.62, 1460503602, 0, 4888
1, 37.00, 2.63, 1460503604, 0, 4888
1, 38.00, 2.62, 1460503605, 0, 4889
1, 38.00, 2.62, 1460503607, 0, 4897
1, 38.00, 2.62, 1460503608, 0, 4897
1, 38.00, 2.62, 1460503609, 0, 4898
1, 38.00, 2.62, 1460503611, 0, 4897
1, 38.00, 2.62, 1460503612, 0, 4895
1, 37.00, 2.62, 1460503613, 0, 4893
1, 37.00, 2.62, 1460503615, 0, 4888
1, 37.00, 2.63, 1460503616, 0, 4887
1, 37.00, 2.62, 1460503617, 0, 4885
1, 37.00, 2.62, 1460503618, 0, 4883
1, 38.00, 2.62, 1460503620, 0, 4883
1, 38.00, 2.62, 1460503621, 0, 4882
1, 37.00, 2.63, 1460503622, 0, 4883
1, 38.00, 2.62, 1460503624, 0, 4881
1, 38.00, 2.63, 1460503625, 0, 4878
1, 38.00, 2.62, 1460503626, 0, 4877
1, 37.00, 2.62, 1460503628, 0, 4876
1, 38.00, 2.63, 1460503629, 0, 4875
1, 38.00, 2.62, 1460503630, 0, 4872
1, 37.00, 2.63, 1460503631, 0, 4872
1, 38.00, 2.62, 1460503633, 0, 4865
1, 37.00, 2.62, 1460503634, 0, 4867
1, 37.00, 2.62, 1460503635, 0, 4865
1, 37.00, 2.62, 1460503637, 0, 4864
1, 37.00, 2.63, 1460503638, 0, 4862
1, 38.00, 2.62, 1460503639, 0, 4863
1, 37.00, 2.62, 1460503640, 0, 4861
1, 37.00, 2.62, 1460503642, 0, 4860
1, 37.00, 2.62, 1460503643, 0, 4860
1, 38.00, 2.62, 1460503644, 0, 4858
1, 38.00, 2.63, 1460503646, 0, 4859
1, 38.00, 2.63, 1460503647, 0, 4859
1, 38.00, 2.62, 1460503648, 0, 4858
1, 38.00, 2.62, 1460503650, 0, 4855
1, 38.00, 2.63, 1460503651, 0, 4858
1, 38.00, 2.63, 1460503652, 0, 4858
1, 37.00, 2.62, 1460503653, 0, 4858
1, 38.00, 2.62, 1460503655, 0, 4857
1, 38.00, 2.62, 1460503656, 0, 4856
1, 38.00, 2.62, 1460503657, 0, 4856
1, 38.00, 2.63, 1460503659, 0, 4856
1, 38.00, 2.63, 1460503660, 0, 4853
1, 38.00, 2.62, 1460503661, 0, 4853
1, 37.00, 2.62, 1460503663, 0, 4851
1, 38.00, 2.62, 1460503664, 0, 4851
1, 37.00, 2.62, 1460503665, 0, 4850
1, 37.00, 2.62, 1460503666, 0, 4849
1, 38.00, 2.63, 1460503668, 0, 4849
1, 37.00, 2.62, 1460503669, 0, 4850
1, 38.00, 2.62, 1460503670, 0, 4850
1, 37.00, 2.62, 1460503672, 0, 4849
1, 37.00, 2.62, 1460503673, 0, 4849
1, 37.00, 2.63, 1460503674, 0, 4850
1, 37.00, 2.62, 1460503676, 0, 4849
1, 38.00, 2.62, 1460503677, 0, 4849
1, 38.00, 2.63, 1460503678, 0, 4848
1, 37.00, 2.62, 1460503679, 0, 4848
1, 37.00, 2.62, 1460503681, 0, 4848
1, 37.00, 2.63, 1460503682, 0, 4849
1, 36.00, 2.62, 1460503683, 0, 4848
1, 37.00, 2.62, 1460503685, 0, 4848
1, 36.00, 2.62, 1460503686, 0, 4848
1, 37.00, 2.63, 1460503687, 0, 4849
1, 36.00, 2.62, 1460503689, 0, 4849
1, 37.00, 2.63, 1460503690, 0, 4850
1, 37.00, 2.62, 1460503691, 0, 4849
1, 36.00, 2.62, 1460503692, 0, 4847
1, 37.00, 2.62, 1460503694, 0, 4850
1, 36.00, 2.62, 1460503695, 0, 4849
1, 37.00, 2.63, 1460503696, 0, 4851
1, 37.00, 2.62, 1460503698, 0, 4851
1, 37.00, 2.62, 1460503699, 0, 4850
1, 37.00, 2.63, 1460503700, 0, 4852
1, 38.00, 2.63, 1460503702, 0, 4852
1, 36.00, 2.62, 1460503703, 0, 4852
1, 37.00, 2.62, 1460503704, 0, 4852
1, 37.00, 2.62, 1460503705, 0, 4853
1, 38.00, 2.62, 1460503707, 0, 4853
1, 37.00, 2.63, 1460503708, 0, 4853
1, 37.00, 2.62, 1460503709, 0, 4852
1, 36.00, 2.62, 1460503711, 0, 4853
1, 37.00, 2.62, 1460503712, 0, 4853
1, 37.00, 2.63, 1460503713, 0, 4853
1, 37.00, 2.62, 1460503715, 0, 4853
1, 37.00, 2.62, 1460503716, 0, 4854
1, 37.00, 2.62, 1460503717, 0, 4853
1, 37.00, 2.62, 1460503718, 0, 4852
1, 37.00, 2.62, 1460503720, 0, 4854
1, 36.00, 2.62, 1460503721, 0, 4853
1, 37.00, 2.62, 1460503722, 0, 4854
1, 36.00, 2.62, 1460503724, 0, 4855
1, 36.00, 2.62, 1460503725, 0, 4854
1, 37.00, 2.62, 1460503726, 0, 4854
1, 37.00, 2.62, 1460503727, 0, 4855
1, 37.00, 2.63, 1460503729, 0, 4851
1, 37.00, 2.63, 1460503730, 0, 4854
1, 36.00, 2.62, 1460503731, 0, 4855
1, 36.00, 2.62, 1460503733, 0, 4853
1, 37.00, 2.62, 1460503734, 0, 4854
1, 37.00, 2.62, 1460503735, 0, 4856
1, 36.00, 2.62, 1460503737, 0, 4855
1, 37.00, 2.63, 1460503738, 0, 4854
1, 37.00, 2.62, 1460503739, 0, 4854
1, 36.00, 2.62, 1460503740, 0, 4855
1, 36.00, 2.63, 1460503742, 0, 4855
1, 37.00, 2.62, 1460503743, 0, 4855
1, 36.00, 2.62, 1460503744, 0, 4855
1, 36.00, 2.62, 1460503746, 0, 4855
1, 36.00, 2.63, 1460503747, 0, 4856
1, 36.00, 2.63, 1460503748, 0, 4855
1, 36.00, 2.62, 1460503750, 0, 4856
1, 36.00, 2.62, 1460503751, 0, 4855
1, 37.00, 2.63, 1460503752, 0, 4855
1, 37.00, 2.63, 1460503753, 0, 4855
1, 36.00, 2.62, 1460503755, 0, 4856
1, 36.00, 2.63, 1460503756, 0, 4855
1, 36.00, 2.62, 1460503757, 0, 4854
1, 36.00, 2.63, 1460503759, 0, 4855
1, 36.00, 2.62, 1460503760, 0, 4854
1, 36.00, 2.62, 1460503761, 0, 4855
1, 36.00, 2.62, 1460503763, 0, 4855
1, 36.00, 2.62, 1460503764, 0, 4854
1, 35.00, 2.63, 1460503765, 0, 4854
1, 36.00, 2.62, 1460503766, 0, 4854
1, 36.00, 2.62, 1460503768, 0, 4854
1, 37.00, 2.62, 1460503769, 0, 4855
1, 37.00, 2.63, 1460503770, 0, 4855
1, 36.00, 2.62, 1460503772, 0, 4854
1, 35.00, 2.62, 1460503773, 0, 4854
1, 36.00, 2.63, 1460503774, 0, 4854
1, 36.00, 2.62, 1460503776, 0, 4855
1, 36.00, 2.63, 1460503777, 0, 4854
1, 36.00, 2.63, 1460503778, 0, 4854
1, 36.00, 2.62, 1460503779, 0, 4853
1, 36.00, 2.62, 1460503781, 0, 4854
1, 36.00, 2.63, 1460503782, 0, 4852
1, 36.00, 2.63, 1460503783, 0, 4853
1, 36.00, 2.62, 1460503785, 0, 4854
1, 35.00, 2.62, 1460503786, 0, 4853
1, 36.00, 2.63, 1460503787, 0, 4852
1, 36.00, 2.63, 1460503788, 0, 4852
1, 36.00, 2.62, 1460503790, 0, 4852
1, 36.00, 2.62, 1460503791, 0, 4852
1, 35.00, 2.62, 1460503792, 0, 4853
1, 36.00, 2.62, 1460503794, 0, 4852
1, 36.00, 2.63, 1460503795, 0, 4851
1, 36.00, 2.62, 1460503796, 0, 4850
1, 36.00, 2.63, 1460503798, 0, 4852
1, 35.00, 2.63, 1460503799, 0, 4852
1, 35.00, 2.63, 1460503800, 0, 4852
1, 36.00, 2.63, 1460503801, 0, 4850
1, 35.00, 2.63, 1460503803, 0, 4850
1, 35.00, 2.63, 1460503804, 0, 4850
1, 35.00, 2.62, 1460503805, 0, 4850
1, 35.00, 2.62, 1460503807, 0, 4850
1, 35.00, 2.63, 1460503808, 0, 4850
1, 36.00, 2.62, 1460503809, 0, 4849
1, 35.00, 2.62, 1460503811, 0, 4850
1, 36.00, 2.63, 1460503812, 0, 4849
1, 35.00, 2.63, 1460503813, 0, 4849
1, 35.00, 2.62, 1460503814, 0, 4847
1, 35.00, 2.62, 1460503816, 0, 4848
1, 35.00, 2.62, 1460503817, 0, 4848
1, 35.00, 2.62, 1460503818, 0, 4848
1, 35.00, 2.62, 1460503820, 0, 4847
1, 35.00, 2.62, 1460503821, 0, 4847
1, 35.00, 2.62, 1460503822, 0, 4847
1, 36.00, 2.63, 1460503824, 0, 4848
1, 35.00, 2.63, 1460503825, 0, 4846
1, 35.00, 2.62, 1460503826, 0, 4847
1, 35.00, 2.63, 1460503827, 0, 4845
1, 35.00, 2.62, 1460503829, 0, 4845
1, 34.00, 2.63, 1460503830, 0, 4846
1, 35.00, 2.62, 1460503831, 0, 4846
1, 35.00, 2.62, 1460503833, 0, 4842
1, 35.00, 2.63, 1460503834, 0, 4846
1, 35.00, 2.62, 1460503835, 0, 4846
1, 35.00, 2.62, 1460503836, 0, 4845
1, 35.00, 2.62, 1460503838, 0, 4846
1, 35.00, 2.62, 1460503839, 0, 4845
1, 34.00, 2.63, 1460503840, 0, 4845
1, 34.00, 2.62, 1460503842, 0, 4844
1, 35.00, 2.63, 1460503843, 0, 4845
1, 34.00, 2.62, 1460503844, 0, 4844
1, 35.00, 2.62, 1460503846, 0, 4843
1, 35.00, 2.63, 1460503847, 0, 4843
1, 35.00, 2.62, 1460503848, 0, 4842
1, 34.00, 2.63, 1460503849, 0, 4843
1, 35.00, 2.62, 1460503851, 0, 4843
1, 34.00, 2.62, 1460503852, 0, 4843
1, 34.00, 2.62, 1460503853, 0, 4843
1, 34.00, 2.62, 1460503855, 0, 4841
1, 34.00, 2.63, 1460503856, 0, 4842
1, 34.00, 2.62, 1460503857, 0, 4843
1, 34.00, 2.62, 1460503859, 0, 4842
1, 34.00, 2.62, 1460503860, 0, 4842
1, 35.00, 2.63, 1460503861, 0, 4842
1, 35.00, 2.63, 1460503862, 0, 4841
1, 35.00, 2.62, 1460503864, 0, 4842
1, 34.00, 2.63, 1460503865, 0, 4842
1, 35.00, 2.62, 1460503866, 0, 4841
1, 34.00, 2.62, 1460503868, 0, 4841
1, 34.00, 2.62, 1460503869, 0, 4841
1, 34.00, 2.62, 1460503870, 0, 4841
1, 34.00, 2.62, 1460503871, 0, 4841
1, 34.00, 2.62, 1460503873, 0, 4840
1, 34.00, 2.63, 1460503874, 0, 4841
1, 35.00, 2.62, 1460503875, 0, 4840
1, 35.00, 2.63, 1460503877, 0, 4841
1, 35.00, 2.62, 1460503878, 0, 4840
1, 34.00, 2.62, 1460503879, 0, 4840
1, 35.00, 2.62, 1460503881, 0, 4841
1, 35.00, 2.62, 1460503882, 0, 4838
1, 34.00, 2.62, 1460503883, 0, 4838
1, 34.00, 2.63, 1460503884, 0, 4840
1, 34.00, 2.63, 1460503886, 0, 4838
1, 34.00, 2.62, 1460503887, 0, 4840
1, 34.00, 2.63, 1460503888, 0, 4840
1, 34.00, 2.62, 1460503890, 0, 4839
1, 34.00, 2.62, 1460503891, 0, 4839
1, 34.00, 2.62, 1460503892, 0, 4839
1, 33.00, 2.62, 1460503894, 0, 4838
1, 34.00, 2.62, 1460503895, 0, 4839
1, 34.00, 2.62, 1460503896, 0, 4839
1, 34.00, 2.62, 1460503897, 0, 4839
1, 34.00, 2.62, 1460503899, 0, 4838
1, 35.00, 2.62, 1460503900, 0, 4838
1, 33.00, 2.62, 1460503902, 0, 4838
1, 33.00, 2.62, 1460503903, 0, 4837
1, 33.00, 2.62, 1460503904, 0, 4837
1, 35.00, 2.63, 1460503905, 0, 4837
1, 34.00, 2.63, 1460503907, 0, 4837
1, 34.00, 2.62, 1460503908, 0, 4838
1, 33.00, 2.62, 1460503909, 0, 4838
1, 34.00, 2.62, 1460503911, 0, 4837
1, 34.00, 2.63, 1460503912, 0, 4837
1, 33.00, 2.62, 1460503913, 0, 4837
1, 34.00, 2.63, 1460503915, 0, 4837
1, 33.00, 2.62, 1460503916, 0, 4835
1, 33.00, 2.62, 1460503917, 0, 4835
1, 33.00, 2.62, 1460503918, 0, 4836
1, 33.00, 2.62, 1460503920, 0, 4836
1, 34.00, 2.63, 1460503921, 0, 4837
1, 33.00, 2.63, 1460503922, 0, 4835
1, 33.00, 2.62, 1460503924, 0, 4835
1, 33.00, 2.63, 1460503925, 0, 4836
1, 32.00, 2.62, 1460503926, 0, 4836
1, 32.00, 2.63, 1460503927, 0, 4834
1, 33.00, 2.63, 1460503929, 0, 4834
1, 34.00, 2.62, 1460503930, 0, 4835
1, 33.00, 2.63, 1460503931, 0, 4834
1, 34.00, 2.62, 1460503933, 0, 4835
1, 33.00, 2.63, 1460503934, 0, 4836
1, 33.00, 2.62, 1460503935, 0, 4834
1, 33.00, 2.62, 1460503937, 0, 4836
1, 32.00, 2.62, 1460503938, 0, 4834
1, 33.00, 2.63, 1460503939, 0, 4836
1, 33.00, 2.62, 1460503940, 0, 4835
1, 33.00, 2.62, 1460503942, 0, 4834
1, 33.00, 2.62, 1460503943, 0, 4835
1, 33.00, 2.62, 1460503944, 0, 4834
1, 33.00, 2.63, 1460503946, 0, 4834
1, 33.00, 2.62, 1460503947, 0, 4833
1, 33.00, 2.63, 1460503948, 0, 4833
1, 32.00, 2.63, 1460503950, 0, 4832
1, 33.00, 2.63, 1460503951, 0, 4833
1, 33.00, 2.62, 1460503952, 0, 4834
1, 33.00, 2.63, 1460503953, 0, 4834
1, 33.00, 2.63, 1460503955, 0, 4833
1, 32.00, 2.63, 1460503956, 0, 4833
1, 32.00, 2.62, 1460503957, 0, 4832
1, 33.00, 2.63, 1460503959, 0, 4833
1, 33.00, 2.62, 1460503960, 0, 4832
1, 32.00, 2.62, 1460503961, 0, 4831
1, 33.00, 2.62, 1460503962, 0, 4833
1, 33.00, 2.62, 1460503964, 0, 4831
1, 32.00, 2.62, 1460503965, 0, 4833
1, 33.00, 2.63, 1460503966, 0, 4833
1, 33.00, 2.62, 1460503968, 0, 4833
1, 33.00, 2.63, 1460503969, 0, 4832
1, 33.00, 2.63, 1460503970, 0, 4831
1, 33.00, 2.62, 1460503972, 0, 4832
1, 33.00, 2.63, 1460503973, 0, 4832
1, 33.00, 2.62, 1460503974, 0, 4832
1, 32.00, 2.62, 1460503975, 0, 4832
1, 32.00, 2.62, 1460503977, 0, 4832
1, 32.00, 2.63, 1460503978, 0, 4830
1, 32.00, 2.63, 1460503979, 0, 4831
1, 32.00, 2.62, 1460503981, 0, 4831
1, 32.00, 2.62, 1460503982, 0, 4831
1, 32.00, 2.62, 1460503983, 0, 4831
1, 32.00, 2.63, 1460503984, 0, 4830
1, 33.00, 2.63, 1460503986, 0, 4831
1, 33.00, 2.63, 1460503987, 0, 4831
1, 32.00, 2.62, 1460503988, 0, 4830
1, 32.00, 2.63, 1460503990, 0, 4830
1, 32.00, 2.63, 1460503991, 0, 4830
1, 32.00, 2.62, 1460503992, 0, 4830
1, 32.00, 2.63, 1460503994, 0, 4829
1, 32.00, 2.63, 1460503995, 0, 4829
1, 32.00, 2.63, 1460503996, 0, 4830
1, 32.00, 2.62, 1460503997, 0, 4829
1, 32.00, 2.62, 1460503999, 0, 4828
1, 32.00, 2.63, 1460504000, 0, 4829
1, 32.00, 2.62, 1460504001, 0, 4829
1, 32.00, 2.63, 1460504003, 0, 4827
1, 32.00, 2.63, 1460504004, 0, 4828
1, 33.00, 2.63, 1460504005, 0, 4828
1, 32.00, 2.62, 1460504006, 0, 4828
1, 32.00, 2.62, 1460504008, 0, 4828
1, 32.00, 2.63, 1460504009, 0, 4829
1, 32.00, 2.63, 1460504010, 0, 4829
1, 31.00, 2.63, 1460504012, 0, 4827
1, 32.00, 2.62, 1460504013, 0, 4827
1, 32.00, 2.62, 1460504014, 0, 4828
1, 31.00, 2.62, 1460504016, 0, 4828
1, 32.00, 2.63, 1460504017, 0, 4827
1, 31.00, 2.63, 1460504018, 0, 4826
1, 31.00, 2.62, 1460504020, 0, 4827
1, 32.00, 2.63, 1460504021, 0, 4826
1, 32.00, 2.63, 1460504022, 0, 4828
1, 31.00, 2.62, 1460504024, 0, 4827
1, 32.00, 2.63, 1460504025, 0, 4827
1, 32.00, 2.62, 1460504026, 0, 4827
1, 31.00, 2.63, 1460504027, 0, 4826
1, 32.00, 2.62, 1460504029, 0, 4827
1, 31.00, 2.62, 1460504030, 0, 4826
1, 32.00, 2.63, 1460504031, 0, 4826
1, 32.00, 2.62, 1460504033, 0, 4826
1, 31.00, 2.62, 1460504034, 0, 4826
1, 31.00, 2.62, 1460504035, 0, 4827
1, 32.00, 2.63, 1460504036, 0, 4827
1, 31.00, 2.62, 1460504038, 0, 4825
1, 31.00, 2.63, 1460504039, 0, 4826
1, 31.00, 2.63, 1460504040, 0, 4826
1, 31.00, 2.63, 1460504042, 0, 4825
1, 31.00, 2.62, 1460504043, 0, 4826
1, 31.00, 2.62, 1460504044, 0, 4825
1, 31.00, 2.63, 1460504046, 0, 4825
1, 31.00, 2.62, 1460504047, 0, 4824
1, 31.00, 2.63, 1460504048, 0, 4824
1, 31.00, 2.62, 1460504049, 0, 4825
1, 31.00, 2.62, 1460504051, 0, 4824
1, 30.00, 2.63, 1460504052, 0, 4825
1, 31.00, 2.63, 1460504053, 0, 4825
1, 31.00, 2.62, 1460504055, 0, 4824
1, 31.00, 2.63, 1460504056, 0, 4825
1, 31.00, 2.62, 1460504057, 0, 4825
1, 31.00, 2.63, 1460504058, 0, 4825
1, 30.00, 2.62, 1460504060, 0, 4824
1, 31.00, 2.62, 1460504061, 0, 4824
1, 30.00, 2.63, 1460504062, 0, 4823
1, 30.00, 2.62, 1460504064, 0, 4823
1, 31.00, 2.63, 1460504065, 0, 4823
1, 31.00, 2.62, 1460504066, 0, 4823
1, 31.00, 2.63, 1460504068, 0, 4823
1, 31.00, 2.63, 1460504069, 0, 4824
1, 30.00, 2.62, 1460504070, 0, 4824
1, 30.00, 2.62, 1460504071, 0, 4824
1, 31.00, 2.62, 1460504073, 0, 4823
1, 31.00, 2.63, 1460504074, 0, 4823
1, 30.00, 2.62, 1460504075, 0, 4823
1, 30.00, 2.63, 1460504077, 0, 4822
1, 30.00, 2.63, 1460504078, 0, 4822
1, 31.00, 2.63, 1460504079, 0, 4824
1, 30.00, 2.62, 1460504081, 0, 4820
1, 30.00, 2.63, 1460504082, 0, 4823
1, 31.00, 2.62, 1460504083, 0, 4821
1, 30.00, 2.62, 1460504084, 0, 4822
1, 30.00, 2.63, 1460504086, 0, 4821
1, 30.00, 2.62, 1460504087, 0, 4822
1, 30.00, 2.62, 1460504088, 0, 4821
1, 32.00, 2.62, 1460504090, 0, 4822
1, 31.00, 2.63, 1460504091, 0, 4821
1, 31.00, 2.62, 1460504092, 0, 4821
1, 30.00, 2.62, 1460504093, 0, 4821
1, 30.00, 2.62, 1460504095, 0, 4822
1, 31.00, 2.62, 1460504096, 0, 4820
1, 31.00, 2.62, 1460504097, 0, 4820
1, 31.00, 2.62, 1460504099, 0, 4820
1, 30.00, 2.62, 1460504100, 0, 4820
1, 30.00, 2.63, 1460504101, 0, 4820
1, 29.00, 2.62, 1460504102, 0, 4820
1, 30.00, 2.62, 1460504104, 0, 4821
1, 29.00, 2.62, 1460504105, 0, 4819
1, 30.00, 2.62, 1460504106, 0, 4820
1, 30.00, 2.62, 1460504108, 0, 4821
1, 30.00, 2.62, 1460504109, 0, 4820
1, 30.00, 2.62, 1460504110, 0, 4821
1, 30.00, 2.62, 1460504112, 0, 4819
1, 30.00, 2.63, 1460504113, 0, 4820
1, 30.00, 2.62, 1460504114, 0, 4819
1, 30.00, 2.63, 1460504115, 0, 4819
1, 30.00, 2.62, 1460504117, 0, 4820
1, 29.00, 2.62, 1460504118, 0, 4819
1, 30.00, 2.62, 1460504119, 0, 4819
1, 30.00, 2.63, 1460504121, 0, 4821
1, 30.00, 2.63, 1460504122, 0, 4820
1, 29.00, 2.62, 1460504123, 0, 4819
1, 29.00, 2.62, 1460504124, 0, 4820
1, 30.00, 2.62, 1460504126, 0, 4818
1, 30.00, 2.63, 1460504127, 0, 4819
1, 30.00, 2.62, 1460504128, 0, 4819
1, 30.00, 2.62, 1460504130, 0, 4819
1, 30.00, 2.63, 1460504131, 0, 4819
1, 30.00, 2.62, 1460504132, 0, 4819
1, 29.00, 2.62, 1460504134, 0, 4818
1, 29.00, 2.63, 1460504135, 0, 4818
1, 29.00, 2.62, 1460504136, 0, 4818
1, 30.00, 2.62, 1460504137, 0, 4819
1, 29.00, 2.62, 1460504139, 0, 4818
1, 29.00, 2.63, 1460504140, 0, 4818
1, 29.00, 2.62, 1460504141, 0, 4818
1, 30.00, 2.62, 1460504143, 0, 4817
1, 29.00, 2.63, 1460504144, 0, 4817
1, 30.00, 2.63, 1460504145, 0, 4817
1, 29.00, 2.62, 1460504146, 0, 4818
1, 28.00, 2.62, 1460504148, 0, 4817
1, 29.00, 2.62, 1460504149, 0, 4817
1, 29.00, 2.62, 1460504150, 0, 4816
1, 29.00, 2.62, 1460504152, 0, 4817
1, 29.00, 2.62, 1460504153, 0, 4817
1, 30.00, 2.63, 1460504154, 0, 4816
1, 30.00, 2.63, 1460504156, 0, 4816
1, 29.00, 2.62, 1460504157, 0, 4817
1, 30.00, 2.62, 1460504158, 0, 4816
1, 29.00, 2.62, 1460504159, 0, 4816
1, 30.00, 2.62, 1460504161, 0, 4817
1, 29.00, 2.62, 1460504162, 0, 4817
1, 29.00, 2.62, 1460504163, 0, 4816
1, 29.00, 2.62, 1460504165, 0, 4816
1, 28.00, 2.62, 1460504166, 0, 4816
1, 29.00, 2.62, 1460504167, 0, 4815
1, 29.00, 2.63, 1460504168, 0, 4817
1, 29.00, 2.63, 1460504170, 0, 4816
1, 28.00, 2.62, 1460504171, 0, 4816
1, 29.00, 2.63, 1460504172, 0, 4815
1, 29.00, 2.63, 1460504174, 0, 4815
1, 29.00, 2.63, 1460504175, 0, 4815
1, 29.00, 2.62, 1460504176, 0, 4815
1, 29.00, 2.62, 1460504178, 0, 4816
1, 30.00, 2.62, 1460504179, 0, 4816
1, 28.00, 2.62, 1460504180, 0, 4816
1, 29.00, 2.63, 1460504181, 0, 4815
1, 29.00, 2.63, 1460504183, 0, 4814
1, 29.00, 2.62, 1460504184, 0, 4814
1, 28.00, 2.62, 1460504185, 0, 4814
1, 29.00, 2.62, 1460504187, 0, 4816
1, 29.00, 2.62, 1460504188, 0, 4812
1, 29.00, 2.62, 1460504189, 0, 4815
1, 28.00, 2.62, 1460504190, 0, 4815
1, 28.00, 2.62, 1460504192, 0, 4813
1, 28.00, 2.62, 1460504193, 0, 4815
1, 28.00, 2.63, 1460504195, 0, 4814
1, 28.00, 2.62, 1460504196, 0, 4814
1, 28.00, 2.62, 1460504198, 0, 4814
1, 29.00, 2.62, 1460504199, 0, 4814
1, 29.00, 2.62, 1460504200, 0, 4814
1, 28.00, 2.63, 1460504202, 0, 4813
1, 29.00, 2.62, 1460504203, 0, 4813
1, 29.00, 2.62, 1460504204, 0, 4813
1, 29.00, 2.63, 1460504205, 0, 4812
1, 27.00, 2.62, 1460504207, 0, 4813
1, 28.00, 2.62, 1460504208, 0, 4814
1, 28.00, 2.62, 1460504209, 0, 4812
1, 28.00, 2.62, 1460504211, 0, 4812
1, 28.00, 2.63, 1460504212, 0, 4814
1, 28.00, 2.63, 1460504213, 0, 4813
1, 28.00, 2.62, 1460504214, 0, 4814
1, 29.00, 2.62, 1460504216, 0, 4812
1, 28.00, 2.63, 1460504217, 0, 4812
1, 29.00, 2.62, 1460504218, 0, 4813
1, 29.00, 2.62, 1460504220, 0, 4811
1, 28.00, 2.62, 1460504221, 0, 4813
1, 28.00, 2.62, 1460504222, 0, 4812
1, 28.00, 2.62, 1460504223, 0, 4814
1, 27.00, 2.62, 1460504225, 0, 4811
1, 27.00, 2.62, 1460504226, 0, 4812
1, 28.00, 2.63, 1460504227, 0, 4812
1, 29.00, 2.62, 1460504229, 0, 4812
1, 28.00, 2.62, 1460504230, 0, 4812
1, 28.00, 2.62, 1460504231, 0, 4810
1, 28.00, 2.62, 1460504233, 0, 4812
1, 27.00, 2.62, 1460504234, 0, 4812
1, 28.00, 2.63, 1460504235, 0, 4811
1, 27.00, 2.62, 1460504236, 0, 4812
1, 27.00, 2.62, 1460504238, 0, 4812
1, 28.00, 2.63, 1460504239, 0, 4811
1, 27.00, 2.62, 1460504240, 0, 4811
1, 28.00, 2.62, 1460504242, 0, 4811
1, 28.00, 2.62, 1460504243, 0, 4811
1, 28.00, 2.62, 1460504244, 0, 4810
1, 29.00, 2.62, 1460504245, 0, 4811
1, 28.00, 2.63, 1460504247, 0, 4811
1, 28.00, 2.62, 1460504248, 0, 4811
1, 27.00, 2.62, 1460504249, 0, 4810
1, 28.00, 2.62, 1460504251, 0, 4809
1, 28.00, 2.62, 1460504252, 0, 4809
1, 28.00, 2.63, 1460504253, 0, 4809
1, 27.00, 2.62, 1460504255, 0, 4809
1, 28.00, 2.62, 1460504256, 0, 4811
1, 28.00, 2.62, 1460504257, 0, 4809
1, 28.00, 2.62, 1460504258, 0, 4809
1, 28.00, 2.62, 1460504260, 0, 4810
1, 27.00, 2.62, 1460504261, 0, 4810
1, 28.00, 2.62, 1460504262, 0, 4808
1, 27.00, 2.62, 1460504264, 0, 4808
1, 27.00, 2.62, 1460504265, 0, 4808
1, 27.00, 2.62, 1460504266, 0, 4808
1, 28.00, 2.62, 1460504267, 0, 4808
1, 27.00, 2.62, 1460504269, 0, 4810
1, 27.00, 2.62, 1460504270, 0, 4808
1, 27.00, 2.62, 1460504271, 0, 4809
1, 28.00, 2.63, 1460504273, 0, 4808
1, 28.00, 2.63, 1460504274, 0, 4809
1, 27.00, 2.62, 1460504275, 0, 4809
1, 27.00, 2.62, 1460504276, 0, 4806
1, 28.00, 2.62, 1460504278, 0, 4807
1, 27.00, 2.63, 1460504279, 0, 4809
1, 27.00, 2.62, 1460504280, 0, 4807
1, 27.00, 2.62, 1460504282, 0, 4807
1, 27.00, 2.62, 1460504283, 0, 4808
1, 27.00, 2.62, 1460504284, 0, 4807
1, 27.00, 2.62, 1460504286, 0, 4808
1, 27.00, 2.62, 1460504287, 0, 4807
1, 27.00, 2.62, 1460504288, 0, 4806
1, 27.00, 2.62, 1460504289, 0, 4807
1, 26.00, 2.62, 1460504291, 0, 4807
1, 27.00, 2.62, 1460504292, 0, 4807
1, 26.00, 2.62, 1460504293, 0, 4806
1, 27.00, 2.62, 1460504295, 0, 4806
1, 27.00, 2.62, 1460504296, 0, 4806
1, 26.00, 2.63, 1460504297, 0, 4807
1, 27.00, 2.62, 1460504298, 0, 4806
1, 27.00, 2.62, 1460504300, 0, 4806
1, 27.00, 2.62, 1460504301, 0, 4806
1, 27.00, 2.62, 1460504302, 0, 4806
1, 27.00, 2.62, 1460504304, 0, 4806
1, 26.00, 2.63, 1460504305, 0, 4806
1, 27.00, 2.62, 1460504306, 0, 4806
1, 26.00, 2.62, 1460504308, 0, 4806
1, 27.00, 2.62, 1460504309, 0, 4806
1, 27.00, 2.62, 1460504310, 0, 4806
1, 27.00, 2.62, 1460504311, 0, 4806
1, 27.00, 2.62, 1460504313, 0, 4806
1, 26.00, 2.62, 1460504314, 0, 4805
1, 27.00, 2.62, 1460504315, 0, 4804
1, 28.00, 2.62, 1460504317, 0, 4804
1, 27.00, 2.62, 1460504318, 0, 4805
1, 27.00, 2.63, 1460504319, 0, 4805
1, 27.00, 2.63, 1460504320, 0, 4804
1, 27.00, 2.62, 1460504322, 0, 4806
1, 26.00, 2.62, 1460504323, 0, 4805
1, 27.00, 2.62, 1460504324, 0, 4806
1, 27.00, 2.63, 1460504326, 0, 4805
1, 26.00, 2.62, 1460504327, 0, 4804
1, 27.00, 2.62, 1460504328, 0, 4804
1, 27.00, 2.62, 1460504329, 0, 4804
1, 26.00, 2.62, 1460504331, 0, 4804
1, 27.00, 2.63, 1460504332, 0, 4803
1, 26.00, 2.62, 1460504333, 0, 4805
1, 26.00, 2.62, 1460504335, 0, 4804
1, 27.00, 2.62, 1460504336, 0, 4804
1, 26.00, 2.63, 1460504337, 0, 4804
1, 26.00, 2.62, 1460504339, 0, 4804
1, 26.00, 2.63, 1460504340, 0, 4804
1, 27.00, 2.63, 1460504341, 0, 4803
1, 26.00, 2.62, 1460504342, 0, 4803
1, 26.00, 2.62, 1460504344, 0, 4803
1, 26.00, 2.62, 1460504345, 0, 4803
1, 27.00, 2.62, 1460504346, 0, 4803
1, 27.00, 2.62, 1460504348, 0, 4805
1, 26.00, 2.62, 1460504349, 0, 4804
1, 26.00, 2.62, 1460504350, 0, 4803
1, 26.00, 2.62, 1460504351, 0, 4803
1, 26.00, 2.62, 1460504353, 0, 4802
1, 26.00, 2.62, 1460504354, 0, 4802
1, 25.00, 2.62, 1460504355, 0, 4802
1, 26.00, 2.62, 1460504357, 0, 4802
1, 26.00, 2.62, 1460504358, 0, 4803
1, 26.00, 2.62, 1460504359, 0, 4801
1, 26.00, 2.62, 1460504361, 0, 4801
1, 26.00, 2.63, 1460504362, 0, 4801
1, 25.00, 2.63, 1460504363, 0, 4801
1, 26.00, 2.63, 1460504364, 0, 4801
1, 26.00, 2.62, 1460504366, 0, 4801
1, 25.00, 2.62, 1460504367, 0, 4801
1, 26.00, 2.62, 1460504368, 0, 4800
1, 26.00, 2.62, 1460504370, 0, 4802
1, 26.00, 2.62, 1460504371, 0, 4800
1, 25.00, 2.62, 1460504372, 0, 4801
1, 26.00, 2.63, 1460504373, 0, 4801
1, 25.00, 2.63, 1460504375, 0, 4801
1, 25.00, 2.63, 1460504376, 0, 4800
1, 26.00, 2.62, 1460504377, 0, 4800
1, 26.00, 2.62, 1460504379, 0, 4799
1, 25.00, 2.62, 1460504380, 0, 4800
1, 26.00, 2.63, 1460504381, 0, 4800
1, 26.00, 2.63, 1460504382, 0, 4801
1, 26.00, 2.62, 1460504384, 0, 4800
1, 25.00, 2.62, 1460504385, 0, 4799
1, 25.00, 2.62, 1460504386, 0, 4801
1, 25.00, 2.63, 1460504388, 0, 4800
1, 26.00, 2.62, 1460504389, 0, 4799
1, 26.00, 2.62, 1460504390, 0, 4800
1, 25.00, 2.62, 1460504392, 0, 4799
1, 25.00, 2.62, 1460504393, 0, 4796
1, 26.00, 2.62, 1460504394, 0, 4799
1, 25.00, 2.62, 1460504395, 0, 4799
1, 25.00, 2.63, 1460504397, 0, 4799
1, 26.00, 2.63, 1460504398, 0, 4799
1, 25.00, 2.62, 1460504399, 0, 4798
1, 25.00, 2.63, 1460504401, 0, 4799
1, 25.00, 2.62, 1460504402, 0, 4799
1, 25.00, 2.62, 1460504403, 0, 4799
1, 25.00, 2.62, 1460504404, 0, 4799
1, 26.00, 2.63, 1460504406, 0, 4798
1, 25.00, 2.62, 1460504407, 0, 4800
1, 25.00, 2.62, 1460504408, 0, 4799
1, 25.00, 2.62, 1460504410, 0, 4800
1, 25.00, 2.62, 1460504411, 0, 4799
1, 25.00, 2.62, 1460504412, 0, 4798
1, 26.00, 2.62, 1460504413, 0, 4800
1, 25.00, 2.62, 1460504415, 0, 4798
1, 26.00, 2.62, 1460504416, 0, 4798
1, 25.00, 2.62, 1460504417, 0, 4797
1, 25.00, 2.62, 1460504419, 0, 4798
1, 25.00, 2.62, 1460504420, 0, 4798
1, 25.00, 2.62, 1460504421, 0, 4792
1, 24.00, 2.62, 1460504423, 0, 4796
1, 25.00, 2.62, 1460504424, 0, 4797
1, 25.00, 2.62, 1460504425, 0, 4797
1, 25.00, 2.62, 1460504426, 0, 4798
1, 25.00, 2.63, 1460504428, 0, 4797
1, 25.00, 2.62, 1460504429, 0, 4796
1, 25.00, 2.63, 1460504430, 0, 4797
1, 26.00, 2.63, 1460504432, 0, 4796
1, 25.00, 2.62, 1460504433, 0, 4797
1, 24.00, 2.62, 1460504434, 0, 4796
1, 25.00, 2.62, 1460504435, 0, 4795
1, 25.00, 2.62, 1460504437, 0, 4796
1, 25.00, 2.62, 1460504438, 0, 4796
1, 25.00, 2.62, 1460504439, 0, 4797
1, 24.00, 2.62, 1460504441, 0, 4796
1, 25.00, 2.62, 1460504442, 0, 4796
1, 24.00, 2.62, 1460504443, 0, 4795
1, 25.00, 2.62, 1460504444, 0, 4796
1, 24.00, 2.63, 1460504446, 0, 4797
1, 25.00, 2.62, 1460504447, 0, 4796
1, 25.00, 2.62, 1460504448, 0, 4796
1, 24.00, 2.62, 1460504450, 0, 4796
1, 25.00, 2.63, 1460504451, 0, 4796
1, 25.00, 2.62, 1460504452, 0, 4796
1, 25.00, 2.62, 1460504454, 0, 4795
1, 24.00, 2.62, 1460504455, 0, 4796
1, 25.00, 2.62, 1460504456, 0, 4796
1, 25.00, 2.63, 1460504457, 0, 4794
1, 24.00, 2.62, 1460504459, 0, 4794
1, 25.00, 2.62, 1460504460, 0, 4795
1, 25.00, 2.63, 1460504461, 0, 4795
1, 25.00, 2.62, 1460504463, 0, 4795
1, 24.00, 2.63, 1460504464, 0, 4795
1, 25.00, 2.62, 1460504465, 0, 4795
1, 23.00, 2.62, 1460504466, 0, 4795
1, 24.00, 2.63, 1460504468, 0, 4795
1, 24.00, 2.62, 1460504469, 0, 4795
1, 24.00, 2.62, 1460504470, 0, 4795
1, 24.00, 2.62, 1460504472, 0, 4794
1, 24.00, 2.62, 1460504473, 0, 4794
1, 24.00, 2.62, 1460504474, 0, 4793
1, 24.00, 2.62, 1460504475, 0, 4794
1, 24.00, 2.62, 1460504477, 0, 4793
1, 24.00, 2.62, 1460504478, 0, 4794
1, 24.00, 2.63, 1460504479, 0, 4793
1, 24.00, 2.62, 1460504481, 0, 4794
1, 24.00, 2.62, 1460504482, 0, 4795
1, 24.00, 2.63, 1460504483, 0, 4794
1, 24.00, 2.62, 1460504485, 0, 4794
1, 24.00, 2.62, 1460504486, 0, 4793
1, 24.00, 2.62, 1460504487, 0, 4793
1, 25.00, 2.62, 1460504488, 0, 4793
1, 24.00, 2.62, 1460504490, 0, 4792
1, 24.00, 2.62, 1460504491, 0, 4792
1, 24.00, 2.62, 1460504492, 0, 4792
1, 24.00, 2.62, 1460504494, 0, 4792
1, 24.00, 2.62, 1460504495, 0, 4794
1, 24.00, 2.62, 1460504496, 0, 4793
1, 24.00, 2.62, 1460504497, 0, 4792
1, 24.00, 2.63, 1460504499, 0, 4793
1, 23.00, 2.62, 1460504500, 0, 4792
1, 24.00, 2.62, 1460504501, 0, 4791
1, 24.00, 2.62, 1460504503, 0, 4792
1, 24.00, 2.62, 1460504504, 0, 4792
1, 25.00, 2.62, 1460504505, 0, 4791
1, 24.00, 2.62, 1460504506, 0, 4792
1, 24.00, 2.62, 1460504508, 0, 4791
1, 24.00, 2.62, 1460504509, 0, 4792
1, 24.00, 2.63, 1460504510, 0, 4792
1, 24.00, 2.63, 1460504512, 0, 4792
1, 24.00, 2.62, 1460504513, 0, 4791
1, 23.00, 2.63, 1460504514, 0, 4791
1, 23.00, 2.63, 1460504515, 0, 4792
1, 23.00, 2.62, 1460504517, 0, 4792
1, 23.00, 2.62, 1460504518, 0, 4792
1, 24.00, 2.62, 1460504519, 0, 4791
1, 24.00, 2.62, 1460504521, 0, 4791
1, 24.00, 2.62, 1460504522, 0, 4790
1, 24.00, 2.62, 1460504523, 0, 4790
1, 24.00, 2.62, 1460504525, 0, 4790
1, 24.00, 2.62, 1460504526, 0, 4791
1, 24.00, 2.62, 1460504527, 0, 4791
1, 24.00, 2.62, 1460504528, 0, 4791
1, 23.00, 2.63, 1460504530, 0, 4790
1, 23.00, 2.63, 1460504531, 0, 4790
1, 24.00, 2.62, 1460504532, 0, 4791
1, 24.00, 2.63, 1460504534, 0, 4791
1, 23.00, 2.62, 1460504535, 0, 4790
1, 24.00, 2.62, 1460504536, 0, 4790
1, 23.00, 2.62, 1460504537, 0, 4789
1, 24.00, 2.62, 1460504539, 0, 4790
1, 24.00, 2.62, 1460504540, 0, 4791
1, 24.00, 2.62, 1460504541, 0, 4789
1, 24.00, 2.62, 1460504543, 0, 4789
1, 23.00, 2.62, 1460504544, 0, 4790
1, 24.00, 2.62, 1460504545, 0, 4789
1, 23.00, 2.62, 1460504546, 0, 4790
1, 23.00, 2.62, 1460504548, 0, 4789
1, 24.00, 2.62, 1460504549, 0, 4788
1, 23.00, 2.62, 1460504550, 0, 4790
1, 23.00, 2.62, 1460504552, 0, 4790
1, 23.00, 2.62, 1460504553, 0, 4789
1, 23.00, 2.62, 1460504554, 0, 4789
1, 23.00, 2.62, 1460504556, 0, 4788
1, 23.00, 2.62, 1460504557, 0, 4788
1, 22.00, 2.62, 1460504558, 0, 4787
1, 23.00, 2.62, 1460504559, 0, 4788
1, 22.00, 2.62, 1460504561, 0, 4788
1, 23.00, 2.62, 1460504562, 0, 4788
1, 24.00, 2.62, 1460504563, 0, 4788
1, 23.00, 2.62, 1460504565, 0, 4788
1, 22.00, 2.62, 1460504566, 0, 4789
1, 23.00, 2.62, 1460504567, 0, 4788
1, 22.00, 2.62, 1460504568, 0, 4787
1, 23.00, 2.62, 1460504570, 0, 4788
1, 23.00, 2.62, 1460504571, 0, 4787
1, 23.00, 2.62, 1460504572, 0, 4787
1, 24.00, 2.62, 1460504574, 0, 4788
1, 23.00, 2.62, 1460504575, 0, 4788
1, 23.00, 2.62, 1460504576, 0, 4787
1, 23.00, 2.62, 1460504577, 0, 4788
1, 23.00, 2.63, 1460504579, 0, 4788
1, 23.00, 2.62, 1460504580, 0, 4788
1, 22.00, 2.62, 1460504581, 0, 4786
1, 23.00, 2.62, 1460504583, 0, 4787
1, 23.00, 2.62, 1460504584, 0, 4786
1, 23.00, 2.62, 1460504585, 0, 4787
1, 23.00, 2.62, 1460504587, 0, 4787
1, 23.00, 2.62, 1460504588, 0, 4786
1, 22.00, 2.62, 1460504589, 0, 4787
1, 23.00, 2.62, 1460504590, 0, 4787
1, 23.00, 2.62, 1460504592, 0, 4786
1, 22.00, 2.62, 1460504593, 0, 4786
1, 23.00, 2.62, 1460504594, 0, 4787
1, 22.00, 2.62, 1460504596, 0, 4786
1, 22.00, 2.62, 1460504597, 0, 4786
1, 23.00, 2.62, 1460504598, 0, 4786
1, 23.00, 2.62, 1460504599, 0, 4785
1, 22.00, 2.62, 1460504601, 0, 4785
1, 22.00, 2.62, 1460504602, 0, 4785
1, 22.00, 2.62, 1460504603, 0, 4785
1, 22.00, 2.62, 1460504605, 0, 4784
1, 22.00, 2.62, 1460504606, 0, 4784
1, 22.00, 2.62, 1460504607, 0, 4785
1, 22.00, 2.62, 1460504608, 0, 4786
1, 22.00, 2.62, 1460504610, 0, 4786
1, 23.00, 2.62, 1460504611, 0, 4784
1, 22.00, 2.62, 1460504612, 0, 4785
1, 23.00, 2.62, 1460504614, 0, 4785
1, 23.00, 2.62, 1460504615, 0, 4785
1, 22.00, 2.62, 1460504616, 0, 4785
1, 22.00, 2.62, 1460504617, 0, 4785
1, 22.00, 2.62, 1460504619, 0, 4784
1, 22.00, 2.62, 1460504620, 0, 4785
1, 22.00, 2.62, 1460504621, 0, 4783
1, 23.00, 2.62, 1460504623, 0, 4785
1, 22.00, 2.62, 1460504624, 0, 4784
1, 22.00, 2.62, 1460504625, 0, 4781
1, 22.00, 2.62, 1460504627, 0, 4784
1, 22.00, 2.62, 1460504628, 0, 4784
1, 21.00, 2.63, 1460504629, 0, 4784
1, 22.00, 2.62, 1460504630, 0, 4784
1, 22.00, 2.62, 1460504632, 0, 4784
1, 22.00, 2.62, 1460504633, 0, 4783
1, 23.00, 2.63, 1460504634, 0, 4784
1, 22.00, 2.62, 1460504636, 0, 4783
1, 22.00, 2.62, 1460504637, 0, 4783
1, 22.00, 2.62, 1460504638, 0, 4783
1, 22.00, 2.62, 1460504639, 0, 4783
1, 21.00, 2.62, 1460504641, 0, 4783
1, 22.00, 2.62, 1460504642, 0, 4783
1, 22.00, 2.62, 1460504643, 0, 4782
1, 23.00, 2.62, 1460504645, 0, 4782
1, 22.00, 2.62, 1460504646, 0, 4782
1, 22.00, 2.62, 1460504647, 0, 4782
1, 21.00, 2.62, 1460504648, 0, 4781
1, 21.00, 2.62, 1460504650, 0, 4781
1, 22.00, 2.62, 1460504651, 0, 4781
1, 22.00, 2.62, 1460504652, 0, 4782
1, 22.00, 2.62, 1460504654, 0, 4781
1, 22.00, 2.63, 1460504655, 0, 4781
1, 22.00, 2.62, 1460504656, 0, 4782
1, 22.00, 2.62, 1460504657, 0, 4778
1, 22.00, 2.62, 1460504659, 0, 4782
1, 22.00, 2.62, 1460504660, 0, 4780
1, 22.00, 2.62, 1460504661, 0, 4781
1, 22.00, 2.62, 1460504663, 0, 4781
1, 22.00, 2.62, 1460504664, 0, 4780
1, 22.00, 2.62, 1460504665, 0, 4781
1, 22.00, 2.62, 1460504667, 0, 4776
1, 22.00, 2.62, 1460504668, 0, 4781
1, 22.00, 2.62, 1460504669, 0, 4783
1, 22.00, 2.62, 1460504670, 0, 4781
1, 21.00, 2.62, 1460504672, 0, 4779
1, 21.00, 2.62, 1460504673, 0, 4780
1, 21.00, 2.62, 1460504674, 0, 4780
1, 22.00, 2.62, 1460504676, 0, 4780
1, 21.00, 2.62, 1460504677, 0, 4780
1, 20.00, 2.62, 1460504678, 0, 4780
1, 21.00, 2.62, 1460504679, 0, 4782
1, 22.00, 2.62, 1460504681, 0, 4781
1, 21.00, 2.62, 1460504682, 0, 4780
1, 22.00, 2.62, 1460504683, 0, 4780
1, 21.00, 2.62, 1460504685, 0, 4780
1, 21.00, 2.62, 1460504686, 0, 4779
1, 22.00, 2.62, 1460504687, 0, 4780
1, 22.00, 2.62, 1460504688, 0, 4780
1, 21.00, 2.62, 1460504690, 0, 4780
1, 21.00, 2.62, 1460504691, 0, 4780
1, 21.00, 2.62, 1460504692, 0, 4778
1, 21.00, 2.62, 1460504694, 0, 4779
1, 21.00, 2.62, 1460504695, 0, 4780
1, 21.00, 2.62, 1460504696, 0, 4780
1, 22.00, 2.62, 1460504697, 0, 4779
1, 21.00, 2.62, 1460504699, 0, 4780
1, 21.00, 2.62, 1460504700, 0, 4780
1, 21.00, 2.62, 1460504701, 0, 4779
1, 22.00, 2.62, 1460504703, 0, 4778
1, 22.00, 2.62, 1460504704, 0, 4779
1, 21.00, 2.62, 1460504705, 0, 4779
1, 21.00, 2.62, 1460504707, 0, 4779
1, 21.00, 2.62, 1460504708, 0, 4779
1, 21.00, 2.62, 1460504709, 0, 4778
1, 22.00, 2.62, 1460504710, 0, 4778
1, 22.00, 2.62, 1460504712, 0, 4779
1, 22.00, 2.62, 1460504713, 0, 4778
1, 21.00, 2.62, 1460504714, 0, 4778
1, 21.00, 2.62, 1460504716, 0, 4779
1, 21.00, 2.62, 1460504717, 0, 4777
1, 21.00, 2.62, 1460504718, 0, 4778
1, 20.00, 2.62, 1460504719, 0, 4778
1, 21.00, 2.62, 1460504721, 0, 4778
1, 22.00, 2.62, 1460504722, 0, 4777
1, 21.00, 2.62, 1460504723, 0, 4777
1, 21.00, 2.62, 1460504725, 0, 4779
1, 21.00, 2.62, 1460504726, 0, 4778
1, 21.00, 2.62, 1460504727, 0, 4778
1, 21.00, 2.62, 1460504728, 0, 4777
1, 21.00, 2.62, 1460504730, 0, 4777
1, 20.00, 2.62, 1460504731, 0, 4777
1, 20.00, 2.62, 1460504732, 0, 4778
1, 20.00, 2.62, 1460504734, 0, 4776
1, 21.00, 2.62, 1460504735, 0, 4776
1, 21.00, 2.62, 1460504736, 0, 4777
1, 20.00, 2.62, 1460504737, 0, 4776
1, 21.00, 2.62, 1460504739, 0, 4778
1, 20.00, 2.62, 1460504740, 0, 4776
1, 21.00, 2.62, 1460504741, 0, 4777
1, 21.00, 2.62, 1460504743, 0, 4776
1, 20.00, 2.62, 1460504744, 0, 4777
1, 21.00, 2.62, 1460504745, 0, 4772
1, 21.00, 2.62, 1460504747, 0, 4775
1, 20.00, 2.62, 1460504748, 0, 4775
1, 22.00, 2.62, 1460504749, 0, 4776
1, 20.00, 2.62, 1460504750, 0, 4775
1, 21.00, 2.62, 1460504752, 0, 4775
1, 21.00, 2.62, 1460504753, 0, 4775
1, 21.00, 2.62, 1460504754, 0, 4774
1, 20.00, 2.62, 1460504756, 0, 4776
1, 20.00, 2.62, 1460504757, 0, 4774
1, 20.00, 2.62, 1460504758, 0, 4774
1, 20.00, 2.62, 1460504759, 0, 4775
1, 21.00, 2.62, 1460504761, 0, 4776
1, 20.00, 2.62, 1460504762, 0, 4774
1, 21.00, 2.62, 1460504763, 0, 4775
1, 21.00, 2.62, 1460504765, 0, 4774
1, 20.00, 2.62, 1460504766, 0, 4775
1, 21.00, 2.62, 1460504767, 0, 4774
1, 20.00, 2.62, 1460504768, 0, 4776
1, 20.00, 2.62, 1460504770, 0, 4775
1, 20.00, 2.62, 1460504771, 0, 4773
1, 21.00, 2.62, 1460504772, 0, 4774
1, 21.00, 2.62, 1460504774, 0, 4774
1, 20.00, 2.62, 1460504775, 0, 4774
1, 20.00, 2.62, 1460504776, 0, 4773
1, 20.00, 2.62, 1460504777, 0, 4775
1, 20.00, 2.62, 1460504779, 0, 4773
1, 20.00, 2.62, 1460504780, 0, 4775
1, 20.00, 2.62, 1460504781, 0, 4775
1, 19.00, 2.62, 1460504783, 0, 4774
1, 20.00, 2.63, 1460504784, 0, 4775
1, 20.00, 2.62, 1460504785, 0, 4773
1, 20.00, 2.62, 1460504786, 0, 4773
1, 20.00, 2.62, 1460504788, 0, 4773
1, 20.00, 2.62, 1460504789, 0, 4774
1, 20.00, 2.62, 1460504790, 0, 4773
1, 20.00, 2.62, 1460504792, 0, 4772
1, 19.00, 2.62, 1460504793, 0, 4772
1, 20.00, 2.62, 1460504794, 0, 4773
1, 20.00, 2.62, 1460504796, 0, 4772
1, 20.00, 2.62, 1460504797, 0, 4772
1, 20.00, 2.62, 1460504798, 0, 4773
1, 20.00, 2.62, 1460504799, 0, 4772
1, 20.00, 2.62, 1460504801, 0, 4772
1, 20.00, 2.62, 1460504802, 0, 4771
1, 20.00, 2.62, 1460504803, 0, 4772
1, 20.00, 2.62, 1460504805, 0, 4772
1, 20.00, 2.62, 1460504806, 0, 4773
1, 20.00, 2.62, 1460504807, 0, 4772
1, 19.00, 2.62, 1460504808, 0, 4773
1, 21.00, 2.62, 1460504810, 0, 4773
1, 19.00, 2.62, 1460504811, 0, 4772
1, 20.00, 2.62, 1460504812, 0, 4771
1, 19.00, 2.62, 1460504814, 0, 4773
1, 20.00, 2.62, 1460504815, 0, 4771
1, 21.00, 2.62, 1460504816, 0, 4771
1, 20.00, 2.62, 1460504817, 0, 4771
1, 20.00, 2.62, 1460504819, 0, 4772
1, 20.00, 2.62, 1460504820, 0, 4771
1, 20.00, 2.62, 1460504821, 0, 4768
1, 19.00, 2.62, 1460504823, 0, 4771
1, 20.00, 2.62, 1460504824, 0, 4772
1, 20.00, 2.63, 1460504825, 0, 4770
1, 19.00, 2.62, 1460504826, 0, 4770
1, 19.00, 2.62, 1460504828, 0, 4771
1, 20.00, 2.62, 1460504829, 0, 4771
1, 19.00, 2.62, 1460504830, 0, 4770
1, 19.00, 2.62, 1460504832, 0, 4771
1, 20.00, 2.62, 1460504833, 0, 4771
1, 19.00, 2.62, 1460504834, 0, 4769
1, 19.00, 2.62, 1460504835, 0, 4770
1, 20.00, 2.62, 1460504837, 0, 4769
1, 19.00, 2.62, 1460504838, 0, 4771
1, 19.00, 2.62, 1460504839, 0, 4770
1, 20.00, 2.62, 1460504841, 0, 4769
1, 19.00, 2.62, 1460504842, 0, 4770
1, 19.00, 2.62, 1460504843, 0, 4770
1, 20.00, 2.62, 1460504845, 0, 4769
1, 20.00, 2.62, 1460504846, 0, 4770
1, 18.00, 2.62, 1460504847, 0, 4770
1, 20.00, 2.63, 1460504848, 0, 4770
1, 19.00, 2.62, 1460504850, 0, 4770
1, 19.00, 2.62, 1460504851, 0, 4770
1, 19.00, 2.62, 1460504852, 0, 4769
1, 19.00, 2.62, 1460504854, 0, 4770
1, 20.00, 2.62, 1460504855, 0, 4769
1, 19.00, 2.62, 1460504856, 0, 4769
1, 18.00, 2.62, 1460504857, 0, 4770
1, 19.00, 2.62, 1460504859, 0, 4769
1, 19.00, 2.62, 1460504860, 0, 4769
1, 19.00, 2.62, 1460504861, 0, 4768
1, 19.00, 2.62, 1460504863, 0, 4769
1, 19.00, 2.62, 1460504864, 0, 4768
1, 19.00, 2.62, 1460504865, 0, 4768
1, 20.00, 2.62, 1460504866, 0, 4769
1, 19.00, 2.62, 1460504868, 0, 4768
1, 19.00, 2.62, 1460504869, 0, 4768
1, 19.00, 2.62, 1460504870, 0, 4769
1, 19.00, 2.62, 1460504872, 0, 4767
1, 18.00, 2.62, 1460504873, 0, 4768
1, 19.00, 2.62, 1460504874, 0, 4768
1, 18.00, 2.62, 1460504875, 0, 4769
1, 20.00, 2.62, 1460504877, 0, 4767
1, 19.00, 2.62, 1460504878, 0, 4767
1, 19.00, 2.62, 1460504879, 0, 4769
1, 19.00, 2.62, 1460504881, 0, 4768
1, 20.00, 2.62, 1460504882, 0, 4767
1, 19.00, 2.62, 1460504883, 0, 4763
1, 19.00, 2.62, 1460504884, 0, 4768
1, 19.00, 2.62, 1460504886, 0, 4767
1, 19.00, 2.62, 1460504887, 0, 4767
1, 19.00, 2.62, 1460504888, 0, 4767
1, 19.00, 2.62, 1460504890, 0, 4768
1, 19.00, 2.62, 1460504891, 0, 4767
1, 20.00, 2.62, 1460504892, 0, 4767
1, 20.00, 2.62, 1460504894, 0, 4766
1, 19.00, 2.63, 1460504895, 0, 4768
1, 19.00, 2.62, 1460504896, 0, 4766
1, 19.00, 2.62, 1460504897, 0, 4767
1, 19.00, 2.62, 1460504899, 0, 4766
1, 19.00, 2.62, 1460504900, 0, 4768
1, 18.00, 2.62, 1460504901, 0, 4766
1, 18.00, 2.62, 1460504903, 0, 4766
1, 19.00, 2.62, 1460504904, 0, 4766
1, 19.00, 2.62, 1460504905, 0, 4767
1, 19.00, 2.62, 1460504906, 0, 4767
1, 19.00, 2.62, 1460504908, 0, 4766
1, 19.00, 2.62, 1460504909, 0, 4766
1, 18.00, 2.62, 1460504910, 0, 4766
1, 18.00, 2.62, 1460504912, 0, 4766
1, 19.00, 2.62, 1460504913, 0, 4767
1, 18.00, 2.62, 1460504914, 0, 4765
1, 18.00, 2.62, 1460504915, 0, 4766
1, 18.00, 2.62, 1460504917, 0, 4765
1, 19.00, 2.62, 1460504918, 0, 4765
1, 18.00, 2.62, 1460504919, 0, 4766
1, 18.00, 2.62, 1460504921, 0, 4764
1, 18.00, 2.62, 1460504922, 0, 4766
1, 19.00, 2.62, 1460504923, 0, 4765
1, 18.00, 2.62, 1460504924, 0, 4766
1, 19.00, 2.62, 1460504926, 0, 4766
1, 19.00, 2.62, 1460504927, 0, 4764
1, 19.00, 2.62, 1460504928, 0, 4764
1, 18.00, 2.62, 1460504930, 0, 4764
1, 19.00, 2.62, 1460504931, 0, 4765
1, 19.00, 2.62, 1460504932, 0, 4765
1, 18.00, 2.62, 1460504933, 0, 4764
1, 18.00, 2.62, 1460504935, 0, 4765
1, 19.00, 2.62, 1460504936, 0, 4765
1, 19.00, 2.62, 1460504937, 0, 4765
1, 18.00, 2.62, 1460504939, 0, 4764
1, 18.00, 2.62, 1460504940, 0, 4764
1, 19.00, 2.62, 1460504941, 0, 4764
1, 18.00, 2.62, 1460504942, 0, 4765
1, 18.00, 2.62, 1460504944, 0, 4759
1, 18.00, 2.62, 1460504945, 0, 4764
1, 18.00, 2.62, 1460504946, 0, 4763
1, 19.00, 2.62, 1460504948, 0, 4763
1, 18.00, 2.62, 1460504949, 0, 4764
1, 18.00, 2.62, 1460504950, 0, 4764
1, 17.00, 2.62, 1460504952, 0, 4763
1, 17.00, 2.62, 1460504953, 0, 4763
1, 18.00, 2.62, 1460504954, 0, 4763
1, 18.00, 2.62, 1460504955, 0, 4762
1, 18.00, 2.62, 1460504957, 0, 4763
1, 17.00, 2.62, 1460504958, 0, 4763
1, 18.00, 2.62, 1460504959, 0, 4764
1, 18.00, 2.62, 1460504961, 0, 4762
1, 18.00, 2.62, 1460504962, 0, 4763
1, 18.00, 2.62, 1460504963, 0, 4763
1, 18.00, 2.62, 1460504964, 0, 4762
1, 18.00, 2.62, 1460504966, 0, 4763
1, 18.00, 2.62, 1460504967, 0, 4762
1, 18.00, 2.62, 1460504968, 0, 4763
1, 18.00, 2.62, 1460504970, 0, 4761
1, 17.00, 2.62, 1460504971, 0, 4764
1, 18.00, 2.62, 1460504972, 0, 4762
1, 17.00, 2.62, 1460504973, 0, 4762
1, 17.00, 2.62, 1460504975, 0, 4762
1, 18.00, 2.62, 1460504976, 0, 4762
1, 18.00, 2.62, 1460504977, 0, 4762
1, 18.00, 2.62, 1460504979, 0, 4762
1, 18.00, 2.62, 1460504980, 0, 4761
1, 18.00, 2.62, 1460504981, 0, 4761
1, 18.00, 2.62, 1460504982, 0, 4762
1, 17.00, 2.62, 1460504984, 0, 4762
1, 18.00, 2.62, 1460504985, 0, 4761
1, 18.00, 2.62, 1460504986, 0, 4762
1, 18.00, 2.62, 1460504988, 0, 4761
1, 17.00, 2.62, 1460504989, 0, 4761
1, 17.00, 2.62, 1460504990, 0, 4761
1, 18.00, 2.62, 1460504991, 0, 4761
1, 17.00, 2.62, 1460504993, 0, 4759
1, 18.00, 2.62, 1460504994, 0, 4760
1, 17.00, 2.62, 1460504995, 0, 4756
1, 18.00, 2.62, 1460504997, 0, 4760
1, 17.00, 2.62, 1460504998, 0, 4760
1, 18.00, 2.62, 1460504999, 0, 4760
1, 18.00, 2.62, 1460505000, 0, 4760
1, 18.00, 2.62, 1460505002, 0, 4758
1, 18.00, 2.62, 1460505003, 0, 4761
1, 17.00, 2.62, 1460505004, 0, 4761
1, 18.00, 2.62, 1460505006, 0, 4761
1, 17.00, 2.62, 1460505007, 0, 4761
1, 17.00, 2.62, 1460505008, 0, 4760
1, 18.00, 2.62, 1460505010, 0, 4760
1, 17.00, 2.62, 1460505011, 0, 4760
1, 17.00, 2.62, 1460505012, 0, 4754
1, 17.00, 2.62, 1460505013, 0, 4760
1, 17.00, 2.62, 1460505015, 0, 4760
1, 18.00, 2.62, 1460505016, 0, 4759
1, 17.00, 2.62, 1460505017, 0, 4759
1, 17.00, 2.62, 1460505019, 0, 4758
1, 17.00, 2.62, 1460505020, 0, 4758
1, 17.00, 2.62, 1460505021, 0, 4759
1, 17.00, 2.62, 1460505022, 0, 4759
1, 17.00, 2.62, 1460505024, 0, 4759
1, 17.00, 2.62, 1460505025, 0, 4760
1, 17.00, 2.62, 1460505026, 0, 4759
1, 18.00, 2.62, 1460505028, 0, 4759
1, 17.00, 2.62, 1460505029, 0, 4758
1, 17.00, 2.62, 1460505030, 0, 4760
1, 17.00, 2.62, 1460505031, 0, 4758
1, 17.00, 2.62, 1460505033, 0, 4759
1, 17.00, 2.62, 1460505034, 0, 4759
1, 16.00, 2.62, 1460505035, 0, 4759
1, 18.00, 2.62, 1460505037, 0, 4758
1, 17.00, 2.62, 1460505038, 0, 4759
1, 17.00, 2.62, 1460505039, 0, 4758
1, 17.00, 2.62, 1460505040, 0, 4754
1, 17.00, 2.62, 1460505042, 0, 4758
1, 17.00, 2.62, 1460505043, 0, 4759
1, 17.00, 2.62, 1460505044, 0, 4758
1, 17.00, 2.62, 1460505046, 0, 4758
1, 17.00, 2.62, 1460505047, 0, 4757
1, 17.00, 2.62, 1460505048, 0, 4758
1, 18.00, 2.62, 1460505049, 0, 4758
1, 17.00, 2.62, 1460505051, 0, 4757
1, 18.00, 2.62, 1460505052, 0, 4757
1, 17.00, 2.62, 1460505053, 0, 4758
1, 17.00, 2.62, 1460505055, 0, 4758
1, 16.00, 2.61, 1460505056, 0, 4757
1, 17.00, 2.62, 1460505057, 0, 4758
1, 18.00, 2.62, 1460505058, 0, 4758
1, 18.00, 2.62, 1460505060, 0, 4758
1, 17.00, 2.62, 1460505061, 0, 4757
1, 17.00, 2.62, 1460505062, 0, 4757
1, 16.00, 2.62, 1460505064, 0, 4756
1, 17.00, 2.61, 1460505065, 0, 4758
1, 17.00, 2.62, 1460505066, 0, 4756
1, 17.00, 2.62, 1460505067, 0, 4753
1, 17.00, 2.62, 1460505069, 0, 4755
1, 17.00, 2.62, 1460505070, 0, 4756
1, 17.00, 2.62, 1460505071, 0, 4757
1, 17.00, 2.62, 1460505073, 0, 4756
1, 16.00, 2.62, 1460505074, 0, 4756
1, 17.00, 2.62, 1460505075, 0, 4756
1, 17.00, 2.62, 1460505077, 0, 4757
1, 17.00, 2.62, 1460505078, 0, 4756
1, 16.00, 2.62, 1460505079, 0, 4755
1, 17.00, 2.62, 1460505080, 0, 4755
1, 18.00, 2.62, 1460505082, 0, 4755
1, 17.00, 2.62, 1460505083, 0, 4756
1, 16.00, 2.62, 1460505084, 0, 4756
1, 16.00, 2.62, 1460505086, 0, 4756
1, 16.00, 2.62, 1460505087, 0, 4757
1, 16.00, 2.62, 1460505088, 0, 4757
1, 17.00, 2.62, 1460505089, 0, 4756
1, 17.00, 2.62, 1460505091, 0, 4757
1, 17.00, 2.62, 1460505092, 0, 4754
1, 16.00, 2.62, 1460505093, 0, 4755
1, 17.00, 2.62, 1460505095, 0, 4754
1, 17.00, 2.62, 1460505096, 0, 4755
1, 17.00, 2.62, 1460505097, 0, 4755
1, 16.00, 2.62, 1460505098, 0, 4755
1, 16.00, 2.62, 1460505100, 0, 4754
1, 16.00, 2.62, 1460505101, 0, 4755
1, 16.00, 2.62, 1460505102, 0, 4754
1, 17.00, 2.62, 1460505104, 0, 4754
1, 16.00, 2.62, 1460505105, 0, 4754
1, 17.00, 2.62, 1460505106, 0, 4754
1, 17.00, 2.62, 1460505107, 0, 4755
1, 16.00, 2.62, 1460505109, 0, 4755
1, 16.00, 2.62, 1460505110, 0, 4753
1, 17.00, 2.62, 1460505111, 0, 4753
1, 18.00, 2.62, 1460505113, 0, 4754
1, 16.00, 2.62, 1460505114, 0, 4753
1, 16.00, 2.62, 1460505115, 0, 4753
1, 17.00, 2.62, 1460505116, 0, 4754
1, 17.00, 2.62, 1460505118, 0, 4755
1, 16.00, 2.62, 1460505119, 0, 4753
1, 17.00, 2.62, 1460505120, 0, 4754
1, 16.00, 2.62, 1460505122, 0, 4753
1, 16.00, 2.62, 1460505123, 0, 4753
1, 16.00, 2.62, 1460505124, 0, 4753
1, 16.00, 2.62, 1460505125, 0, 4754
1, 16.00, 2.62, 1460505127, 0, 4752
1, 16.00, 2.62, 1460505128, 0, 4752
1, 16.00, 2.62, 1460505129, 0, 4750
1, 16.00, 2.62, 1460505131, 0, 4752
1, 15.00, 2.62, 1460505132, 0, 4753
1, 16.00, 2.62, 1460505133, 0, 4752
1, 16.00, 2.62, 1460505134, 0, 4752
1, 16.00, 2.62, 1460505136, 0, 4751
1, 16.00, 2.62, 1460505137, 0, 4751
1, 17.00, 2.62, 1460505138, 0, 4752
1, 16.00, 2.62, 1460505140, 0, 4753
1, 16.00, 2.62, 1460505141, 0, 4752
1, 15.00, 2.62, 1460505142, 0, 4751
1, 16.00, 2.62, 1460505144, 0, 4752
1, 16.00, 2.62, 1460505145, 0, 4753
1, 16.00, 2.62, 1460505146, 0, 4750
1, 15.00, 2.62, 1460505147, 0, 4751
1, 16.00, 2.62, 1460505149, 0, 4752
1, 15.00, 2.62, 1460505150, 0, 4750
1, 15.00, 2.62, 1460505151, 0, 4750
1, 16.00, 2.62, 1460505153, 0, 4750
1, 16.00, 2.62, 1460505154, 0, 4750
1, 15.00, 2.62, 1460505155, 0, 4750
1, 16.00, 2.62, 1460505156, 0, 4750
1, 15.00, 2.61, 1460505158, 0, 4750
1, 16.00, 2.62, 1460505159, 0, 4750
1, 16.00, 2.62, 1460505160, 0, 4748
1, 16.00, 2.62, 1460505162, 0, 4749
1, 16.00, 2.62, 1460505163, 0, 4751
1, 16.00, 2.61, 1460505164, 0, 4748
1, 16.00, 2.62, 1460505165, 0, 4750
1, 16.00, 2.62, 1460505167, 0, 4748
1, 15.00, 2.62, 1460505168, 0, 4748
1, 17.00, 2.62, 1460505169, 0, 4749
1, 15.00, 2.62, 1460505171, 0, 4749
1, 16.00, 2.62, 1460505172, 0, 4747
1, 15.00, 2.62, 1460505173, 0, 4747
1, 16.00, 2.62, 1460505174, 0, 4748
1, 16.00, 2.62, 1460505176, 0, 4749
1, 15.00, 2.62, 1460505177, 0, 4748
1, 16.00, 2.62, 1460505178, 0, 4747
1, 16.00, 2.62, 1460505180, 0, 4747
1, 16.00, 2.62, 1460505181, 0, 4748
1, 15.00, 2.62, 1460505182, 0, 4747
1, 15.00, 2.61, 1460505183, 0, 4748
1, 15.00, 2.62, 1460505185, 0, 4747
1, 16.00, 2.61, 1460505186, 0, 4747
1, 15.00, 2.62, 1460505187, 0, 4747
1, 16.00, 2.62, 1460505189, 0, 4747
1, 15.00, 2.62, 1460505190, 0, 4746
1, 16.00, 2.61, 1460505191, 0, 4747
1, 14.00, 2.62, 1460505192, 0, 4746
1, 15.00, 2.62, 1460505194, 0, 4747
1, 15.00, 2.62, 1460505195, 0, 4746
1, 16.00, 2.62, 1460505196, 0, 4746
1, 16.00, 2.62, 1460505198, 0, 4746
1, 15.00, 2.62, 1460505199, 0, 4746
1, 15.00, 2.62, 1460505200, 0, 4745
1, 16.00, 2.61, 1460505201, 0, 4745
1, 15.00, 2.62, 1460505203, 0, 4745
1, 15.00, 2.62, 1460505204, 0, 4745
1, 16.00, 2.62, 1460505205, 0, 4745
1, 15.00, 2.62, 1460505207, 0, 4745
1, 15.00, 2.62, 1460505208, 0, 4745
1, 16.00, 2.62, 1460505209, 0, 4745
1, 15.00, 2.62, 1460505210, 0, 4745
1, 15.00, 2.62, 1460505212, 0, 4744
1, 16.00, 2.62, 1460505213, 0, 4744
1, 15.00, 2.61, 1460505214, 0, 4745
1, 15.00, 2.62, 1460505216, 0, 4745
1, 16.00, 2.62, 1460505217, 0, 4744
1, 16.00, 2.62, 1460505218, 0, 4745
1, 15.00, 2.62, 1460505219, 0, 4739
1, 15.00, 2.62, 1460505221, 0, 4744
1, 15.00, 2.62, 1460505222, 0, 4744
1, 15.00, 2.62, 1460505223, 0, 4743
1, 15.00, 2.62, 1460505225, 0, 4742
1, 15.00, 2.62, 1460505226, 0, 4743
1, 15.00, 2.62, 1460505227, 0, 4743
1, 16.00, 2.62, 1460505229, 0, 4744
1, 16.00, 2.62, 1460505230, 0, 4743
1, 15.00, 2.62, 1460505231, 0, 4743
1, 14.00, 2.62, 1460505232, 0, 4743
1, 15.00, 2.62, 1460505234, 0, 4743
1, 15.00, 2.61, 1460505235, 0, 4742
1, 15.00, 2.62, 1460505236, 0, 4742
1, 15.00, 2.62, 1460505238, 0, 4743
1, 15.00, 2.62, 1460505239, 0, 4741
1, 14.00, 2.62, 1460505240, 0, 4742
1, 15.00, 2.62, 1460505241, 0, 4742
1, 15.00, 2.62, 1460505243, 0, 4742
1, 15.00, 2.62, 1460505244, 0, 4743
1, 15.00, 2.62, 1460505245, 0, 4741
1, 15.00, 2.61, 1460505247, 0, 4742
1, 15.00, 2.62, 1460505248, 0, 4741
1, 15.00, 2.62, 1460505249, 0, 4741
1, 15.00, 2.62, 1460505250, 0, 4740
1, 15.00, 2.61, 1460505252, 0, 4742
1, 15.00, 2.62, 1460505253, 0, 4740
1, 14.00, 2.62, 1460505254, 0, 4741
1, 14.00, 2.61, 1460505256, 0, 4741
1, 13.00, 2.62, 1460505257, 0, 4739
1, 15.00, 2.62, 1460505258, 0, 4740
1, 14.00, 2.62, 1460505259, 0, 4741
1, 15.00, 2.62, 1460505261, 0, 4741
1, 15.00, 2.62, 1460505262, 0, 4740
1, 15.00, 2.62, 1460505263, 0, 4739
1, 15.00, 2.62, 1460505265, 0, 4740
1, 14.00, 2.62, 1460505266, 0, 4739
1, 15.00, 2.62, 1460505267, 0, 4740
1, 15.00, 2.62, 1460505268, 0, 4739
1, 14.00, 2.62, 1460505270, 0, 4740
1, 14.00, 2.61, 1460505271, 0, 4740
1, 14.00, 2.61, 1460505272, 0, 4739
1, 15.00, 2.62, 1460505274, 0, 4739
1, 14.00, 2.62, 1460505275, 0, 4738
1, 15.00, 2.62, 1460505276, 0, 4737
1, 15.00, 2.62, 1460505277, 0, 4739
1, 15.00, 2.62, 1460505279, 0, 4738
1, 15.00, 2.62, 1460505280, 0, 4738
1, 15.00, 2.62, 1460505281, 0, 4738
1, 14.00, 2.62, 1460505283, 0, 4734
1, 14.00, 2.62, 1460505284, 0, 4737
1, 14.00, 2.62, 1460505285, 0, 4738
1, 15.00, 2.62, 1460505286, 0, 4738
1, 15.00, 2.62, 1460505288, 0, 4738
1, 14.00, 2.62, 1460505289, 0, 4737
1, 15.00, 2.61, 1460505290, 0, 4738
1, 13.00, 2.62, 1460505292, 0, 4738
1, 14.00, 2.62, 1460505293, 0, 4739
1, 15.00, 2.62, 1460505294, 0, 4737
1, 14.00, 2.62, 1460505295, 0, 4737
1, 14.00, 2.62, 1460505297, 0, 4737
1, 15.00, 2.61, 1460505298, 0, 4738
1, 14.00, 2.62, 1460505299, 0, 4736
1, 14.00, 2.62, 1460505301, 0, 4736
1, 15.00, 2.62, 1460505302, 0, 4736
1, 14.00, 2.62, 1460505303, 0, 4737
1, 14.00, 2.62, 1460505304, 0, 4735
1, 14.00, 2.62, 1460505306, 0, 4736
1, 14.00, 2.62, 1460505307, 0, 4734
1, 14.00, 2.61, 1460505308, 0, 4736
1, 14.00, 2.62, 1460505310, 0, 4735
1, 14.00, 2.62, 1460505311, 0, 4735
1, 14.00, 2.62, 1460505312, 0, 4736
1, 15.00, 2.62, 1460505313, 0, 4736
1, 14.00, 2.61, 1460505315, 0, 4735
1, 14.00, 2.61, 1460505316, 0, 4735
1, 14.00, 2.62, 1460505317, 0, 4735
1, 14.00, 2.61, 1460505319, 0, 4735
1, 14.00, 2.62, 1460505320, 0, 4735
1, 14.00, 2.62, 1460505321, 0, 4734
1, 14.00, 2.62, 1460505322, 0, 4736
1, 14.00, 2.62, 1460505324, 0, 4735
1, 14.00, 2.62, 1460505325, 0, 4733
1, 13.00, 2.62, 1460505326, 0, 4733
1, 14.00, 2.61, 1460505328, 0, 4732
1, 15.00, 2.61, 1460505329, 0, 4735
1, 14.00, 2.62, 1460505330, 0, 4734
1, 13.00, 2.62, 1460505332, 0, 4733
1, 15.00, 2.61, 1460505333, 0, 4735
1, 13.00, 2.62, 1460505334, 0, 4734
1, 14.00, 2.62, 1460505335, 0, 4734
1, 14.00, 2.62, 1460505337, 0, 4732
1, 15.00, 2.62, 1460505338, 0, 4733
1, 14.00, 2.61, 1460505339, 0, 4733
1, 14.00, 2.62, 1460505341, 0, 4733
1, 14.00, 2.62, 1460505342, 0, 4732
1, 14.00, 2.62, 1460505343, 0, 4732
1, 14.00, 2.62, 1460505344, 0, 4733
1, 14.00, 2.62, 1460505346, 0, 4732
1, 14.00, 2.62, 1460505347, 0, 4731
1, 13.00, 2.62, 1460505348, 0, 4733
1, 14.00, 2.61, 1460505350, 0, 4732
1, 15.00, 2.62, 1460505351, 0, 4731
1, 13.00, 2.62, 1460505352, 0, 4732
1, 14.00, 2.62, 1460505353, 0, 4732
1, 13.00, 2.62, 1460505355, 0, 4732
1, 13.00, 2.62, 1460505356, 0, 4733
1, 14.00, 2.62, 1460505357, 0, 4728
1, 13.00, 2.62, 1460505359, 0, 4732
1, 13.00, 2.62, 1460505360, 0, 4732
1, 13.00, 2.62, 1460505361, 0, 4732
1, 14.00, 2.62, 1460505362, 0, 4731
1, 14.00, 2.62, 1460505364, 0, 4732
1, 14.00, 2.62, 1460505365, 0, 4730
1, 13.00, 2.62, 1460505366, 0, 4732
1, 14.00, 2.62, 1460505368, 0, 4731
1, 13.00, 2.62, 1460505369, 0, 4731
1, 14.00, 2.62, 1460505370, 0, 4731
1, 13.00, 2.61, 1460505371, 0, 4732
1, 14.00, 2.62, 1460505373, 0, 4732
1, 14.00, 2.62, 1460505374, 0, 4729
1, 14.00, 2.61, 1460505375, 0, 4730
1, 13.00, 2.62, 1460505377, 0, 4729
1, 14.00, 2.61, 1460505378, 0, 4729
1, 14.00, 2.62, 1460505379, 0, 4730
1, 13.00, 2.62, 1460505380, 0, 4730
1, 13.00, 2.62, 1460505382, 0, 4730
1, 13.00, 2.61, 1460505383, 0, 4729
1, 13.00, 2.62, 1460505384, 0, 4730
1, 13.00, 2.62, 1460505386, 0, 4725
1, 14.00, 2.62, 1460505387, 0, 4729
1, 14.00, 2.62, 1460505388, 0, 4729
1, 13.00, 2.62, 1460505389, 0, 4728
1, 13.00, 2.62, 1460505391, 0, 4729
1, 13.00, 2.62, 1460505392, 0, 4729
1, 13.00, 2.61, 1460505393, 0, 4729
1, 13.00, 2.62, 1460505395, 0, 4729
1, 13.00, 2.62, 1460505396, 0, 4727
1, 13.00, 2.61, 1460505397, 0, 4730
1, 12.00, 2.62, 1460505398, 0, 4730
1, 13.00, 2.62, 1460505400, 0, 4728
1, 13.00, 2.62, 1460505401, 0, 4728
1, 14.00, 2.62, 1460505402, 0, 4724
1, 13.00, 2.61, 1460505404, 0, 4728
1, 13.00, 2.61, 1460505405, 0, 4728
1, 13.00, 2.62, 1460505406, 0, 4728
1, 13.00, 2.62, 1460505407, 0, 4729
1, 14.00, 2.62, 1460505409, 0, 4727
1, 14.00, 2.61, 1460505410, 0, 4727
1, 13.00, 2.62, 1460505411, 0, 4728
1, 13.00, 2.62, 1460505413, 0, 4728
1, 13.00, 2.61, 1460505414, 0, 4727
1, 12.00, 2.62, 1460505415, 0, 4727
1, 13.00, 2.62, 1460505416, 0, 4727
1, 13.00, 2.62, 1460505418, 0, 4727
1, 13.00, 2.62, 1460505419, 0, 4728
1, 13.00, 2.62, 1460505420, 0, 4726
1, 13.00, 2.62, 1460505422, 0, 4727
1, 13.00, 2.62, 1460505423, 0, 4727
1, 12.00, 2.62, 1460505424, 0, 4728
1, 13.00, 2.62, 1460505425, 0, 4727
1, 13.00, 2.61, 1460505427, 0, 4728
1, 13.00, 2.62, 1460505428, 0, 4726
1, 12.00, 2.62, 1460505429, 0, 4727
1, 12.00, 2.62, 1460505431, 0, 4725
1, 13.00, 2.62, 1460505432, 0, 4726
1, 13.00, 2.61, 1460505433, 0, 4726
1, 13.00, 2.62, 1460505434, 0, 4727
1, 14.00, 2.61, 1460505436, 0, 4726
1, 13.00, 2.62, 1460505437, 0, 4727
1, 13.00, 2.62, 1460505438, 0, 4726
1, 12.00, 2.62, 1460505440, 0, 4726
1, 13.00, 2.62, 1460505441, 0, 4727
1, 12.00, 2.62, 1460505442, 0, 4722
1, 12.00, 2.62, 1460505443, 0, 4725
1, 13.00, 2.62, 1460505445, 0, 4726
1, 12.00, 2.62, 1460505446, 0, 4725
1, 12.00, 2.62, 1460505447, 0, 4726
1, 13.00, 2.61, 1460505449, 0, 4726
1, 13.00, 2.62, 1460505450, 0, 4726
1, 12.00, 2.62, 1460505451, 0, 4727
1, 13.00, 2.62, 1460505452, 0, 4726
1, 13.00, 2.62, 1460505454, 0, 4726
1, 13.00, 2.61, 1460505455, 0, 4725
1, 12.00, 2.62, 1460505456, 0, 4726
1, 12.00, 2.61, 1460505458, 0, 4725
1, 13.00, 2.61, 1460505459, 0, 4726
1, 13.00, 2.62, 1460505460, 0, 4725
1, 12.00, 2.62, 1460505461, 0, 4726
1, 13.00, 2.61, 1460505463, 0, 4726
1, 13.00, 2.62, 1460505464, 0, 4726
1, 13.00, 2.62, 1460505465, 0, 4723
1, 11.00, 2.62, 1460505467, 0, 4725
1, 12.00, 2.62, 1460505468, 0, 4726
1, 12.00, 2.61, 1460505469, 0, 4726
1, 12.00, 2.62, 1460505470, 0, 4725
1, 13.00, 2.61, 1460505472, 0, 4726
1, 13.00, 2.62, 1460505473, 0, 4725
1, 12.00, 2.62, 1460505474, 0, 4725
1, 12.00, 2.62, 1460505476, 0, 4724
1, 12.00, 2.62, 1460505477, 0, 4725
1, 12.00, 2.62, 1460505478, 0, 4725
1, 13.00, 2.62, 1460505480, 0, 4726
1, 12.00, 2.62, 1460505481, 0, 4726
1, 12.00, 2.62, 1460505482, 0, 4725
1, 12.00, 2.62, 1460505483, 0, 4724
1, 12.00, 2.62, 1460505485, 0, 4725
1, 12.00, 2.62, 1460505486, 0, 4724
1, 12.00, 2.62, 1460505487, 0, 4725
1, 12.00, 2.61, 1460505489, 0, 4724
1, 13.00, 2.62, 1460505490, 0, 4724
1, 11.00, 2.62, 1460505491, 0, 4723
1, 12.00, 2.61, 1460505492, 0, 4724
1, 13.00, 2.62, 1460505494, 0, 4722
1, 12.00, 2.61, 1460505495, 0, 4718
1, 11.00, 2.62, 1460505496, 0, 4723
1, 13.00, 2.62, 1460505498, 0, 4724
1, 12.00, 2.62, 1460505499, 0, 4724
1, 12.00, 2.62, 1460505500, 0, 4723
1, 12.00, 2.61, 1460505501, 0, 4723
1, 12.00, 2.62, 1460505503, 0, 4723
1, 12.00, 2.62, 1460505504, 0, 4723
1, 12.00, 2.62, 1460505505, 0, 4722
1, 12.00, 2.62, 1460505507, 0, 4723
1, 11.00, 2.62, 1460505508, 0, 4723
1, 12.00, 2.62, 1460505509, 0, 4723
1, 12.00, 2.62, 1460505510, 0, 4722
1, 12.00, 2.62, 1460505512, 0, 4722
1, 12.00, 2.62, 1460505513, 0, 4722
1, 12.00, 2.62, 1460505514, 0, 4722
1, 12.00, 2.62, 1460505516, 0, 4722
1, 12.00, 2.61, 1460505517, 0, 4722
1, 12.00, 2.62, 1460505518, 0, 4722
1, 12.00, 2.62, 1460505519, 0, 4722
1, 12.00, 2.62, 1460505521, 0, 4721
1, 12.00, 2.62, 1460505522, 0, 4721
1, 11.00, 2.62, 1460505523, 0, 4721
1, 12.00, 2.62, 1460505525, 0, 4722
1, 12.00, 2.62, 1460505526, 0, 4721
1, 11.00, 2.61, 1460505527, 0, 4721
1, 12.00, 2.62, 1460505528, 0, 4720
1, 12.00, 2.62, 1460505530, 0, 4720
1, 11.00, 2.62, 1460505531, 0, 4720
1, 12.00, 2.61, 1460505532, 0, 4721
1, 12.00, 2.62, 1460505534, 0, 4721
1, 11.00, 2.61, 1460505535, 0, 4720
1, 12.00, 2.62, 1460505536, 0, 4722
1, 11.00, 2.61, 1460505537, 0, 4720
1, 11.00, 2.62, 1460505539, 0, 4720
1, 12.00, 2.62, 1460505540, 0, 4719
1, 11.00, 2.62, 1460505541, 0, 4720
1, 11.00, 2.62, 1460505543, 0, 4719
1, 11.00, 2.62, 1460505544, 0, 4719
1, 12.00, 2.62, 1460505545, 0, 4719
1, 11.00, 2.62, 1460505546, 0, 4719
1, 11.00, 2.62, 1460505548, 0, 4720
1, 11.00, 2.62, 1460505549, 0, 4719
1, 11.00, 2.62, 1460505550, 0, 4720
1, 11.00, 2.62, 1460505552, 0, 4719
1, 12.00, 2.62, 1460505553, 0, 4719
1, 12.00, 2.62, 1460505554, 0, 4719
1, 11.00, 2.62, 1460505555, 0, 4720
1, 12.00, 2.62, 1460505557, 0, 4719
1, 11.00, 2.62, 1460505558, 0, 4719
1, 11.00, 2.62, 1460505559, 0, 4718
1, 12.00, 2.61, 1460505561, 0, 4718
1, 12.00, 2.61, 1460505562, 0, 4718
1, 11.00, 2.62, 1460505563, 0, 4718
1, 11.00, 2.62, 1460505564, 0, 4717
1, 11.00, 2.62, 1460505566, 0, 4717
1, 11.00, 2.62, 1460505567, 0, 4717
1, 11.00, 2.61, 1460505568, 0, 4718
1, 12.00, 2.62, 1460505570, 0, 4717
1, 11.00, 2.61, 1460505571, 0, 4718
1, 11.00, 2.62, 1460505572, 0, 4717
1, 11.00, 2.62, 1460505573, 0, 4717
1, 11.00, 2.62, 1460505575, 0, 4717
1, 11.00, 2.62, 1460505576, 0, 4717
1, 11.00, 2.61, 1460505577, 0, 4717
1, 11.00, 2.62, 1460505579, 0, 4718
1, 10.00, 2.61, 1460505580, 0, 4717
1, 11.00, 2.62, 1460505581, 0, 4717
1, 11.00, 2.62, 1460505582, 0, 4716
1, 11.00, 2.61, 1460505584, 0, 4717
1, 11.00, 2.62, 1460505585, 0, 4716
1, 11.00, 2.62, 1460505586, 0, 4716
1, 11.00, 2.61, 1460505588, 0, 4716
1, 11.00, 2.62, 1460505589, 0, 4717
1, 11.00, 2.62, 1460505590, 0, 4716
1, 11.00, 2.62, 1460505591, 0, 4716
1, 10.00, 2.62, 1460505593, 0, 4716
1, 10.00, 2.62, 1460505594, 0, 4717
1, 11.00, 2.62, 1460505595, 0, 4715
1, 11.00, 2.62, 1460505597, 0, 4716
1, 10.00, 2.62, 1460505598, 0, 4715
1, 11.00, 2.61, 1460505599, 0, 4715
1, 11.00, 2.62, 1460505600, 0, 4716
1, 11.00, 2.62, 1460505602, 0, 4716
1, 11.00, 2.62, 1460505603, 0, 4716
1, 11.00, 2.62, 1460505604, 0, 4713
1, 11.00, 2.62, 1460505606, 0, 4711
1, 11.00, 2.62, 1460505607, 0, 4715
1, 11.00, 2.62, 1460505608, 0, 4714
1, 10.00, 2.62, 1460505609, 0, 4715
1, 11.00, 2.62, 1460505611, 0, 4715
1, 12.00, 2.62, 1460505612, 0, 4714
1, 10.00, 2.61, 1460505613, 0, 4714
1, 10.00, 2.61, 1460505615, 0, 4714
1, 11.00, 2.62, 1460505616, 0, 4714
1, 11.00, 2.62, 1460505617, 0, 4713
1, 10.00, 2.62, 1460505618, 0, 4715
1, 10.00, 2.62, 1460505620, 0, 4715
1, 10.00, 2.61, 1460505621, 0, 4714
1, 11.00, 2.61, 1460505622, 0, 4713
1, 11.00, 2.62, 1460505624, 0, 4713
1, 11.00, 2.62, 1460505625, 0, 4713
1, 10.00, 2.62, 1460505626, 0, 4714
1, 11.00, 2.61, 1460505627, 0, 4714
1, 10.00, 2.62, 1460505629, 0, 4713
1, 10.00, 2.62, 1460505630, 0, 4713
1, 11.00, 2.62, 1460505631, 0, 4713
1, 10.00, 2.61, 1460505633, 0, 4713
1, 10.00, 2.62, 1460505634, 0, 4712
1, 10.00, 2.62, 1460505635, 0, 4713
1, 11.00, 2.62, 1460505636, 0, 4713
1, 10.00, 2.61, 1460505638, 0, 4712
1, 11.00, 2.61, 1460505639, 0, 4712
1, 10.00, 2.62, 1460505640, 0, 4712
1, 11.00, 2.62, 1460505642, 0, 4708
1, 11.00, 2.62, 1460505643, 0, 4712
1, 10.00, 2.62, 1460505644, 0, 4711
1, 11.00, 2.62, 1460505645, 0, 4711
1, 9.00, 2.62, 1460505647, 0, 4711
1, 10.00, 2.62, 1460505648, 0, 4712
1, 11.00, 2.62, 1460505649, 0, 4711
1, 10.00, 2.62, 1460505651, 0, 4711
1, 11.00, 2.62, 1460505652, 0, 4711
1, 11.00, 2.62, 1460505653, 0, 4711
1, 10.00, 2.62, 1460505654, 0, 4712
1, 9.00, 2.62, 1460505656, 0, 4710
1, 10.00, 2.62, 1460505657, 0, 4711
1, 10.00, 2.62, 1460505658, 0, 4710
1, 10.00, 2.62, 1460505660, 0, 4709
1, 10.00, 2.61, 1460505661, 0, 4711
1, 10.00, 2.61, 1460505662, 0, 4711
1, 10.00, 2.62, 1460505663, 0, 4711
1, 10.00, 2.61, 1460505665, 0, 4710
1, 11.00, 2.62, 1460505666, 0, 4710
1, 10.00, 2.62, 1460505667, 0, 4710
1, 11.00, 2.62, 1460505669, 0, 4709
1, 9.00, 2.62, 1460505670, 0, 4710
1, 10.00, 2.61, 1460505671, 0, 4709
1, 11.00, 2.62, 1460505672, 0, 4709
1, 10.00, 2.61, 1460505674, 0, 4709
1, 10.00, 2.62, 1460505675, 0, 4710
1, 9.00, 2.62, 1460505676, 0, 4710
1, 10.00, 2.61, 1460505678, 0, 4709
1, 9.00, 2.61, 1460505679, 0, 4709
1, 10.00, 2.61, 1460505680, 0, 4710
1, 10.00, 2.62, 1460505681, 0, 4704
1, 10.00, 2.62, 1460505683, 0, 4710
1, 10.00, 2.62, 1460505684, 0, 4709
1, 11.00, 2.62, 1460505685, 0, 4708
1, 10.00, 2.62, 1460505687, 0, 4708
1, 10.00, 2.62, 1460505688, 0, 4708
1, 11.00, 2.61, 1460505689, 0, 4709
1, 10.00, 2.62, 1460505690, 0, 4709
1, 10.00, 2.62, 1460505692, 0, 4708
1, 10.00, 2.61, 1460505693, 0, 4709
1, 10.00, 2.61, 1460505694, 0, 4708
1, 10.00, 2.61, 1460505696, 0, 4709
1, 10.00, 2.61, 1460505697, 0, 4709
1, 10.00, 2.62, 1460505698, 0, 4708
1, 10.00, 2.62, 1460505699, 0, 4707
1, 10.00, 2.62, 1460505701, 0, 4708
1, 10.00, 2.61, 1460505702, 0, 4708
1, 10.00, 2.61, 1460505703, 0, 4707
1, 9.00, 2.62, 1460505705, 0, 4707
1, 9.00, 2.62, 1460505706, 0, 4707
1, 9.00, 2.62, 1460505707, 0, 4708
1, 10.00, 2.61, 1460505708, 0, 4708
1, 9.00, 2.62, 1460505710, 0, 4707
1, 9.00, 2.62, 1460505711, 0, 4706
1, 10.00, 2.62, 1460505712, 0, 4708
1, 9.00, 2.61, 1460505714, 0, 4708
1, 9.00, 2.61, 1460505715, 0, 4708
1, 9.00, 2.61, 1460505716, 0, 4706
1, 8.00, 2.62, 1460505717, 0, 4707
1, 9.00, 2.61, 1460505719, 0, 4707
1, 9.00, 2.61, 1460505720, 0, 4707
1, 9.00, 2.61, 1460505721, 0, 4707
1, 10.00, 2.62, 1460505723, 0, 4707
1, 8.00, 2.62, 1460505724, 0, 4708
1, 9.00, 2.62, 1460505725, 0, 4707
1, 9.00, 2.62, 1460505726, 0, 4707
1, 9.00, 2.62, 1460505728, 0, 4707
1, 9.00, 2.61, 1460505729, 0, 4706
1, 9.00, 2.62, 1460505730, 0, 4706
1, 9.00, 2.61, 1460505732, 0, 4705
1, 9.00, 2.62, 1460505733, 0, 4706
1, 9.00, 2.62, 1460505734, 0, 4706
1, 9.00, 2.61, 1460505735, 0, 4705
1, 9.00, 2.62, 1460505737, 0, 4707
1, 9.00, 2.61, 1460505738, 0, 4706
1, 9.00, 2.61, 1460505739, 0, 4707
1, 9.00, 2.62, 1460505741, 0, 4707
1, 9.00, 2.61, 1460505742, 0, 4706
1, 9.00, 2.62, 1460505743, 0, 4706
1, 8.00, 2.62, 1460505744, 0, 4707
1, 9.00, 2.62, 1460505746, 0, 4706
1, 9.00, 2.61, 1460505747, 0, 4707
1, 9.00, 2.62, 1460505748, 0, 4706
1, 8.00, 2.62, 1460505750, 0, 4705
1, 10.00, 2.62, 1460505751, 0, 4705
1, 9.00, 2.61, 1460505752, 0, 4707
1, 10.00, 2.62, 1460505753, 0, 4706
1, 8.00, 2.62, 1460505755, 0, 4707
1, 9.00, 2.62, 1460505756, 0, 4706
1, 9.00, 2.62, 1460505757, 0, 4707
1, 9.00, 2.62, 1460505759, 0, 4706
1, 10.00, 2.62, 1460505760, 0, 4706
1, 8.00, 2.62, 1460505761, 0, 4706
1, 9.00, 2.61, 1460505762, 0, 4705
1, 9.00, 2.62, 1460505764, 0, 4706
1, 10.00, 2.61, 1460505765, 0, 4707
1, 9.00, 2.62, 1460505766, 0, 4705
1, 9.00, 2.61, 1460505768, 0, 4706
1, 9.00, 2.62, 1460505769, 0, 4706
1, 9.00, 2.62, 1460505770, 0, 4705
1, 9.00, 2.61, 1460505771, 0, 4706
1, 8.00, 2.61, 1460505773, 0, 4705
1, 8.00, 2.62, 1460505774, 0, 4707
1, 9.00, 2.62, 1460505775, 0, 4705
1, 9.00, 2.62, 1460505777, 0, 4706
1, 8.00, 2.62, 1460505778, 0, 4704
1, 9.00, 2.62, 1460505779, 0, 4706
1, 9.00, 2.61, 1460505780, 0, 4706
1, 9.00, 2.62, 1460505782, 0, 4706
1, 9.00, 2.62, 1460505783, 0, 4705
1, 8.00, 2.61, 1460505784, 0, 4706
1, 8.00, 2.61, 1460505786, 0, 4705
1, 9.00, 2.62, 1460505787, 0, 4706
1, 9.00, 2.61, 1460505788, 0, 4700
1, 9.00, 2.61, 1460505789, 0, 4705
1, 9.00, 2.62, 1460505791, 0, 4704
1, 9.00, 2.62, 1460505792, 0, 4705
1, 9.00, 2.62, 1460505793, 0, 4705
1, 9.00, 2.62, 1460505794, 0, 4704
1, 8.00, 2.62, 1460505796, 0, 4704
1, 8.00, 2.61, 1460505797, 0, 4705
1, 8.00, 2.62, 1460505798, 0, 4705
1, 9.00, 2.62, 1460505800, 0, 4704
1, 9.00, 2.62, 1460505801, 0, 4704
1, 9.00, 2.61, 1460505802, 0, 4705
1, 8.00, 2.62, 1460505803, 0, 4705
1, 9.00, 2.62, 1460505805, 0, 4706
1, 9.00, 2.61, 1460505806, 0, 4705
1, 8.00, 2.62, 1460505807, 0, 4704
1, 8.00, 2.61, 1460505809, 0, 4705
1, 9.00, 2.61, 1460505810, 0, 4704
1, 8.00, 2.62, 1460505811, 0, 4705
1, 8.00, 2.62, 1460505812, 0, 4704
1, 8.00, 2.61, 1460505814, 0, 4704
1, 8.00, 2.62, 1460505815, 0, 4705
1, 8.00, 2.62, 1460505816, 0, 4705
1, 8.00, 2.62, 1460505818, 0, 4705
1, 8.00, 2.62, 1460505819, 0, 4704
1, 9.00, 2.62, 1460505820, 0, 4705
1, 9.00, 2.62, 1460505821, 0, 4705
1, 8.00, 2.61, 1460505823, 0, 4705
1, 8.00, 2.61, 1460505824, 0, 4704
1, 8.00, 2.61, 1460505825, 0, 4705
1, 8.00, 2.62, 1460505827, 0, 4705
1, 8.00, 2.62, 1460505828, 0, 4703
1, 8.00, 2.62, 1460505829, 0, 4705
1, 8.00, 2.61, 1460505830, 0, 4704
1, 8.00, 2.61, 1460505832, 0, 4705
1, 8.00, 2.61, 1460505833, 0, 4705
1, 8.00, 2.62, 1460505834, 0, 4705
1, 8.00, 2.61, 1460505836, 0, 4705
1, 8.00, 2.61, 1460505837, 0, 4704
1, 8.00, 2.61, 1460505838, 0, 4705
1, 8.00, 2.61, 1460505839, 0, 4701
1, 8.00, 2.61, 1460505841, 0, 4704
1, 8.00, 2.62, 1460505842, 0, 4705
1, 8.00, 2.62, 1460505843, 0, 4704
1, 8.00, 2.62, 1460505845, 0, 4704
1, 7.00, 2.62, 1460505846, 0, 4704
1, 8.00, 2.62, 1460505847, 0, 4704
1, 8.00, 2.61, 1460505848, 0, 4704
1, 7.00, 2.62, 1460505850, 0, 4703
1, 8.00, 2.62, 1460505851, 0, 4703
1, 7.00, 2.61, 1460505852, 0, 4704
1, 8.00, 2.62, 1460505854, 0, 4702
1, 7.00, 2.62, 1460505855, 0, 4703
1, 8.00, 2.61, 1460505856, 0, 4704
1, 8.00, 2.62, 1460505857, 0, 4703
1, 8.00, 2.62, 1460505859, 0, 4704
1, 8.00, 2.61, 1460505860, 0, 4703
1, 8.00, 2.62, 1460505861, 0, 4704
1, 7.00, 2.61, 1460505863, 0, 4703
1, 8.00, 2.62, 1460505864, 0, 4704
1, 8.00, 2.62, 1460505865, 0, 4703
1, 8.00, 2.62, 1460505866, 0, 4702
1, 8.00, 2.62, 1460505868, 0, 4703
1, 8.00, 2.61, 1460505869, 0, 4703
1, 7.00, 2.62, 1460505870, 0, 4703
1, 7.00, 2.62, 1460505872, 0, 4702
1, 7.00, 2.61, 1460505873, 0, 4703
1, 8.00, 2.61, 1460505874, 0, 4704
1, 8.00, 2.61, 1460505875, 0, 4703
1, 7.00, 2.62, 1460505877, 0, 4702
1, 7.00, 2.62, 1460505878, 0, 4703
1, 8.00, 2.61, 1460505879, 0, 4702
1, 8.00, 2.62, 1460505881, 0, 4702
1, 7.00, 2.61, 1460505882, 0, 4701
1, 7.00, 2.62, 1460505883, 0, 4702
1, 7.00, 2.62, 1460505884, 0, 4703
1, 7.00, 2.62, 1460505886, 0, 4703
1, 8.00, 2.61, 1460505887, 0, 4702
1, 7.00, 2.62, 1460505888, 0, 4702
1, 7.00, 2.62, 1460505890, 0, 4702
1, 7.00, 2.62, 1460505891, 0, 4701
1, 7.00, 2.62, 1460505892, 0, 4702
1, 7.00, 2.61, 1460505893, 0, 4701
1, 7.00, 2.61, 1460505895, 0, 4702
1, 7.00, 2.62, 1460505896, 0, 4703
1, 7.00, 2.61, 1460505897, 0, 4701
1, 7.00, 2.62, 1460505899, 0, 4701
1, 8.00, 2.61, 1460505900, 0, 4701
1, 7.00, 2.62, 1460505901, 0, 4703
1, 7.00, 2.61, 1460505902, 0, 4702
1, 7.00, 2.61, 1460505904, 0, 4702
1, 7.00, 2.61, 1460505905, 0, 4701
1, 7.00, 2.62, 1460505906, 0, 4701
1, 7.00, 2.62, 1460505907, 0, 4702
1, 7.00, 2.62, 1460505909, 0, 4702
1, 7.00, 2.61, 1460505910, 0, 4702
1, 7.00, 2.62, 1460505911, 0, 4700
1, 7.00, 2.62, 1460505913, 0, 4701
1, 7.00, 2.62, 1460505914, 0, 4701
1, 8.00, 2.62, 1460505915, 0, 4701
1, 7.00, 2.62, 1460505916, 0, 4701
1, 7.00, 2.62, 1460505918, 0, 4702
1, 7.00, 2.61, 1460505919, 0, 4700
1, 7.00, 2.61, 1460505920, 0, 4701
1, 8.00, 2.61, 1460505922, 0, 4700
1, 7.00, 2.61, 1460505923, 0, 4699
1, 7.00, 2.61, 1460505924, 0, 4700
1, 7.00, 2.61, 1460505925, 0, 4699
1, 6.00, 2.61, 1460505927, 0, 4701
1, 7.00, 2.61, 1460505928, 0, 4701
1, 7.00, 2.61, 1460505929, 0, 4701
1, 7.00, 2.62, 1460505931, 0, 4701
1, 6.00, 2.62, 1460505932, 0, 4700
1, 7.00, 2.61, 1460505933, 0, 4701
1, 6.00, 2.62, 1460505934, 0, 4701
1, 6.00, 2.62, 1460505936, 0, 4700
1, 7.00, 2.62, 1460505937, 0, 4700
1, 6.00, 2.61, 1460505938, 0, 4699
1, 7.00, 2.62, 1460505940, 0, 4698
1, 7.00, 2.62, 1460505941, 0, 4699
1, 7.00, 2.62, 1460505942, 0, 4699
1, 7.00, 2.62, 1460505943, 0, 4700
1, 6.00, 2.62, 1460505945, 0, 4700
1, 6.00, 2.61, 1460505946, 0, 4700
1, 8.00, 2.62, 1460505947, 0, 4700
1, 7.00, 2.61, 1460505949, 0, 4700
1, 7.00, 2.62, 1460505950, 0, 4700
1, 7.00, 2.61, 1460505951, 0, 4699
1, 6.00, 2.61, 1460505952, 0, 4700
1, 7.00, 2.61, 1460505954, 0, 4699
1, 5.00, 2.61, 1460505955, 0, 4698
1, 7.00, 2.62, 1460505956, 0, 4700
1, 7.00, 2.61, 1460505958, 0, 4698
1, 6.00, 2.61, 1460505959, 0, 4700
1, 7.00, 2.61, 1460505960, 0, 4699
1, 6.00, 2.61, 1460505961, 0, 4699
1, 7.00, 2.62, 1460505963, 0, 4699
1, 6.00, 2.61, 1460505964, 0, 4699
1, 7.00, 2.61, 1460505965, 0, 4698
1, 6.00, 2.61, 1460505967, 0, 4698
1, 6.00, 2.62, 1460505968, 0, 4699
1, 6.00, 2.62, 1460505969, 0, 4700
1, 6.00, 2.62, 1460505970, 0, 4698
1, 6.00, 2.62, 1460505972, 0, 4698
1, 6.00, 2.61, 1460505973, 0, 4697
1, 6.00, 2.61, 1460505974, 0, 4698
1, 6.00, 2.62, 1460505976, 0, 4697
1, 6.00, 2.62, 1460505977, 0, 4697
1, 7.00, 2.62, 1460505978, 0, 4699
1, 5.00, 2.62, 1460505979, 0, 4698
1, 7.00, 2.62, 1460505981, 0, 4698
1, 6.00, 2.62, 1460505982, 0, 4698
1, 7.00, 2.61, 1460505983, 0, 4697
1, 7.00, 2.61, 1460505985, 0, 4698
1, 6.00, 2.62, 1460505986, 0, 4697
1, 6.00, 2.62, 1460505987, 0, 4697
1, 6.00, 2.61, 1460505988, 0, 4697
1, 7.00, 2.62, 1460505990, 0, 4696
1, 6.00, 2.61, 1460505991, 0, 4697
1, 6.00, 2.61, 1460505992, 0, 4696
1, 6.00, 2.62, 1460505993, 0, 4697
1, 6.00, 2.61, 1460505995, 0, 4697
1, 5.00, 2.61, 1460505996, 0, 4697
1, 6.00, 2.61, 1460505997, 0, 4698
1, 7.00, 2.62, 1460505999, 0, 4696
1, 6.00, 2.62, 1460506000, 0, 4693
1, 6.00, 2.61, 1460506001, 0, 4696
1, 6.00, 2.62, 1460506002, 0, 4695
1, 5.00, 2.61, 1460506004, 0, 4696
1, 6.00, 2.62, 1460506005, 0, 4696
1, 6.00, 2.62, 1460506006, 0, 4695
1, 6.00, 2.61, 1460506008, 0, 4696
1, 5.00, 2.61, 1460506009, 0, 4696
1, 6.00, 2.62, 1460506010, 0, 4696
1, 6.00, 2.61, 1460506011, 0, 4696
1, 5.00, 2.62, 1460506013, 0, 4696
1, 6.00, 2.61, 1460506014, 0, 4695
1, 5.00, 2.61, 1460506015, 0, 4695
1, 5.00, 2.62, 1460506017, 0, 4694
1, 6.00, 2.61, 1460506018, 0, 4694
1, 6.00, 2.62, 1460506019, 0, 4696
1, 6.00, 2.62, 1460506020, 0, 4696
1, 6.00, 2.62, 1460506022, 0, 4694
1, 6.00, 2.62, 1460506023, 0, 4696
1, 5.00, 2.62, 1460506024, 0, 4696
1, 6.00, 2.61, 1460506026, 0, 4695
1, 6.00, 2.62, 1460506027, 0, 4696
1, 6.00, 2.61, 1460506028, 0, 4695
1, 5.00, 2.61, 1460506029, 0, 4696
1, 6.00, 2.62, 1460506031, 0, 4695
1, 6.00, 2.61, 1460506032, 0, 4695
1, 5.00, 2.62, 1460506033, 0, 4695
1, 6.00, 2.61, 1460506035, 0, 4694
1, 6.00, 2.62, 1460506036, 0, 4693
1, 6.00, 2.62, 1460506037, 0, 4694
1, 6.00, 2.61, 1460506038, 0, 4694
1, 5.00, 2.61, 1460506040, 0, 4693
1, 6.00, 2.62, 1460506041, 0, 4694
1, 5.00, 2.61, 1460506042, 0, 4694
1, 6.00, 2.62, 1460506044, 0, 4694
1, 5.00, 2.61, 1460506045, 0, 4693
1, 6.00, 2.61, 1460506046, 0, 4693
1, 5.00, 2.62, 1460506047, 0, 4693
1, 5.00, 2.61, 1460506049, 0, 4694
1, 5.00, 2.62, 1460506050, 0, 4693
1, 6.00, 2.62, 1460506051, 0, 4693
1, 5.00, 2.61, 1460506053, 0, 4693
1, 6.00, 2.61, 1460506054, 0, 4693
1, 5.00, 2.62, 1460506055, 0, 4692
1, 5.00, 2.61, 1460506056, 0, 4693
1, 6.00, 2.61, 1460506058, 0, 4693
1, 5.00, 2.62, 1460506059, 0, 4691
1, 6.00, 2.62, 1460506060, 0, 4691
1, 6.00, 2.62, 1460506062, 0, 4692
1, 5.00, 2.61, 1460506063, 0, 4691
1, 5.00, 2.61, 1460506064, 0, 4691
1, 5.00, 2.62, 1460506065, 0, 4691
1, 5.00, 2.61, 1460506067, 0, 4691
1, 5.00, 2.61, 1460506068, 0, 4692
1, 5.00, 2.61, 1460506069, 0, 4692
1, 5.00, 2.61, 1460506071, 0, 4692
1, 7.00, 2.62, 1460506072, 0, 4692
1, 5.00, 2.61, 1460506073, 0, 4690
1, 4.00, 2.62, 1460506074, 0, 4690
1, 5.00, 2.61, 1460506076, 0, 4691
1, 5.00, 2.62, 1460506077, 0, 4691
1, 6.00, 2.61, 1460506078, 0, 4691
1, 6.00, 2.61, 1460506079, 0, 4691
1, 6.00, 2.61, 1460506081, 0, 4690
1, 5.00, 2.61, 1460506082, 0, 4691
1, 6.00, 2.61, 1460506083, 0, 4690
1, 5.00, 2.61, 1460506085, 0, 4690
1, 5.00, 2.61, 1460506086, 0, 4691
1, 6.00, 2.61, 1460506087, 0, 4690
1, 5.00, 2.61, 1460506088, 0, 4690
1, 5.00, 2.61, 1460506090, 0, 4690
1, 5.00, 2.62, 1460506091, 0, 4691
1, 5.00, 2.61, 1460506092, 0, 4690
1, 4.00, 2.62, 1460506094, 0, 4689
1, 5.00, 2.61, 1460506095, 0, 4690
1, 5.00, 2.62, 1460506096, 0, 4690
1, 5.00, 2.61, 1460506097, 0, 4689
1, 5.00, 2.61, 1460506099, 0, 4689
1, 5.00, 2.61, 1460506100, 0, 4685
1, 5.00, 2.61, 1460506101, 0, 4688
1, 4.00, 2.61, 1460506103, 0, 4689
1, 5.00, 2.62, 1460506104, 0, 4690
1, 4.00, 2.61, 1460506105, 0, 4689
1, 4.00, 2.62, 1460506106, 0, 4690
1, 4.00, 2.61, 1460506108, 0, 4689
1, 6.00, 2.61, 1460506109, 0, 4689
1, 5.00, 2.61, 1460506110, 0, 4691
1, 4.00, 2.61, 1460506112, 0, 4688
1, 5.00, 2.62, 1460506113, 0, 4688
1, 6.00, 2.61, 1460506114, 0, 4688
1, 4.00, 2.61, 1460506115, 0, 4688
1, 4.00, 2.61, 1460506117, 0, 4688
1, 5.00, 2.62, 1460506118, 0, 4687
1, 4.00, 2.61, 1460506119, 0, 4688
1, 4.00, 2.61, 1460506121, 0, 4688
1, 4.00, 2.61, 1460506122, 0, 4687
1, 3.00, 2.61, 1460506123, 0, 4689
1, 5.00, 2.61, 1460506124, 0, 4688
1, 3.00, 2.61, 1460506126, 0, 4688
1, 4.00, 2.61, 1460506127, 0, 4688
1, 4.00, 2.61, 1460506128, 0, 4689
1, 4.00, 2.61, 1460506130, 0, 4687
1, 5.00, 2.61, 1460506131, 0, 4687
1, 4.00, 2.62, 1460506132, 0, 4688
1, 4.00, 2.61, 1460506133, 0, 4686
1, 5.00, 2.61, 1460506135, 0, 4690
1, 4.00, 2.61, 1460506136, 0, 4687
1, 4.00, 2.61, 1460506137, 0, 4687
1, 4.00, 2.61, 1460506139, 0, 4688
1, 4.00, 2.61, 1460506140, 0, 4687
1, 4.00, 2.62, 1460506141, 0, 4688
1, 4.00, 2.61, 1460506142, 0, 4687
1, 4.00, 2.62, 1460506144, 0, 4687
1, 5.00, 2.61, 1460506145, 0, 4688
1, 5.00, 2.61, 1460506146, 0, 4687
1, 4.00, 2.61, 1460506147, 0, 4686
1, 5.00, 2.62, 1460506149, 0, 4686
1, 4.00, 2.61, 1460506150, 0, 4686
1, 5.00, 2.61, 1460506151, 0, 4688
1, 6.00, 2.62, 1460506153, 0, 4686
1, 4.00, 2.61, 1460506154, 0, 4687
1, 4.00, 2.61, 1460506155, 0, 4687
1, 5.00, 2.62, 1460506156, 0, 4685
1, 4.00, 2.61, 1460506158, 0, 4685
1, 4.00, 2.61, 1460506159, 0, 4687
1, 5.00, 2.61, 1460506160, 0, 4687
1, 3.00, 2.61, 1460506162, 0, 4686
1, 5.00, 2.62, 1460506163, 0, 4687
1, 4.00, 2.62, 1460506164, 0, 4685
1, 5.00, 2.61, 1460506165, 0, 4686
1, 4.00, 2.61, 1460506167, 0, 4686
1, 4.00, 2.61, 1460506168, 0, 4687
1, 3.00, 2.61, 1460506169, 0, 4685
1, 4.00, 2.61, 1460506171, 0, 4687
1, 4.00, 2.61, 1460506172, 0, 4686
1, 4.00, 2.62, 1460506173, 0, 4686
1, 4.00, 2.61, 1460506174, 0, 4685
1, 4.00, 2.62, 1460506176, 0, 4687
1, 3.00, 2.61, 1460506177, 0, 4685
1, 3.00, 2.61, 1460506178, 0, 4686
1, 3.00, 2.61, 1460506180, 0, 4685
1, 3.00, 2.61, 1460506181, 0, 4685
1, 3.00, 2.61, 1460506182, 0, 4686
1, 4.00, 2.61, 1460506183, 0, 4686
1, 4.00, 2.61, 1460506185, 0, 4685
1, 4.00, 2.61, 1460506186, 0, 4685
1, 3.00, 2.62, 1460506187, 0, 4684
1, 3.00, 2.62, 1460506189, 0, 4686
1, 4.00, 2.62, 1460506190, 0, 4685
1, 3.00, 2.62, 1460506191, 0, 4684
1, 4.00, 2.61, 1460506192, 0, 4683
1, 3.00, 2.61, 1460506194, 0, 4686
1, 4.00, 2.61, 1460506195, 0, 4684
1, 3.00, 2.62, 1460506196, 0, 4685
1, 3.00, 2.61, 1460506198, 0, 4684
1, 3.00, 2.61, 1460506199, 0, 4684
1, 3.00, 2.61, 1460506200, 0, 4685
1, 4.00, 2.62, 1460506201, 0, 4684
1, 4.00, 2.61, 1460506203, 0, 4684
1, 4.00, 2.61, 1460506204, 0, 4684
1, 3.00, 2.62, 1460506205, 0, 4683
1, 4.00, 2.61, 1460506207, 0, 4684
1, 3.00, 2.61, 1460506208, 0, 4684
1, 3.00, 2.62, 1460506209, 0, 4685
1, 3.00, 2.62, 1460506210, 0, 4685
1, 3.00, 2.61, 1460506212, 0, 4682
1, 3.00, 2.61, 1460506213, 0, 4685
1, 3.00, 2.61, 1460506214, 0, 4684
1, 4.00, 2.61, 1460506215, 0, 4684
1, 3.00, 2.62, 1460506217, 0, 4683
1, 4.00, 2.61, 1460506218, 0, 4683
1, 3.00, 2.61, 1460506219, 0, 4682
1, 3.00, 2.62, 1460506221, 0, 4682
1, 4.00, 2.61, 1460506222, 0, 4682
1, 3.00, 2.61, 1460506223, 0, 4682
1, 4.00, 2.61, 1460506224, 0, 4682
1, 3.00, 2.61, 1460506226, 0, 4683
1, 3.00, 2.62, 1460506227, 0, 4683
1, 4.00, 2.61, 1460506228, 0, 4683
1, 3.00, 2.61, 1460506230, 0, 4682
1, 3.00, 2.61, 1460506231, 0, 4683
1, 3.00, 2.61, 1460506232, 0, 4683
1, 3.00, 2.61, 1460506233, 0, 4682
1, 3.00, 2.61, 1460506235, 0, 4683
1, 3.00, 2.61, 1460506236, 0, 4683
1, 3.00, 2.61, 1460506237, 0, 4683
1, 4.00, 2.61, 1460506239, 0, 4682
1, 3.00, 2.61, 1460506240, 0, 4681
1, 3.00, 2.61, 1460506241, 0, 4682
1, 3.00, 2.62, 1460506242, 0, 4683
1, 2.00, 2.61, 1460506244, 0, 4682
1, 3.00, 2.61, 1460506245, 0, 4681
1, 4.00, 2.61, 1460506246, 0, 4680
1, 3.00, 2.61, 1460506248, 0, 4682
1, 3.00, 2.61, 1460506249, 0, 4681
1, 3.00, 2.61, 1460506250, 0, 4681
1, 3.00, 2.61, 1460506251, 0, 4681
1, 3.00, 2.61, 1460506253, 0, 4681
1, 3.00, 2.61, 1460506254, 0, 4680
1, 2.00, 2.61, 1460506255, 0, 4680
1, 4.00, 2.61, 1460506257, 0, 4680
1, 2.00, 2.61, 1460506258, 0, 4680
1, 4.00, 2.61, 1460506259, 0, 4680
1, 2.00, 2.61, 1460506260, 0, 4679
1, 3.00, 2.61, 1460506262, 0, 4681
1, 3.00, 2.61, 1460506263, 0, 4680
1, 3.00, 2.61, 1460506264, 0, 4680
1, 3.00, 2.61, 1460506266, 0, 4680
1, 4.00, 2.61, 1460506267, 0, 4681
1, 3.00, 2.61, 1460506268, 0, 4679
1, 3.00, 2.61, 1460506269, 0, 4679
1, 3.00, 2.61, 1460506271, 0, 4680
1, 3.00, 2.61, 1460506272, 0, 4679
1, 3.00, 2.61, 1460506273, 0, 4679
1, 3.00, 2.61, 1460506274, 0, 4680
1, 4.00, 2.62, 1460506276, 0, 4680
1, 2.00, 2.61, 1460506277, 0, 4680
1, 3.00, 2.61, 1460506278, 0, 4680
1, 3.00, 2.61, 1460506280, 0, 4679
1, 1.00, 2.62, 1460506281, 0, 4679
1, 3.00, 2.61, 1460506282, 0, 4680
1, 2.00, 2.61, 1460506283, 0, 4680
1, 3.00, 2.61, 1460506285, 0, 4678
1, 3.00, 2.61, 1460506286, 0, 4678
1, 2.00, 2.61, 1460506287, 0, 4679
1, 2.00, 2.61, 1460506289, 0, 4679
1, 2.00, 2.61, 1460506290, 0, 4679
1, 4.00, 2.61, 1460506291, 0, 4679
1, 2.00, 2.61, 1460506292, 0, 4679
1, 2.00, 2.61, 1460506294, 0, 4677
1, 2.00, 2.61, 1460506295, 0, 4678
1, 3.00, 2.61, 1460506296, 0, 4678
1, 3.00, 2.62, 1460506298, 0, 4677
1, 3.00, 2.61, 1460506299, 0, 4677
1, 3.00, 2.62, 1460506300, 0, 4679
1, 2.00, 2.61, 1460506301, 0, 4679
1, 3.00, 2.61, 1460506303, 0, 4678
1, 3.00, 2.61, 1460506304, 0, 4678
1, 2.00, 2.62, 1460506305, 0, 4678
1, 2.00, 2.61, 1460506307, 0, 4677
1, 3.00, 2.61, 1460506308, 0, 4677
1, 1.00, 2.61, 1460506309, 0, 4678
1, 3.00, 2.61, 1460506310, 0, 4677
1, 2.00, 2.61, 1460506312, 0, 4677
1, 3.00, 2.61, 1460506313, 0, 4677
1, 2.00, 2.61, 1460506314, 0, 4676
1, 3.00, 2.61, 1460506316, 0, 4677
1, 2.00, 2.61, 1460506317, 0, 4677
1, 2.00, 2.61, 1460506318, 0, 4678
1, 3.00, 2.62, 1460506319, 0, 4672
1, 1.00, 2.61, 1460506321, 0, 4676
1, 2.00, 2.62, 1460506322, 0, 4677
1, 2.00, 2.61, 1460506323, 0, 4677
1, 2.00, 2.61, 1460506325, 0, 4676
1, 2.00, 2.61, 1460506326, 0, 4676
1, 2.00, 2.61, 1460506327, 0, 4676
1, 1.00, 2.61, 1460506328, 0, 4676
1, 2.00, 2.61, 1460506330, 0, 4676
1, 3.00, 2.61, 1460506331, 0, 4675
1, 1.00, 2.61, 1460506332, 0, 4676
1, 1.00, 2.61, 1460506333, 0, 4675
1, 2.00, 2.61, 1460506335, 0, 4675
1, 2.00, 2.61, 1460506336, 0, 4676
1, 1.00, 2.61, 1460506337, 0, 4674
1, 2.00, 2.62, 1460506339, 0, 4675
1, 2.00, 2.61, 1460506340, 0, 4677
1, 2.00, 2.61, 1460506341, 0, 4675
1, 2.00, 2.61, 1460506342, 0, 4675
1, 2.00, 2.61, 1460506344, 0, 4676
1, 2.00, 2.61, 1460506345, 0, 4674
1, 1.00, 2.61, 1460506346, 0, 4673
1, 2.00, 2.61, 1460506348, 0, 4675
1, 2.00, 2.61, 1460506349, 0, 4675
1, 2.00, 2.61, 1460506350, 0, 4675
1, 2.00, 2.61, 1460506351, 0, 4674
1, 1.00, 2.61, 1460506353, 0, 4675
1, 1.00, 2.61, 1460506354, 0, 4673
1, 2.00, 2.61, 1460506355, 0, 4674
1, 2.00, 2.61, 1460506357, 0, 4674
1, 1.00, 2.61, 1460506358, 0, 4674
1, 2.00, 2.61, 1460506359, 0, 4673
1, 2.00, 2.61, 1460506360, 0, 4673
1, 2.00, 2.61, 1460506362, 0, 4673
1, 3.00, 2.61, 1460506363, 0, 4674
1, 2.00, 2.61, 1460506364, 0, 4673
1, 0.00, 2.61, 1460506366, 0, 4673
1, 1.00, 2.61, 1460506367, 0, 4674
1, 2.00, 2.61, 1460506368, 0, 4673
1, 2.00, 2.61, 1460506369, 0, 4672
1, 2.00, 2.61, 1460506371, 0, 4672
1, 3.00, 2.62, 1460506372, 0, 4673
1, 2.00, 2.61, 1460506373, 0, 4673
1, 1.00, 2.61, 1460506375, 0, 4672
1, 1.00, 2.62, 1460506376, 0, 4672
1, 3.00, 2.61, 1460506377, 0, 4672
1, 1.00, 2.61, 1460506378, 0, 4672
1, 1.00, 2.62, 1460506380, 0, 4673
1, 3.00, 2.61, 1460506381, 0, 4672
1, 1.00, 2.61, 1460506382, 0, 4673
1, 2.00, 2.61, 1460506384, 0, 4671
1, 2.00, 2.61, 1460506385, 0, 4672
1, 1.00, 2.61, 1460506386, 0, 4671
1, 1.00, 2.61, 1460506387, 0, 4671
1, 2.00, 2.61, 1460506389, 0, 4672
1, 2.00, 2.61, 1460506390, 0, 4671
1, 1.00, 2.61, 1460506391, 0, 4671
1, 1.00, 2.61, 1460506392, 0, 4671
1, 1.00, 2.61, 1460506394, 0, 4669
1, 1.00, 2.61, 1460506395, 0, 4671
1, 1.00, 2.61, 1460506396, 0, 4671
1, 1.00, 2.61, 1460506398, 0, 4669
1, 2.00, 2.61, 1460506399, 0, 4669
1, 0.00, 2.62, 1460506400, 0, 4670
1, 2.00, 2.61, 1460506401, 0, 4669
1, 2.00, 2.61, 1460506403, 0, 4669
1, 2.00, 2.61, 1460506404, 0, 4664
1, 1.00, 2.61, 1460506405, 0, 4669
1, 2.00, 2.61, 1460506407, 0, 4668
1, 1.00, 2.61, 1460506408, 0, 4668
1, 2.00, 2.61, 1460506409, 0, 4667
1, 1.00, 2.61, 1460506410, 0, 4667
1, 1.00, 2.61, 1460506412, 0, 4667
1, 1.00, 2.61, 1460506413, 0, 4667
1, 0.00, 2.61, 1460506414, 0, 4666
1, 1.00, 2.61, 1460506416, 0, 4668
1, 1.00, 2.61, 1460506417, 0, 4666
1, 1.00, 2.61, 1460506418, 0, 4666
1, 1.00, 2.61, 1460506419, 0, 4667
1, 1.00, 2.61, 1460506421, 0, 4667
1, 2.00, 2.61, 1460506422, 0, 4666
1, 1.00, 2.61, 1460506423, 0, 4667
1, 2.00, 2.61, 1460506425, 0, 4667
1, 1.00, 2.61, 1460506426, 0, 4666
1, 1.00, 2.61, 1460506427, 0, 4667
1, 1.00, 2.61, 1460506428, 0, 4667
1, 1.00, 2.61, 1460506430, 0, 4667
1, 1.00, 2.61, 1460506431, 0, 4666
1, 1.00, 2.61, 1460506432, 0, 4667
1, 1.00, 2.61, 1460506434, 0, 4667
1, 2.00, 2.61, 1460506435, 0, 4665
1, 1.00, 2.61, 1460506436, 0, 4667
1, 1.00, 2.61, 1460506437, 0, 4666
1, 1.00, 2.62, 1460506439, 0, 4667
1, 0.00, 2.61, 1460506440, 0, 4666
1, 1.00, 2.61, 1460506441, 0, 4666
1, 2.00, 2.61, 1460506442, 0, 4665
1, 1.00, 2.61, 1460506444, 0, 4665
1, 1.00, 2.61, 1460506445, 0, 4665
1, 0.00, 2.61, 1460506446, 0, 4666
1, 1.00, 2.61, 1460506448, 0, 4667
1, 2.00, 2.61, 1460506449, 0, 4666
1, 2.00, 2.61, 1460506450, 0, 4665
1, 1.00, 2.61, 1460506451, 0, 4666
1, 1.00, 2.61, 1460506453, 0, 4667
1, 2.00, 2.61, 1460506454, 0, 4667
1, 1.00, 2.61, 1460506455, 0, 4665
1, 1.00, 2.61, 1460506457, 0, 4666
1, 1.00, 2.61, 1460506458, 0, 4666
1, 1.00, 2.61, 1460506459, 0, 4667
1, 0.00, 2.61, 1460506460, 0, 4665
1, 1.00, 2.61, 1460506462, 0, 4665
1, 1.00, 2.61, 1460506463, 0, 4666
1, 1.00, 2.61, 1460506464, 0, 4667
1, 2.00, 2.61, 1460506466, 0, 4664
1, 1.00, 2.61, 1460506467, 0, 4666
1, 1.00, 2.61, 1460506468, 0, 4665
1, 2.00, 2.61, 1460506469, 0, 4666
1, 0.00, 2.61, 1460506471, 0, 4665
1, 1.00, 2.61, 1460506472, 0, 4666
1, 0.00, 2.61, 1460506473, 0, 4666
1, 1.00, 2.61, 1460506475, 0, 4666
1, 0.00, 2.61, 1460506476, 0, 4666
1, 1.00, 2.61, 1460506477, 0, 4665
1, 2.00, 2.61, 1460506478, 0, 4667
1, 1.00, 2.61, 1460506480, 0, 4666
1, 2.00, 2.61, 1460506481, 0, 4665
1, 0.00, 2.61, 1460506482, 0, 4665
1, 1.00, 2.61, 1460506484, 0, 4665
1, 1.00, 2.61, 1460506485, 0, 4666
1, 0.00, 2.61, 1460506486, 0, 4666
1, 1.00, 2.61, 1460506487, 0, 4664
1, 0.00, 2.61, 1460506489, 0, 4665
1, 0.00, 2.61, 1460506490, 0, 4665
1, 1.00, 2.61, 1460506491, 0, 4665
1, 0.00, 2.61, 1460506492, 0, 4665
1, 0.00, 2.61, 1460506494, 0, 4666
1, 1.00, 2.62, 1460506495, 0, 4665
1, 0.00, 2.61, 1460506496, 0, 4666
1, 0.00, 2.61, 1460506498, 0, 4665
1, 1.00, 2.61, 1460506499, 0, 4664
1, 1.00, 2.61, 1460506500, 0, 4666
1, 0.00, 2.61, 1460506501, 0, 4665
1, 1.00, 2.61, 1460506503, 0, 4665
1, 0.00, 2.61, 1460506504, 0, 4664
1, 0.00, 2.61, 1460506505, 0, 4663
1, 0.00, 2.61, 1460506507, 0, 4665
1, 0.00, 2.61, 1460506508, 0, 4664
1, 0.00, 2.61, 1460506509, 0, 4665
1, 1.00, 2.61, 1460506510, 0, 4665
1, 0.00, 2.61, 1460506512, 0, 4665
1, 0.00, 2.61, 1460506513, 0, 4665
1, 1.00, 2.61, 1460506514, 0, 4664
1, 0.00, 2.61, 1460506516, 0, 4665
1, 0.00, 2.61, 1460506517, 0, 4664
1, 0.00, 2.61, 1460506518, 0, 4664
1, 1.00, 2.61, 1460506519, 0, 4662
1, 0.00, 2.61, 1460506521, 0, 4664
1, 0.00, 2.61, 1460506522, 0, 4664
1, 0.00, 2.61, 1460506523, 0, 4665
1, 0.00, 2.61, 1460506525, 0, 4664
1, 0.00, 2.61, 1460506526, 0, 4664
1, 1.00, 2.61, 1460506527, 0, 4663
1, 0.00, 2.61, 1460506528, 0, 4663
1, 1.00, 2.61, 1460506530, 0, 4664
1, 0.00, 2.61, 1460506531, 0, 4664
1, 0.00, 2.61, 1460506532, 0, 4663
1, 0.00, 2.61, 1460506534, 0, 4663
1, 1.00, 2.61, 1460506535, 0, 4664
1, 0.00, 2.61, 1460506536, 0, 4664
1, 1.00, 2.61, 1460506537, 0, 4663
1, 0.00, 2.61, 1460506539, 0, 4662
1, 0.00, 2.61, 1460506540, 0, 4663
1, 1.00, 2.61, 1460506541, 0, 4663
1, 1.00, 2.61, 1460506542, 0, 4662
1, 1.00, 2.61, 1460506544, 0, 4662
1, 0.00, 2.61, 1460506545, 0, 4663
1, 0.00, 2.61, 1460506546, 0, 4663
1, 0.00, 2.61, 1460506548, 0, 4663
1, 0.00, 2.61, 1460506549, 0, 4662
1, 1.00, 2.61, 1460506550, 0, 4662
1, 0.00, 2.61, 1460506551, 0, 4663
1, 1.00, 2.61, 1460506553, 0, 4662
1, 0.00, 2.61, 1460506554, 0, 4663
1, 0.00, 2.61, 1460506555, 0, 4662
1, 0.00, 2.61, 1460506557, 0, 4662
1, 0.00, 2.61, 1460506558, 0, 4661
1, 0.00, 2.61, 1460506559, 0, 4661
1, 0.00, 2.61, 1460506560, 0, 4661
1, 0.00, 2.61, 1460506562, 0, 4662
1, 0.00, 2.61, 1460506563, 0, 4662
1, 0.00, 2.61, 1460506564, 0, 4660
1, 0.00, 2.61, 1460506566, 0, 4665
1, 0.00, 2.61, 1460506567, 0, 4659
1, 0.00, 2.61, 1460506568, 0, 4662
