105.2,1473966470,17.25,17.25,17.50,17.25
105.2,1473966476,17.25,17.25,17.50,17.25
105.2,1473966482,17.25,17.25,17.50,17.25
105.2,1473966488,17.25,17.25,17.50,17.25
105.2,1473966494,17.25,17.25,17.50,17.25
105.2,1473971116,8.50,8.50,9.25,13.25
105.2,1473971121,8.50,8.50,9.25,11.25
105.2,1473971134,8.50,8.50,9.25,10.00
105.2,1473971152,8.50,8.50,9.25,9.50
105.2,1473971157,8.50,8.50,9.25,9.50
105.2,1473971158,8.50,8.50,9.25,9.50
105.2,1473971163,8.50,8.50,9.50,9.25
105.2,1473971169,8.50,8.50,9.25,9.25
105.2,1473971175,8.50,8.50,9.50,9.25
105.2,1473971176,8.50,8.50,9.50,9.25
105.2,1473971181,8.50,8.50,9.25,9.25
105.2,1473971187,8.50,8.50,9.25,9.25
105.2,1473971188,8.50,8.50,9.25,9.25
105.2,1473971193,8.50,8.50,9.25,9.25
105.2,1473971193,8.50,8.50,9.25,9.25
105.2,1473971199,8.50,8.50,9.25,9.25
105.2,1473971199,8.50,8.50,9.25,9.25
105.2,1473971206,8.50,8.50,9.25,9.25
105.2,1473971211,8.50,8.50,9.25,9.00
105.2,1473971249,8.50,8.50,9.25,9.00
105.2,1473971249,8.50,8.50,9.25,9.00
105.2,1473971253,8.50,8.50,9.25,9.00
105.2,1473971258,8.50,8.50,9.25,9.00
105.2,1473971264,8.50,8.50,9.25,9.00
105.2,1473971265,8.50,8.50,9.25,9.00
105.2,1473971270,8.50,8.50,9.25,9.00
105.2,1473971276,8.50,8.50,9.25,9.00
105.2,1473971282,8.50,8.50,9.25,9.00
105.2,1473971288,8.50,8.50,9.25,9.00
105.2,1473971301,8.50,8.50,9.25,9.00
105.2,1473971306,8.50,8.50,9.25,9.00
105.2,1473971307,8.50,8.50,9.25,9.00
105.2,1473971318,8.50,8.50,9.25,9.00
105.2,1473971326,8.50,8.50,9.25,9.00
105.2,1473971331,8.50,8.50,9.25,9.00
105.2,1473971336,8.50,8.50,9.25,9.00
105.2,1473971342,8.50,8.50,9.25,9.00
105.2,1473971343,8.50,8.50,9.25,9.00
105.2,1473971354,8.50,8.50,9.00,9.00
105.2,1473971361,8.50,8.50,9.00,9.00
105.2,1473971366,8.50,8.50,9.00,9.00
105.2,1473971372,8.25,8.50,9.25,9.00
105.2,1473971378,8.50,8.50,9.25,8.75
105.2,1473971379,8.50,8.50,9.25,8.75
105.2,1473971384,8.50,8.50,9.25,8.75
105.2,1473971385,8.50,8.50,9.25,8.75
105.2,1473971390,8.50,8.50,9.25,9.00
105.2,1473971396,8.50,8.50,9.25,9.00
105.2,1473971397,8.50,8.50,9.25,9.00
105.2,1473971402,8.50,8.50,9.25,9.00
105.2,1473971403,8.50,8.50,9.25,9.00
105.2,1473971408,8.50,8.50,9.25,9.00
105.2,1473971409,8.50,8.50,9.25,9.00
105.2,1473971414,8.25,8.50,9.25,9.00
105.2,1473971415,8.25,8.50,9.25,9.00
105.2,1473971420,8.50,8.50,9.00,9.00
105.2,1473971421,8.50,8.50,9.00,9.00
105.2,1473971426,8.50,8.50,9.00,8.75
105.2,1473971427,8.50,8.50,9.00,8.75
105.2,1473971432,8.50,8.50,9.25,9.00
105.2,1473971438,8.50,8.50,9.25,9.00
105.2,1473971439,8.50,8.50,9.25,9.00
105.2,1473971444,8.50,8.25,9.25,9.00
105.2,1473971445,8.50,8.25,9.25,9.00
105.2,1473971450,8.25,8.25,9.00,9.00
105.2,1473971457,8.25,8.25,9.00,9.00
105.2,1473971462,8.25,8.25,9.00,9.00
105.2,1473971468,8.50,8.25,9.25,9.00
105.2,1473971469,8.50,8.25,9.25,9.00
105.2,1473971474,8.50,8.50,9.00,9.00
105.2,1473971480,8.50,8.25,9.00,9.00
105.2,1473971486,8.50,8.50,9.25,9.00
105.2,1473971492,8.50,8.50,9.00,9.00
105.2,1473971493,8.50,8.50,9.00,9.00
105.2,1473971498,8.50,8.50,9.00,8.75
105.2,1473971505,8.50,8.25,9.25,9.00
105.2,1473971510,8.50,8.50,9.25,9.00
105.2,1473971516,8.50,8.25,9.00,9.00
105.2,1473971517,8.50,8.25,9.00,9.00
105.2,1473971522,8.50,8.25,9.25,9.00
105.2,1473971523,8.50,8.25,9.25,9.00
105.2,1473971528,8.50,8.25,9.00,9.00
105.2,1473971529,8.50,8.25,9.00,9.00
105.2,1473971534,8.50,8.25,9.25,9.00
105.2,1473971535,8.50,8.25,9.25,9.00
105.2,1473971540,8.50,8.25,9.00,9.00
105.2,1473971546,8.50,8.25,9.25,9.00
105.2,1473971552,8.50,8.25,9.00,9.00
105.2,1473971553,8.50,8.25,9.00,9.00
105.2,1473971558,8.50,8.25,9.25,9.00
105.2,1473971559,8.50,8.25,9.25,9.00
105.2,1473971564,8.50,8.25,9.25,9.00
105.2,1473971570,8.50,8.25,9.00,9.00
105.2,1473971576,8.50,8.25,9.25,9.00
105.2,1473971582,8.50,8.25,9.00,9.00
105.2,1473971583,8.50,8.25,9.00,9.00
105.2,1473971588,8.50,8.25,9.25,9.00
105.2,1473971594,8.50,8.25,9.25,9.00
105.2,1473971600,8.50,8.25,9.00,9.00
105.2,1473971601,8.50,8.25,9.00,9.00
105.2,1473971607,8.50,8.25,9.00,9.00
105.2,1473971612,8.50,8.25,9.00,9.00
105.2,1473971621,8.50,8.25,9.00,9.00
105.2,1473971625,8.50,8.25,9.00,9.00
105.2,1473971630,8.50,8.25,9.00,9.00
105.2,1473971631,8.50,8.25,9.00,9.00
105.2,1473971636,8.50,8.25,9.00,9.00
105.2,1473971637,8.50,8.25,9.00,9.00
105.2,1473971642,8.50,8.25,9.25,9.00
105.2,1473971648,8.50,8.25,9.00,9.00
105.2,1473971655,8.50,8.50,9.00,9.00
105.2,1473971662,8.50,8.25,9.00,9.00
105.2,1473971666,8.50,8.25,9.00,9.00
105.2,1473971667,8.50,8.25,9.00,9.00
105.2,1473971672,8.50,8.25,9.00,9.00
105.2,1473971678,8.50,8.25,9.00,9.00
105.2,1473971680,8.50,8.25,9.00,9.00
105.2,1473971684,8.50,8.50,9.00,9.00
105.2,1473971691,8.50,8.50,9.00,9.00
105.2,1473971697,8.50,8.25,9.00,9.00
105.2,1473971702,8.50,8.50,9.00,9.00
105.2,1473971703,8.50,8.50,9.00,9.00
105.2,1473971708,8.50,8.50,9.00,9.00
105.2,1473971715,8.50,8.50,9.00,9.00
105.2,1473971721,8.50,8.50,9.00,9.00
105.2,1473971726,8.50,8.25,9.00,9.00
105.2,1473971732,8.50,8.25,9.00,9.00
105.2,1473971738,8.50,8.25,9.00,9.00
105.2,1473971739,8.50,8.25,9.00,9.00
105.2,1473971744,8.50,8.50,9.00,9.00
105.2,1473971745,8.50,8.50,9.00,9.00
105.2,1473971750,8.50,8.25,9.00,9.00
105.2,1473971751,8.50,8.25,9.00,9.00
105.2,1473971756,8.50,8.50,9.00,9.00
105.2,1473971762,8.50,8.50,9.00,9.00
105.2,1473971763,8.50,8.50,9.00,9.00
105.2,1473971768,8.50,8.25,9.00,9.00
105.2,1473971769,8.50,8.25,9.00,9.00
105.2,1473971774,8.50,8.50,9.00,9.00
105.2,1473971775,8.50,8.50,9.00,9.00
105.2,1473971780,8.50,8.50,9.00,9.00
105.2,1473971787,8.50,8.50,9.00,9.00
105.2,1473971792,8.50,8.50,9.00,9.00
105.2,1473971794,8.50,8.50,9.00,9.00
105.2,1473971798,8.50,8.25,9.00,9.00
105.2,1473971805,8.50,8.50,9.00,9.00
105.2,1473971811,8.50,8.50,9.00,9.00
105.2,1473971816,8.50,8.25,9.00,9.00
105.2,1473971822,8.50,8.25,9.00,9.00
105.2,1473971828,8.50,8.25,9.00,9.00
105.2,1473971829,8.50,8.25,9.00,9.00
105.2,1473971834,8.50,8.25,9.00,9.00
105.2,1473971840,8.50,8.50,9.00,9.00
105.2,1473971846,8.50,8.25,9.00,9.00
105.2,1473971852,8.50,8.25,9.00,9.00
105.2,1473971854,8.50,8.25,9.00,9.00
105.2,1473971858,8.50,8.25,9.00,9.00
105.2,1473971859,8.50,8.25,9.00,9.00
105.2,1473971864,8.50,8.50,9.00,9.00
105.2,1473971865,8.50,8.50,9.00,9.00
105.2,1473971870,8.50,8.50,9.00,9.00
105.2,1473971876,8.50,8.50,9.00,9.00
105.2,1473971882,8.50,8.50,9.00,9.00
105.2,1473971883,8.50,8.50,9.00,9.00
105.2,1473971888,8.50,8.50,9.00,9.00
105.2,1473971894,8.50,8.50,9.00,9.00
105.2,1473971895,8.50,8.50,9.00,9.00
105.2,1473971906,8.50,8.50,9.00,9.00
105.2,1473971912,8.50,8.25,9.00,9.00
105.2,1473971913,8.50,8.25,9.00,9.00
105.2,1473971918,8.50,8.25,9.00,9.00
105.2,1473971924,8.50,8.25,9.00,9.00
105.2,1473971925,8.50,8.25,9.00,9.00
105.2,1473971930,8.50,8.25,9.00,9.00
105.2,1473971933,8.50,8.25,9.00,9.00
105.2,1473971942,8.50,8.25,9.25,9.00
105.2,1473971948,8.50,8.50,9.00,9.00
105.2,1473971955,8.50,8.25,9.00,9.00
105.2,1473971961,8.50,8.25,9.25,9.00
105.2,1473971966,8.50,8.25,9.00,8.75
105.2,1473971972,8.50,8.25,9.00,9.00
105.2,1473971979,8.50,8.25,9.00,9.00
105.2,1473971984,8.50,8.25,9.00,8.75
105.2,1473971990,8.50,8.25,9.00,9.00
105.2,1473971992,8.50,8.25,9.00,9.00
105.2,1473971996,8.50,8.25,9.00,8.75
105.2,1473971998,8.50,8.25,9.00,8.75
105.2,1473972002,8.50,8.25,9.00,9.00
105.2,1473972008,8.50,8.50,9.00,9.00
105.2,1473972009,8.50,8.50,9.00,9.00
105.2,1473972014,8.50,8.25,9.00,9.00
105.2,1473972021,8.50,8.25,9.00,9.00
105.2,1473972021,8.50,8.25,9.00,9.00
105.2,1473972026,8.50,8.25,9.00,9.00
105.2,1473972032,8.50,8.25,9.00,9.00
105.2,1473972035,8.50,8.25,9.00,9.00
105.2,1473972038,8.50,8.25,9.00,9.00
105.2,1473972044,8.50,8.25,9.00,9.00
105.2,1473972045,8.50,8.25,9.00,9.00
105.2,1473972050,8.50,8.25,9.00,9.00
105.2,1473972051,8.50,8.25,9.00,9.00
105.2,1473972056,8.50,8.25,9.00,9.00
105.2,1473972062,8.50,8.50,9.00,9.00
105.2,1473972068,8.50,8.50,9.00,9.00
105.2,1473972069,8.50,8.50,9.00,9.00
105.2,1473972074,8.50,8.25,9.00,9.00
105.2,1473972075,8.50,8.25,9.00,9.00
105.2,1473972081,8.50,8.25,9.00,9.00
105.2,1473972086,8.50,8.25,9.00,9.00
105.2,1473972087,8.50,8.25,9.00,9.00
105.2,1473972092,8.50,8.50,9.00,9.00
105.2,1473972098,8.50,8.50,9.00,9.00
105.2,1473972105,8.50,8.50,9.00,9.00
105.2,1473972110,8.50,8.50,9.00,9.00
105.2,1473972111,8.50,8.50,9.00,9.00
105.2,1473972116,8.50,8.50,9.00,9.00
105.2,1473972123,8.50,8.25,9.00,9.00
105.2,1473972128,8.50,8.50,9.00,9.00
105.2,1473972129,8.50,8.50,9.00,9.00
105.2,1473972135,8.50,8.50,9.00,9.00
105.2,1473972140,8.50,8.50,9.00,9.00
105.2,1473972141,8.50,8.50,9.00,9.00
105.2,1473972146,8.50,8.50,9.00,9.00
105.2,1473972152,8.50,8.25,9.00,9.00
105.2,1473972159,8.50,8.25,9.00,9.00
105.2,1473972159,8.50,8.25,9.00,9.00
105.2,1473972164,8.50,8.50,9.00,9.00
105.2,1473972171,8.50,8.25,9.00,9.00
105.2,1473972177,8.50,8.50,9.00,9.00
105.2,1473972182,8.50,8.50,9.00,9.00
105.2,1473972188,8.50,8.50,9.00,9.00
105.2,1473972194,8.50,8.25,9.00,9.00
105.2,1473972200,8.50,8.25,9.00,9.00
105.2,1473972202,8.50,8.25,9.00,9.00
105.2,1473972206,8.50,8.25,9.00,9.00
105.2,1473972207,8.50,8.25,9.00,9.00
105.2,1473972212,8.50,8.25,9.00,9.00
105.2,1473972218,8.50,8.25,9.00,9.00
105.2,1473972224,8.50,8.50,9.00,9.00
105.2,1473972231,8.50,8.50,9.00,9.00
105.2,1473972242,8.50,8.25,9.00,9.00
105.2,1473972248,8.50,8.25,9.00,8.75
105.2,1473972254,8.50,8.50,9.00,8.75
105.2,1473972256,8.50,8.50,9.00,8.75
105.2,1473972260,8.50,8.50,9.00,8.75
105.2,1473972266,8.50,8.50,9.00,9.00
105.2,1473972272,8.50,8.25,9.00,8.75
105.2,1473972278,8.50,8.25,9.00,8.75
105.2,1473972279,8.50,8.25,9.00,8.75
105.2,1473972286,8.50,8.50,9.00,8.75
105.2,1473972290,8.50,8.25,9.00,8.75
105.2,1473972296,8.50,8.25,9.00,8.75
105.2,1473972302,8.50,8.25,9.00,9.00
105.2,1473972308,8.50,8.25,9.00,9.00
105.2,1473972309,8.50,8.25,9.00,9.00
105.2,1473972314,8.50,8.25,9.00,8.75
105.2,1473972316,8.50,8.25,9.00,8.75
105.2,1473972317,8.50,8.25,9.00,8.75
105.2,1473972320,8.50,8.25,9.00,8.75
105.2,1473972326,8.50,8.50,9.00,9.00
105.2,1473972329,8.50,8.50,9.00,9.00
105.2,1473972332,8.50,8.25,9.00,9.00
105.2,1473972332,8.50,8.25,9.00,9.00
105.2,1473972338,8.50,8.25,9.00,9.00
105.2,1473972344,8.50,8.25,9.00,8.75
105.2,1473972350,8.25,8.25,9.00,8.75
105.2,1473972357,8.50,8.50,9.00,8.75
105.2,1473972362,8.50,8.25,9.00,8.75
105.2,1473972362,8.50,8.25,9.00,8.75
105.2,1473972368,8.50,8.50,9.00,8.75
105.2,1473972374,8.50,8.25,9.00,8.75
105.2,1473972380,8.50,8.50,9.00,8.75
105.2,1473972386,8.50,8.25,9.00,8.75
105.2,1473972387,8.50,8.25,9.00,8.75
105.2,1473972393,8.50,8.50,9.00,8.75
105.2,1473972398,8.50,8.50,9.00,8.75
105.2,1473972404,8.50,8.25,9.00,8.75
105.2,1473972404,8.50,8.25,9.00,8.75
105.2,1473972410,8.50,8.25,9.00,8.75
105.2,1473972410,8.50,8.25,9.00,8.75
105.2,1473972416,8.50,8.50,9.00,8.75
105.2,1473972422,8.50,8.25,9.00,8.75
105.2,1473972428,8.50,8.25,9.00,8.75
105.2,1473972428,8.50,8.25,9.00,8.75
105.2,1473972434,8.50,8.50,9.00,8.75
105.2,1473972435,8.50,8.50,9.00,8.75
105.2,1473972436,8.50,8.50,9.00,8.75
105.2,1473972441,8.50,8.50,9.00,8.75
105.2,1473972445,8.50,8.50,9.00,8.75
105.2,1473972446,8.50,8.50,9.00,8.75
105.2,1473972452,8.50,8.25,9.00,8.75
105.2,1473972459,8.50,8.50,9.00,8.75
105.2,1473972463,8.50,8.50,9.00,8.75
105.2,1473972465,8.50,8.50,9.00,8.75
105.2,1473972469,8.50,8.25,9.00,8.75
105.2,1473972471,8.50,8.25,9.00,8.75
105.2,1473972475,8.50,8.25,9.00,8.75
105.2,1473972476,8.50,8.25,9.00,8.75
105.2,1473972477,8.50,8.25,9.00,8.75
105.2,1473972478,8.50,8.25,9.00,8.75
105.2,1473972482,8.50,8.25,9.00,8.75
105.2,1473972488,8.50,8.50,9.00,8.75
105.2,1473972494,8.25,8.50,9.00,8.75
105.2,1473972494,8.25,8.50,9.00,8.75
105.2,1473972500,8.25,8.50,9.00,8.75
105.2,1473972506,8.50,8.25,9.00,8.75
105.2,1473972506,8.50,8.25,9.00,8.75
105.2,1473972512,8.50,8.50,9.00,8.75
105.2,1473972518,8.50,8.50,9.00,8.75
105.2,1473972518,8.50,8.50,9.00,8.75
105.2,1473972519,8.50,8.50,9.00,8.75
105.2,1473972520,8.50,8.50,9.00,8.75
105.2,1473972524,8.50,8.25,9.00,8.75
105.2,1473972530,8.50,8.25,9.00,8.75
105.2,1473972532,8.50,8.25,9.00,8.75
105.2,1473972536,8.50,8.25,9.00,8.75
105.2,1473972542,8.50,8.25,9.00,8.75
105.2,1473972547,8.50,8.25,9.00,8.75
105.2,1473972554,8.50,8.25,9.00,8.75
105.2,1473972560,8.50,8.25,9.00,8.75
105.2,1473972566,8.50,8.25,9.00,8.75
105.2,1473972572,8.50,8.25,9.00,8.75
105.2,1473972579,8.50,8.25,9.00,8.75
105.2,1473972583,8.50,8.50,9.00,8.75
105.2,1473972584,8.50,8.50,9.00,8.75
105.2,1473972585,8.50,8.50,9.00,8.75
105.2,1473972590,8.50,8.25,9.00,8.75
105.2,1473972595,8.50,8.25,9.00,8.75
105.2,1473972598,8.50,8.25,9.00,8.75
105.2,1473972598,8.50,8.25,9.00,8.75
105.2,1473972601,8.50,8.25,9.00,8.75
105.2,1473972604,8.50,8.25,9.00,8.75
105.2,1473972608,8.50,8.25,9.00,8.75
105.2,1473972615,8.50,8.25,9.00,8.75
105.2,1473972619,8.50,8.25,9.00,8.75
105.2,1473972625,8.50,8.25,9.00,8.75
105.2,1473972631,8.50,8.25,9.00,8.75
105.2,1473972632,8.50,8.25,9.00,8.75
105.2,1473972633,8.50,8.25,9.00,8.75
105.2,1473972633,8.50,8.25,9.00,8.75
105.2,1473972637,8.50,8.25,9.00,8.75
105.2,1473972638,8.50,8.25,9.00,8.75
105.2,1473972644,8.50,8.50,9.00,8.75
105.2,1473972645,8.50,8.50,9.00,8.75
105.2,1473972646,8.50,8.50,9.00,8.75
105.2,1473972646,8.50,8.50,9.00,8.75
105.2,1473972649,8.50,8.25,9.00,8.75
105.2,1473972656,8.50,8.25,9.00,8.75
105.2,1473972661,8.50,8.50,9.00,8.75
105.2,1473972664,8.50,8.50,9.00,8.75
105.2,1473972667,8.50,8.25,9.00,8.75
105.2,1473972669,8.50,8.25,9.00,8.75
105.2,1473972673,8.50,8.25,9.00,8.75
105.2,1473972675,8.50,8.25,9.00,8.75
105.2,1473972679,8.25,8.25,9.00,8.75
105.2,1473972685,8.50,8.25,9.00,8.75
105.2,1473972693,8.50,8.25,9.00,8.75
105.2,1473972697,8.25,8.25,9.00,8.75
105.2,1473972704,8.50,8.25,9.00,8.75
105.2,1473972709,8.50,8.25,9.00,8.75
105.2,1473972716,8.50,8.25,9.00,8.75
105.2,1473972721,8.50,8.25,9.00,8.75
105.2,1473972723,8.50,8.25,9.00,8.75
105.2,1473972727,8.50,8.25,9.00,8.75
105.2,1473972730,8.50,8.25,9.00,8.75
105.2,1473972733,8.50,8.25,9.00,8.75
105.2,1473972739,8.50,8.25,9.00,8.75
105.2,1473972741,8.50,8.25,9.00,8.75
105.2,1473972741,8.50,8.25,9.00,8.75
105.2,1473972747,8.25,8.25,9.00,8.75
105.2,1473972751,8.50,8.50,9.00,8.75
105.2,1473972754,8.50,8.50,9.00,8.75
105.2,1473972757,8.50,8.25,9.00,8.75
105.2,1473972758,8.50,8.25,9.00,8.75
105.2,1473972759,8.50,8.25,9.00,8.75
105.2,1473972764,8.50,8.25,9.00,8.75
105.2,1473972765,8.50,8.25,9.00,8.75
105.2,1473972770,8.25,8.25,9.00,8.75
105.2,1473972771,8.25,8.25,9.00,8.75
105.2,1473972771,8.25,8.25,9.00,8.75
105.2,1473972775,8.50,8.25,9.00,8.75
105.2,1473972776,8.50,8.25,9.00,8.75
105.2,1473972777,8.50,8.25,9.00,8.75
105.2,1473972784,8.50,8.25,9.00,8.75
105.2,1473972787,8.50,8.50,9.00,8.75
105.2,1473972793,8.50,8.25,9.00,8.75
105.2,1473972799,8.25,8.25,9.00,8.75
105.2,1473972805,8.50,8.25,9.00,8.75
105.2,1473972806,8.50,8.25,9.00,8.75
105.2,1473972811,8.25,8.25,9.00,8.75
105.2,1473972818,8.50,8.25,9.00,8.75
105.2,1473972829,8.50,8.25,9.00,8.75
105.2,1473972853,8.50,8.25,9.00,8.75
105.2,1473972859,8.50,8.25,9.00,8.75
105.2,1473972860,8.50,8.25,9.00,8.75
105.2,1473972861,8.50,8.25,9.00,8.75
105.2,1473972865,8.50,8.25,9.00,8.75
105.2,1473972866,8.50,8.25,9.00,8.75
105.2,1473972867,8.50,8.25,9.00,8.75
105.2,1473972867,8.50,8.25,9.00,8.75
105.2,1473972871,8.25,8.25,9.00,8.75
105.2,1473972872,8.25,8.25,9.00,8.75
105.2,1473972873,8.25,8.25,9.00,8.75
105.2,1473972873,8.25,8.25,9.00,8.75
105.2,1473972874,8.25,8.25,9.00,8.75
105.2,1473972877,8.25,8.25,9.00,8.75
105.2,1473972883,8.50,8.25,9.00,8.75
105.2,1473972884,8.50,8.25,9.00,8.75
105.2,1473972889,8.50,8.25,9.00,8.75
105.2,1473972890,8.50,8.25,9.00,8.75
105.2,1473972891,8.50,8.25,9.00,8.75
105.2,1473972895,8.25,8.25,9.00,8.75
105.2,1473972896,8.25,8.25,9.00,8.75
105.2,1473972901,8.25,8.25,9.00,8.75
105.2,1473972902,8.25,8.25,9.00,8.75
105.2,1473972903,8.25,8.25,9.00,8.75
105.2,1473972903,8.25,8.25,9.00,8.75
105.2,1473972907,8.50,8.25,9.00,8.75
105.2,1473972908,8.50,8.25,9.00,8.75
105.2,1473972909,8.50,8.25,9.00,8.75
105.2,1473972913,8.50,8.25,9.00,12.75
105.2,1473972914,8.50,8.25,9.00,12.75
105.2,1473972914,8.50,8.25,9.00,12.75
105.2,1473972919,8.50,8.25,9.00,12.00
105.2,1473972920,8.50,8.25,9.00,12.00
105.2,1473972925,8.25,8.50,9.00,10.50
105.2,1473972926,8.25,8.50,9.00,10.50
105.2,1473972927,8.25,8.50,9.00,10.50
105.2,1473972931,8.50,8.50,9.00,10.00
105.2,1473972932,8.50,8.50,9.00,10.00
105.2,1473972937,8.50,8.50,9.00,9.50
105.2,1473972938,8.50,8.50,9.00,9.50
105.2,1473972943,8.50,8.50,9.25,9.50
105.2,1473972944,8.50,8.50,9.25,9.50
105.2,1473972949,8.50,8.50,9.00,9.25
105.2,1473972950,8.50,8.50,9.00,9.25
105.2,1473972955,8.50,8.50,9.00,9.00
105.2,1473972956,8.50,8.50,9.00,9.00
105.2,1473972961,8.50,8.50,9.00,9.00
105.2,1473972962,8.50,8.50,9.00,9.00
105.2,1473972967,8.50,8.50,9.00,9.00
105.2,1473972968,8.50,8.50,9.00,9.00
105.2,1473972973,8.50,8.50,9.25,9.00
105.2,1473972974,8.50,8.50,9.25,9.00
105.2,1473972979,8.50,8.50,9.00,9.00
105.2,1473972985,8.50,8.50,9.25,9.00
105.2,1473972986,8.50,8.50,9.25,9.00
105.2,1473972991,8.50,8.50,9.00,9.00
105.2,1473972992,8.50,8.50,9.00,9.00
105.2,1473972997,8.50,8.50,9.00,9.00
105.2,1473972998,8.50,8.50,9.00,9.00
105.2,1473973003,8.50,8.50,9.00,9.00
105.2,1473973004,8.50,8.50,9.00,9.00
105.2,1473973009,8.50,8.50,9.00,9.00
105.2,1473973010,8.50,8.50,9.00,9.00
105.2,1473973015,8.50,8.50,9.00,9.00
105.2,1473973016,8.50,8.50,9.00,9.00
105.2,1473973021,8.50,8.50,9.00,9.00
105.2,1473973022,8.50,8.50,9.00,9.00
105.2,1473973027,8.50,8.50,9.00,9.00
105.2,1473973028,8.50,8.50,9.00,9.00
105.2,1473973033,8.50,8.50,9.00,8.75
105.2,1473973034,8.50,8.50,9.00,8.75
105.2,1473973039,8.50,8.50,9.00,9.00
105.2,1473973040,8.50,8.50,9.00,9.00
105.2,1473973040,8.50,8.50,9.00,9.00
105.2,1473973045,8.50,8.50,9.00,8.75
105.2,1473973046,8.50,8.50,9.00,8.75
105.2,1473973051,8.50,8.50,9.00,9.00
105.2,1473973052,8.50,8.50,9.00,9.00
105.2,1473973057,8.50,8.50,9.00,9.00
105.2,1473973058,8.50,8.50,9.00,9.00
105.2,1473973063,8.50,8.50,9.00,9.00
105.2,1473973064,8.50,8.50,9.00,9.00
105.2,1473973069,8.50,8.50,9.00,9.00
105.2,1473973075,8.50,8.50,9.00,8.75
105.2,1473973076,8.50,8.50,9.00,8.75
105.2,1473973081,8.50,8.50,9.00,9.00
105.2,1473973082,8.50,8.50,9.00,9.00
105.2,1473973087,8.50,8.50,9.00,9.00
105.2,1473973088,8.50,8.50,9.00,9.00
105.2,1473973093,8.50,8.50,9.00,8.75
105.2,1473973093,8.50,8.50,9.00,8.75
105.2,1473973099,8.50,8.50,9.00,8.75
105.2,1473973100,8.50,8.50,9.00,8.75
105.2,1473973105,8.50,8.50,9.00,8.75
105.2,1473973106,8.50,8.50,9.00,8.75
105.2,1473973111,8.50,8.25,9.00,8.75
105.2,1473973112,8.50,8.25,9.00,8.75
105.2,1473973117,8.50,8.50,9.00,8.75
105.2,1473973118,8.50,8.50,9.00,8.75
105.2,1473973123,8.50,8.50,9.00,8.75
105.2,1473973124,8.50,8.50,9.00,8.75
105.2,1473973129,8.50,8.50,9.00,8.75
105.2,1473973130,8.50,8.50,9.00,8.75
105.2,1473973135,8.50,8.50,9.00,8.75
105.2,1473973135,8.50,8.50,9.00,8.75
105.2,1473973136,8.50,8.50,9.00,8.75
105.2,1473973141,8.50,8.50,9.00,9.00
105.2,1473973142,8.50,8.50,9.00,9.00
105.2,1473973147,8.50,8.50,9.00,8.75
105.2,1473973148,8.50,8.50,9.00,8.75
105.2,1473973159,8.50,8.25,9.00,8.75
105.2,1473973165,8.50,8.50,9.00,8.75
105.2,1473973166,8.50,8.50,9.00,8.75
105.2,1473973171,8.50,8.25,9.00,8.75
105.2,1473973177,8.50,8.50,9.00,8.75
105.2,1473973178,8.50,8.50,9.00,8.75
105.2,1473973183,8.50,8.50,9.00,8.75
105.2,1473973183,8.50,8.50,9.00,8.75
105.2,1473973189,8.50,8.25,9.00,8.75
105.2,1473973190,8.50,8.25,9.00,8.75
105.2,1473973195,8.50,8.50,9.00,8.75
105.2,1473973196,8.50,8.50,9.00,8.75
105.2,1473973201,8.50,8.25,9.00,8.75
105.2,1473973202,8.50,8.25,9.00,8.75
105.2,1473973207,8.50,8.25,9.00,8.75
105.2,1473973208,8.50,8.25,9.00,8.75
105.2,1473973213,8.50,8.25,9.00,8.75
105.2,1473973213,8.50,8.25,9.00,8.75
105.2,1473973219,8.50,8.25,9.00,8.75
105.2,1473973219,8.50,8.25,9.00,8.75
105.2,1473973225,8.50,8.25,9.00,8.75
105.2,1473973225,8.50,8.25,9.00,8.75
105.2,1473973226,8.50,8.25,9.00,8.75
105.2,1473973231,8.50,8.50,9.00,8.75
105.2,1473973231,8.50,8.50,9.00,8.75
105.2,1473973237,8.50,8.25,9.00,8.75
105.2,1473973237,8.50,8.25,9.00,8.75
105.2,1473973243,8.25,8.25,9.00,8.75
105.2,1473973244,8.25,8.25,9.00,8.75
105.2,1473973249,8.50,8.25,9.00,8.75
105.2,1473973250,8.50,8.25,9.00,8.75
105.2,1473973255,8.50,8.25,9.00,8.75
105.2,1473973261,8.50,8.25,9.00,8.75
105.2,1473973262,8.50,8.25,9.00,8.75
105.2,1473973267,8.50,8.25,9.00,8.75
105.2,1473973268,8.50,8.25,9.00,8.75
105.2,1473973273,8.50,8.25,9.00,8.75
105.2,1473973274,8.50,8.25,9.00,8.75
105.2,1473973279,8.50,8.50,9.00,8.75
105.2,1473973279,8.50,8.50,9.00,8.75
105.2,1473973285,8.50,8.50,9.00,8.75
105.2,1473973291,8.50,8.25,9.00,8.75
105.2,1473973291,8.50,8.25,9.00,8.75
105.2,1473973297,8.50,8.50,9.00,8.75
105.2,1473973297,8.50,8.50,9.00,8.75
105.2,1473973303,8.50,8.50,9.00,8.75
105.2,1473973304,8.50,8.50,9.00,8.75
105.2,1473973309,8.50,8.25,9.00,8.75
105.2,1473973310,8.50,8.25,9.00,8.75
105.2,1473973315,8.50,8.50,9.00,8.75
105.2,1473973316,8.50,8.50,9.00,8.75
105.2,1473973321,8.50,8.50,9.00,8.75
105.2,1473973321,8.50,8.50,9.00,8.75
105.2,1473973327,8.50,8.50,9.00,8.75
105.2,1473973327,8.50,8.50,9.00,8.75
105.2,1473973333,8.50,8.25,9.00,8.75
105.2,1473973334,8.50,8.25,9.00,8.75
105.2,1473973339,8.25,8.50,9.00,8.75
105.2,1473973339,8.25,8.50,9.00,8.75
105.2,1473973345,8.50,8.25,9.00,8.75
105.2,1473973345,8.50,8.25,9.00,8.75
105.2,1473973351,8.50,8.50,9.00,8.75
105.2,1473973352,8.50,8.50,9.00,8.75
105.2,1473973357,8.50,8.25,9.00,8.75
105.2,1473973357,8.50,8.25,9.00,8.75
105.2,1473973363,8.50,8.50,9.00,8.75
105.2,1473973363,8.50,8.50,9.00,8.75
105.2,1473973369,8.50,8.25,9.00,8.75
105.2,1473973370,8.50,8.25,9.00,8.75
105.2,1473973375,8.50,8.25,9.00,8.75
105.2,1473973376,8.50,8.25,9.00,8.75
105.2,1473973381,8.50,8.25,9.00,8.75
105.2,1473973381,8.50,8.25,9.00,8.75
105.2,1473973387,8.50,8.25,9.00,8.75
105.2,1473973387,8.50,8.25,9.00,8.75
105.2,1473973393,8.50,8.25,9.00,8.75
105.2,1473973393,8.50,8.25,9.00,8.75
105.2,1473973399,8.50,8.25,9.00,8.75
105.2,1473973399,8.50,8.25,9.00,8.75
105.2,1473973405,8.50,8.25,9.00,8.75
105.2,1473973405,8.50,8.25,9.00,8.75
105.2,1473973411,8.50,8.25,9.00,8.75
105.2,1473973411,8.50,8.25,9.00,8.75
105.2,1473973417,8.50,8.25,9.00,8.75
105.2,1473973417,8.50,8.25,9.00,8.75
105.2,1473973423,8.50,8.25,9.00,8.75
105.2,1473973423,8.50,8.25,9.00,8.75
105.2,1473973429,8.50,8.25,9.00,8.75
105.2,1473973429,8.50,8.25,9.00,8.75
105.2,1473973435,8.50,8.50,9.00,8.75
105.2,1473973435,8.50,8.50,9.00,8.75
105.2,1473973441,8.50,8.25,9.00,8.75
105.2,1473973441,8.50,8.25,9.00,8.75
105.2,1473973447,8.50,8.25,9.00,8.75
105.2,1473973447,8.50,8.25,9.00,8.75
105.2,1473973453,8.50,8.25,9.00,8.75
105.2,1473973453,8.50,8.25,9.00,8.75
105.2,1473973459,8.50,8.50,9.00,8.75
105.2,1473973459,8.50,8.50,9.00,8.75
105.2,1473973465,8.50,8.25,9.00,8.75
105.2,1473973465,8.50,8.25,9.00,8.75
105.2,1473973471,8.50,8.25,9.00,8.75
105.2,1473973471,8.50,8.25,9.00,8.75
105.2,1473973477,8.50,8.50,9.00,8.75
105.2,1473973477,8.50,8.50,9.00,8.75
105.2,1473973483,8.50,8.25,9.00,8.75
105.2,1473973489,8.50,8.25,9.00,8.75
105.2,1473973489,8.50,8.25,9.00,8.75
105.2,1473973495,8.50,8.25,9.00,8.75
105.2,1473973495,8.50,8.25,9.00,8.75
105.2,1473973496,8.50,8.25,9.00,8.75
105.2,1473973501,8.50,8.25,9.00,8.75
105.2,1473973501,8.50,8.25,9.00,8.75
105.2,1473973507,8.50,8.25,9.00,8.75
105.2,1473973507,8.50,8.25,9.00,8.75
105.2,1473973513,8.50,8.50,9.00,8.75
105.2,1473973513,8.50,8.50,9.00,8.75
105.2,1473973519,8.50,8.50,9.00,8.75
105.2,1473973519,8.50,8.50,9.00,8.75
105.2,1473973525,8.50,8.50,9.00,8.75
105.2,1473973525,8.50,8.50,9.00,8.75
105.2,1473973531,8.50,8.50,9.00,8.75
105.2,1473973531,8.50,8.50,9.00,8.75
105.2,1473973537,8.50,8.25,9.25,8.75
105.2,1473973537,8.50,8.25,9.25,8.75
105.2,1473973543,8.50,8.50,9.00,8.75
105.2,1473973543,8.50,8.50,9.00,8.75
105.2,1473973549,8.50,8.50,9.00,8.75
105.2,1473973549,8.50,8.50,9.00,8.75
105.2,1473973555,8.50,8.25,9.00,8.75
105.2,1473973561,8.50,8.25,9.00,8.75
105.2,1473973567,8.50,8.50,9.00,8.75
105.2,1473973567,8.50,8.50,9.00,8.75
105.2,1473973573,8.50,8.50,9.00,8.75
105.2,1473973573,8.50,8.50,9.00,8.75
105.2,1473973578,8.50,8.50,9.00,8.75
105.2,1473973579,8.50,8.50,9.00,8.75
105.2,1473973590,8.50,8.50,9.00,8.75
105.2,1473973596,8.50,8.50,9.00,8.75
105.2,1473973597,8.50,8.50,9.00,8.75
105.2,1473973602,8.50,8.25,9.00,8.75
105.2,1473973603,8.50,8.25,9.00,8.75
105.2,1473973608,8.50,8.25,9.00,8.75
105.2,1473973609,8.50,8.25,9.00,8.75
105.2,1473973614,8.50,8.25,9.00,8.75
105.2,1473973615,8.50,8.25,9.00,8.75
105.2,1473973620,8.50,8.50,9.00,8.75
105.2,1473973621,8.50,8.50,9.00,8.75
105.2,1473973627,8.50,8.25,9.00,8.75
105.2,1473973627,8.50,8.25,9.00,8.75
105.2,1473973632,8.50,8.25,9.00,8.75
105.2,1473973633,8.50,8.25,9.00,8.75
105.2,1473973638,8.50,8.50,9.00,8.75
105.2,1473973639,8.50,8.50,9.00,8.75
105.2,1473973644,8.50,8.50,9.00,8.75
105.2,1473973645,8.50,8.50,9.00,8.75
105.2,1473973650,8.50,8.50,9.00,8.75
105.2,1473973656,8.50,8.50,9.00,8.75
105.2,1473973657,8.50,8.50,9.00,8.75
105.2,1473973662,8.50,8.50,9.00,8.75
105.2,1473973663,8.50,8.50,9.00,8.75
105.2,1473973668,8.50,8.25,9.00,8.75
105.2,1473973669,8.50,8.25,9.00,8.75
105.2,1473973674,8.50,8.50,9.00,8.75
105.2,1473973675,8.50,8.50,9.00,8.75
105.2,1473973680,8.50,8.25,9.00,8.75
105.2,1473973681,8.50,8.25,9.00,8.75
105.2,1473973686,8.50,8.50,9.00,8.75
105.2,1473973687,8.50,8.50,9.00,8.75
105.2,1473973692,8.50,8.50,9.00,8.75
105.2,1473973693,8.50,8.50,9.00,8.75
105.2,1473973698,8.50,8.25,9.00,8.75
105.2,1473973699,8.50,8.25,9.00,8.75
105.2,1473973704,8.50,8.50,9.00,8.75
105.2,1473973705,8.50,8.50,9.00,8.75
105.2,1473973710,8.50,8.50,9.00,8.75
105.2,1473973711,8.50,8.50,9.00,8.75
105.2,1473973716,8.50,8.50,9.00,8.75
105.2,1473973717,8.50,8.50,9.00,8.75
105.2,1473973722,8.50,8.50,9.00,8.75
105.2,1473973723,8.50,8.50,9.00,8.75
105.2,1473973728,8.50,8.50,9.00,8.75
105.2,1473973729,8.50,8.50,9.00,8.75
105.2,1473973734,8.50,8.50,9.00,8.75
105.2,1473973735,8.50,8.50,9.00,8.75
105.2,1473973740,8.50,8.50,9.00,8.75
105.2,1473973741,8.50,8.50,9.00,8.75
105.2,1473973746,8.50,8.50,9.00,8.75
105.2,1473973747,8.50,8.50,9.00,8.75
105.2,1473973752,8.50,8.50,9.00,8.75
105.2,1473973753,8.50,8.50,9.00,8.75
105.2,1473973758,8.50,8.25,9.00,8.75
105.2,1473973764,8.50,8.50,9.00,8.75
105.2,1473973765,8.50,8.50,9.00,8.75
105.2,1473973770,8.50,8.50,9.00,8.75
105.2,1473973771,8.50,8.50,9.00,8.75
105.2,1473973776,8.50,8.50,9.00,8.75
105.2,1473973777,8.50,8.50,9.00,8.75
105.2,1473973782,8.50,8.50,9.00,8.75
105.2,1473973783,8.50,8.50,9.00,8.75
105.2,1473973788,8.50,8.25,9.00,8.75
105.2,1473973789,8.50,8.25,9.00,8.75
105.2,1473973794,8.50,8.50,9.00,8.75
105.2,1473973795,8.50,8.50,9.00,8.75
105.2,1473973800,8.50,8.25,9.00,8.75
105.2,1473973801,8.50,8.25,9.00,8.75
105.2,1473973806,8.50,8.50,9.00,8.75
105.2,1473973807,8.50,8.50,9.00,8.75
105.2,1473973812,8.50,8.50,9.00,8.75
105.2,1473973813,8.50,8.50,9.00,8.75
105.2,1473973818,8.50,8.25,9.00,8.75
105.2,1473973819,8.50,8.25,9.00,8.75
105.2,1473973824,8.50,8.50,9.00,8.75
105.2,1473973825,8.50,8.50,9.00,8.75
105.2,1473973830,8.50,8.50,9.00,8.75
105.2,1473973831,8.50,8.50,9.00,8.75
105.2,1473973836,8.50,8.50,9.00,8.75
105.2,1473973837,8.50,8.50,9.00,8.75
105.2,1473973842,8.50,8.50,9.00,8.75
105.2,1473973843,8.50,8.50,9.00,8.75
105.2,1473973848,8.50,8.50,9.00,8.75
105.2,1473973849,8.50,8.50,9.00,8.75
105.2,1473973850,8.50,8.50,9.00,8.75
105.2,1473973854,8.50,8.50,9.00,8.75
105.2,1473973855,8.50,8.50,9.00,8.75
105.2,1473973860,8.50,8.25,9.00,8.75
105.2,1473973861,8.50,8.25,9.00,8.75
105.2,1473973866,8.50,8.50,9.00,8.75
105.2,1473973867,8.50,8.50,9.00,8.75
105.2,1473973872,8.50,8.50,9.00,8.75
105.2,1473973873,8.50,8.50,9.00,8.75
105.2,1473973878,8.50,8.50,9.00,8.75
105.2,1473973879,8.50,8.50,9.00,8.75
105.2,1473973884,8.50,8.50,9.00,8.75
105.2,1473973885,8.50,8.50,9.00,8.75
105.2,1473973886,8.50,8.50,9.00,8.75
105.2,1473973890,8.50,8.50,9.00,8.75
105.2,1473973891,8.50,8.50,9.00,8.75
105.2,1473973896,8.50,8.50,9.00,8.75
105.2,1473973897,8.50,8.50,9.00,8.75
105.2,1473973902,8.50,8.50,9.00,8.75
105.2,1473973903,8.50,8.50,9.00,8.75
105.2,1473973908,8.50,8.50,9.00,8.75
105.2,1473973909,8.50,8.50,9.00,8.75
105.2,1473973914,8.50,8.50,9.00,8.75
105.2,1473973915,8.50,8.50,9.00,8.75
105.2,1473973920,8.50,8.25,9.00,8.75
105.2,1473973921,8.50,8.25,9.00,8.75
105.2,1473973926,8.50,8.50,9.00,8.75
105.2,1473973927,8.50,8.50,9.00,8.75
105.2,1473973932,8.50,8.50,9.00,8.75
105.2,1473973933,8.50,8.50,9.00,8.75
105.2,1473973938,8.50,8.25,9.00,8.75
105.2,1473973939,8.50,8.25,9.00,8.75
105.2,1473973944,8.50,8.50,9.00,8.75
105.2,1473973945,8.50,8.50,9.00,8.75
105.2,1473973950,8.50,8.50,9.00,8.75
105.2,1473973951,8.50,8.50,9.00,8.75
105.2,1473973956,8.50,8.50,9.00,8.75
105.2,1473973962,8.50,8.50,9.00,8.75
105.2,1473973963,8.50,8.50,9.00,8.75
105.2,1473973968,8.50,8.25,9.00,8.75
105.2,1473973969,8.50,8.25,9.00,8.75
105.2,1473973974,8.50,8.50,9.00,8.75
105.2,1473973980,8.50,8.50,9.00,8.75
105.2,1473973981,8.50,8.50,9.00,8.75
105.2,1473973992,8.50,8.50,9.00,8.75
105.2,1473973998,8.50,8.50,9.00,8.75
105.2,1473973999,8.50,8.50,9.00,8.75
105.2,1473974004,8.50,8.50,9.00,8.75
105.2,1473974010,8.50,8.50,9.00,8.75
105.2,1473974016,8.50,8.50,9.00,8.75
105.2,1473974017,8.50,8.50,9.00,8.75
105.2,1473974018,8.50,8.50,9.00,8.75
105.2,1473974022,8.50,8.50,9.00,8.75
105.2,1473974023,8.50,8.50,9.00,8.75
105.2,1473974028,8.50,8.50,9.00,8.75
105.2,1473974029,8.50,8.50,9.00,8.75
105.2,1473974034,8.50,8.50,9.00,8.75
105.2,1473974035,8.50,8.50,9.00,8.75
105.2,1473974040,8.50,8.50,9.00,8.75
105.2,1473974041,8.50,8.50,9.00,8.75
105.2,1473974046,8.50,8.50,9.00,8.75
105.2,1473974047,8.50,8.50,9.00,8.75
105.2,1473974052,8.50,8.50,9.00,8.75
105.2,1473974053,8.50,8.50,9.00,8.75
105.2,1473974058,8.50,8.50,9.00,8.75
105.2,1473974059,8.50,8.50,9.00,8.75
105.2,1473974064,8.50,8.50,9.00,8.75
105.2,1473974065,8.50,8.50,9.00,8.75
105.2,1473974070,8.50,8.25,9.00,8.75
105.2,1473974071,8.50,8.25,9.00,8.75
105.2,1473974076,8.50,8.50,9.00,8.75
105.2,1473974077,8.50,8.50,9.00,8.75
105.2,1473974082,8.50,8.50,9.00,8.75
105.2,1473974083,8.50,8.50,9.00,8.75
105.2,1473974083,8.50,8.50,9.00,8.75
105.2,1473974088,8.50,8.25,9.00,8.75
105.2,1473974089,8.50,8.25,9.00,8.75
105.2,1473974090,8.50,8.25,9.00,8.75
105.2,1473974094,8.50,8.50,9.00,8.75
105.2,1473974095,8.50,8.50,9.00,8.75
105.2,1473974100,8.50,8.50,9.00,8.75
105.2,1473974101,8.50,8.50,9.00,8.75
105.2,1473974106,8.50,8.25,9.00,8.75
105.2,1473974107,8.50,8.25,9.00,8.75
105.2,1473974112,8.50,8.50,9.00,8.75
105.2,1473974113,8.50,8.50,9.00,8.75
105.2,1473974118,8.50,8.50,9.00,8.75
105.2,1473974119,8.50,8.50,9.00,8.75
105.2,1473974124,8.50,8.50,9.00,8.75
105.2,1473974125,8.50,8.50,9.00,8.75
105.2,1473974130,8.50,8.50,9.00,8.75
105.2,1473974131,8.50,8.50,9.00,8.75
105.2,1473974136,8.50,8.50,9.00,8.75
105.2,1473974137,8.50,8.50,9.00,8.75
105.2,1473974142,8.50,8.50,9.00,8.75
105.2,1473974143,8.50,8.50,9.00,8.75
105.2,1473974143,8.50,8.50,9.00,8.75
105.2,1473974144,8.50,8.50,9.00,8.75
105.2,1473974148,8.50,8.50,9.00,8.75
105.2,1473974149,8.50,8.50,9.00,8.75
105.2,1473974154,8.50,8.50,9.00,8.75
105.2,1473974155,8.50,8.50,9.00,8.75
105.2,1473974160,8.50,8.50,9.00,8.75
105.2,1473974161,8.50,8.50,9.00,8.75
105.2,1473974166,8.50,8.50,9.00,8.75
105.2,1473974167,8.50,8.50,9.00,8.75
105.2,1473974172,8.50,8.50,9.00,8.75
105.2,1473974173,8.50,8.50,9.00,8.75
105.2,1473974178,8.50,8.50,9.00,8.75
105.2,1473974179,8.50,8.50,9.00,8.75
105.2,1473974184,8.50,8.50,9.00,8.75
105.2,1473974185,8.50,8.50,9.00,8.75
105.2,1473974190,8.50,8.50,9.00,8.75
105.2,1473974191,8.50,8.50,9.00,8.75
105.2,1473974196,8.50,8.50,9.00,8.75
105.2,1473974197,8.50,8.50,9.00,8.75
105.2,1473974202,8.50,8.50,9.00,8.75
105.2,1473974203,8.50,8.50,9.00,8.75
105.2,1473974208,8.50,8.50,9.00,8.75
105.2,1473974209,8.50,8.50,9.00,8.75
105.2,1473974209,8.50,8.50,9.00,8.75
105.2,1473974210,8.50,8.50,9.00,8.75
105.2,1473974214,8.50,8.50,9.00,8.75
105.2,1473974215,8.50,8.50,9.00,8.75
105.2,1473974220,8.50,8.50,9.00,8.75
105.2,1473974221,8.50,8.50,9.00,8.75
105.2,1473974226,8.50,8.50,9.00,8.75
105.2,1473974227,8.50,8.50,9.00,8.75
105.2,1473974232,8.50,8.50,9.00,8.75
105.2,1473974233,8.50,8.50,9.00,8.75
105.2,1473974238,8.50,8.50,9.00,8.75
105.2,1473974239,8.50,8.50,9.00,8.75
105.2,1473974244,8.50,8.50,9.00,8.75
105.2,1473974250,8.50,8.50,9.00,8.75
105.2,1473974251,8.50,8.50,9.00,8.75
105.2,1473974256,8.50,8.50,9.00,8.75
105.2,1473974257,8.50,8.50,9.00,8.75
105.2,1473974262,8.50,8.50,9.25,8.75
105.2,1473974263,8.50,8.50,9.25,8.75
105.2,1473974268,8.50,8.50,9.00,8.75
105.2,1473974269,8.50,8.50,9.00,8.75
105.2,1473974274,8.50,8.50,9.00,8.75
105.2,1473974275,8.50,8.50,9.00,8.75
105.2,1473974280,8.50,8.50,9.00,8.75
105.2,1473974281,8.50,8.50,9.00,8.75
105.2,1473974286,8.50,8.50,9.25,8.75
105.2,1473974287,8.50,8.50,9.25,8.75
105.2,1473974292,8.50,8.25,9.00,8.75
105.2,1473974293,8.50,8.25,9.00,8.75
105.2,1473974298,8.50,8.50,9.00,8.75
105.2,1473974299,8.50,8.50,9.00,8.75
105.2,1473974299,8.50,8.50,9.00,8.75
105.2,1473974304,8.50,8.50,9.00,8.75
105.2,1473974305,8.50,8.50,9.00,8.75
105.2,1473974310,8.50,8.50,9.00,8.75
105.2,1473974311,8.50,8.50,9.00,8.75
105.2,1473974316,8.50,8.50,9.00,8.75
105.2,1473974317,8.50,8.50,9.00,8.75
105.2,1473974322,8.50,8.50,9.00,8.75
105.2,1473974323,8.50,8.50,9.00,8.75
105.2,1473974328,8.50,8.50,9.25,8.75
105.2,1473974329,8.50,8.50,9.25,8.75
105.2,1473974334,8.50,8.50,9.00,8.75
105.2,1473974335,8.50,8.50,9.00,8.75
105.2,1473974340,8.50,8.50,9.25,8.75
105.2,1473974341,8.50,8.50,9.25,8.75
105.2,1473974346,8.50,8.50,9.00,8.75
105.2,1473974347,8.50,8.50,9.00,8.75
105.2,1473974352,8.50,8.50,9.00,8.75
105.2,1473974352,8.50,8.50,9.00,8.75
105.2,1473974358,8.50,8.50,9.25,8.75
105.2,1473974358,8.50,8.50,9.25,8.75
105.2,1473974364,8.50,8.50,9.00,8.75
105.2,1473974365,8.50,8.50,9.00,8.75
105.2,1473974370,8.50,8.50,9.00,8.75
105.2,1473974371,8.50,8.50,9.00,8.75
105.2,1473974376,8.50,8.50,9.00,8.75
105.2,1473974377,8.50,8.50,9.00,8.75
105.2,1473974377,8.50,8.50,9.00,8.75
105.2,1473974382,8.50,8.50,9.00,8.75
105.2,1473974383,8.50,8.50,9.00,8.75
105.2,1473974388,8.50,8.50,9.00,8.75
105.2,1473974389,8.50,8.50,9.00,8.75
105.2,1473974394,8.50,8.50,9.00,8.75
105.2,1473974394,8.50,8.50,9.00,8.75
105.2,1473974400,8.50,8.50,9.00,8.75
105.2,1473974400,8.50,8.50,9.00,8.75
105.2,1473974406,8.50,8.50,9.00,8.75
105.2,1473974406,8.50,8.50,9.00,8.75
105.2,1473974412,8.50,8.50,9.25,8.75
105.2,1473974413,8.50,8.50,9.25,8.75
105.2,1473974418,8.50,8.50,9.00,8.75
105.2,1473974419,8.50,8.50,9.00,8.75
105.2,1473974424,8.50,8.50,9.00,8.75
105.2,1473974424,8.50,8.50,9.00,8.75
105.2,1473974430,8.50,8.50,9.00,8.75
105.2,1473974431,8.50,8.50,9.00,8.75
105.2,1473974436,8.50,8.50,9.00,8.75
105.2,1473974436,8.50,8.50,9.00,8.75
105.2,1473974442,8.50,8.50,9.00,8.75
105.2,1473974443,8.50,8.50,9.00,8.75
105.2,1473974448,8.50,8.50,9.00,8.75
105.2,1473974449,8.50,8.50,9.00,8.75
105.2,1473974454,8.50,8.50,9.00,9.00
105.2,1473974455,8.50,8.50,9.00,9.00
105.2,1473974460,8.50,8.50,9.00,8.75
105.2,1473974460,8.50,8.50,9.00,8.75
105.2,1473974466,8.50,8.50,9.00,8.75
105.2,1473974467,8.50,8.50,9.00,8.75
105.2,1473974472,8.50,8.50,9.25,8.75
105.2,1473974472,8.50,8.50,9.25,8.75
105.2,1473974478,8.50,8.50,9.25,8.75
105.2,1473974478,8.50,8.50,9.25,8.75
105.2,1473974484,8.50,8.50,9.00,8.75
105.2,1473974485,8.50,8.50,9.00,8.75
105.2,1473974490,8.50,8.50,9.25,8.75
105.2,1473974491,8.50,8.50,9.25,8.75
105.2,1473974496,8.50,8.50,9.00,8.75
105.2,1473974496,8.50,8.50,9.00,8.75
105.2,1473974502,8.50,8.50,9.00,8.75
105.2,1473974502,8.50,8.50,9.00,8.75
105.2,1473974508,8.50,8.50,9.00,8.75
105.2,1473974508,8.50,8.50,9.00,8.75
105.2,1473974514,8.50,8.50,9.00,8.75
105.2,1473974514,8.50,8.50,9.00,8.75
105.2,1473974520,8.50,8.50,9.00,8.75
105.2,1473974520,8.50,8.50,9.00,8.75
105.2,1473974526,8.50,8.50,9.25,8.75
105.2,1473974527,8.50,8.50,9.25,8.75
105.2,1473974527,8.50,8.50,9.25,8.75
105.2,1473974532,8.50,8.50,9.00,8.75
105.2,1473974532,8.50,8.50,9.00,8.75
105.2,1473974538,8.50,8.50,9.25,8.75
105.2,1473974538,8.50,8.50,9.25,8.75
105.2,1473974544,8.50,8.50,9.00,9.00
105.2,1473974544,8.50,8.50,9.00,9.00
105.2,1473974550,8.50,8.50,9.25,8.75
105.2,1473974550,8.50,8.50,9.25,8.75
105.2,1473974556,8.50,8.50,9.00,8.75
105.2,1473974556,8.50,8.50,9.00,8.75
105.2,1473974562,8.50,8.50,9.00,8.75
105.2,1473974562,8.50,8.50,9.00,8.75
105.2,1473974568,8.50,8.50,9.25,8.75
105.2,1473974574,8.50,8.50,9.25,8.75
105.2,1473974574,8.50,8.50,9.25,8.75
105.2,1473974580,8.50,8.50,9.00,8.75
105.2,1473974580,8.50,8.50,9.00,8.75
105.2,1473974586,8.50,8.50,9.25,8.75
105.2,1473974586,8.50,8.50,9.25,8.75
105.2,1473974592,8.50,8.50,9.00,8.75
105.2,1473974593,8.50,8.50,9.00,8.75
105.2,1473974598,8.50,8.50,9.25,8.75
105.2,1473974598,8.50,8.50,9.25,8.75
105.2,1473974604,8.50,8.50,9.00,9.00
105.2,1473974604,8.50,8.50,9.00,9.00
105.2,1473974610,8.50,8.50,9.25,9.00
105.2,1473974610,8.50,8.50,9.25,9.00
105.2,1473974616,8.50,8.50,9.25,9.00
105.2,1473974616,8.50,8.50,9.25,9.00
105.2,1473974622,8.50,8.50,9.00,8.75
105.2,1473974622,8.50,8.50,9.00,8.75
105.2,1473974628,8.50,8.50,9.00,9.00
105.2,1473974628,8.50,8.50,9.00,9.00
105.2,1473974634,8.50,8.50,9.00,9.00
105.2,1473974634,8.50,8.50,9.00,9.00
105.2,1473974640,8.50,8.50,9.25,8.75
105.2,1473974640,8.50,8.50,9.25,8.75
105.2,1473974646,8.50,8.50,9.00,9.00
105.2,1473974646,8.50,8.50,9.00,9.00
105.2,1473974652,8.50,8.50,9.00,8.75
105.2,1473974652,8.50,8.50,9.00,8.75
105.2,1473974658,8.50,8.50,9.00,9.00
105.2,1473974658,8.50,8.50,9.00,9.00
105.2,1473974664,8.50,8.50,9.25,9.00
105.2,1473974664,8.50,8.50,9.25,9.00
105.2,1473974670,8.50,8.50,9.25,9.00
105.2,1473974670,8.50,8.50,9.25,9.00
105.2,1473974676,8.50,8.50,9.00,9.00
105.2,1473974676,8.50,8.50,9.00,9.00
105.2,1473974682,8.50,8.50,9.25,9.00
105.2,1473974682,8.50,8.50,9.25,9.00
105.2,1473974688,8.50,8.50,9.25,9.00
105.2,1473974688,8.50,8.50,9.25,9.00
105.2,1473974694,8.50,8.50,9.00,8.75
105.2,1473974700,8.50,8.50,9.25,9.00
105.2,1473974700,8.50,8.50,9.25,9.00
105.2,1473974706,8.50,8.50,9.25,9.00
105.2,1473974706,8.50,8.50,9.25,9.00
105.2,1473974712,8.50,8.50,9.00,9.00
105.2,1473974712,8.50,8.50,9.00,9.00
105.2,1473974718,8.50,8.50,9.00,13.25
105.2,1473974718,8.50,8.50,9.00,13.25
105.2,1473974724,8.75,8.50,9.00,12.00
105.2,1473974724,8.75,8.50,9.00,12.00
105.2,1473974736,8.50,8.50,9.25,10.00
105.2,1473974742,8.50,8.50,9.00,9.75
105.2,1473974742,8.50,8.50,9.00,9.75
105.2,1473974748,8.50,8.50,9.25,9.50
105.2,1473974748,8.50,8.50,9.25,9.50
105.2,1473974754,8.50,8.50,9.25,9.25
105.2,1473974754,8.50,8.50,9.25,9.25
105.2,1473974759,8.75,8.50,9.25,9.25
105.2,1473974760,8.75,8.50,9.25,9.25
105.2,1473974765,8.75,8.50,9.25,9.25
105.2,1473974766,8.75,8.50,9.25,9.25
105.2,1473974771,8.75,8.50,9.25,9.25
105.2,1473974772,8.75,8.50,9.25,9.25
105.2,1473974777,8.50,8.50,9.25,9.25
105.2,1473974778,8.50,8.50,9.25,9.25
105.2,1473974783,8.50,8.50,9.25,9.25
105.2,1473974784,8.50,8.50,9.25,9.25
105.2,1473974785,8.50,8.50,9.25,9.25
105.2,1473974789,8.75,8.50,9.25,9.00
105.2,1473974790,8.75,8.50,9.25,9.00
105.2,1473974795,8.75,8.50,9.25,9.25
105.2,1473974796,8.75,8.50,9.25,9.25
105.2,1473974801,8.75,8.50,9.25,9.25
105.2,1473974807,8.75,8.50,9.25,9.25
105.2,1473974813,8.75,8.50,9.25,9.00
105.2,1473974814,8.75,8.50,9.25,9.00
105.2,1473974819,8.75,8.50,9.25,9.25
105.2,1473974820,8.75,8.50,9.25,9.25
105.2,1473974825,8.75,8.50,9.25,9.25
105.2,1473974826,8.75,8.50,9.25,9.25
105.2,1473974831,8.75,8.50,9.25,9.25
105.2,1473974832,8.75,8.50,9.25,9.25
105.2,1473974837,8.75,8.50,9.25,9.25
105.2,1473974838,8.75,8.50,9.25,9.25
105.2,1473974843,8.50,8.50,9.25,9.25
105.2,1473974844,8.50,8.50,9.25,9.25
105.2,1473974845,8.50,8.50,9.25,9.25
105.2,1473974849,8.75,8.50,9.25,9.25
105.2,1473974850,8.75,8.50,9.25,9.25
105.2,1473974855,8.50,8.50,9.25,9.00
105.2,1473974856,8.50,8.50,9.25,9.00
105.2,1473974861,8.50,8.50,9.25,9.25
105.2,1473974862,8.50,8.50,9.25,9.25
105.2,1473974867,8.75,8.50,9.25,9.00
105.2,1473974868,8.75,8.50,9.25,9.00
105.2,1473974873,8.50,8.50,9.25,9.00
105.2,1473974874,8.50,8.50,9.25,9.00
105.2,1473974879,8.75,8.50,9.25,9.00
105.2,1473974885,8.75,8.50,9.25,9.00
105.2,1473974886,8.75,8.50,9.25,9.00
105.2,1473974891,8.75,8.50,9.25,9.00
105.2,1473974892,8.75,8.50,9.25,9.00
105.2,1473974897,8.75,8.50,9.25,9.00
105.2,1473974898,8.75,8.50,9.25,9.00
105.2,1473974903,8.50,8.50,9.25,9.25
105.2,1473974904,8.50,8.50,9.25,9.25
105.2,1473974909,8.75,8.50,9.25,9.00
105.2,1473974910,8.75,8.50,9.25,9.00
105.2,1473974915,8.50,8.50,9.25,9.00
105.2,1473974916,8.50,8.50,9.25,9.00
105.2,1473974921,8.50,8.50,9.25,9.00
105.2,1473974922,8.50,8.50,9.25,9.00
105.2,1473974927,8.75,8.50,9.25,9.00
105.2,1473974928,8.75,8.50,9.25,9.00
105.2,1473974933,8.75,8.50,9.25,9.00
105.2,1473974934,8.75,8.50,9.25,9.00
105.2,1473974939,8.75,8.50,9.25,9.00
105.2,1473974945,8.75,8.50,9.25,9.00
105.2,1473974946,8.75,8.50,9.25,9.00
105.2,1473974951,8.75,8.50,9.25,9.00
105.2,1473974952,8.75,8.50,9.25,9.00
105.2,1473974957,8.75,8.50,9.25,9.00
105.2,1473974958,8.75,8.50,9.25,9.00
105.2,1473974963,8.75,8.50,9.25,9.00
105.2,1473974964,8.75,8.50,9.25,9.00
105.2,1473974969,8.75,8.50,9.25,9.00
105.2,1473974970,8.75,8.50,9.25,9.00
105.2,1473974975,8.75,8.50,9.25,9.00
105.2,1473974976,8.75,8.50,9.25,9.00
105.2,1473974981,8.75,8.50,9.25,9.00
105.2,1473974982,8.75,8.50,9.25,9.00
105.2,1473974987,8.75,8.50,9.25,9.00
105.2,1473974988,8.75,8.50,9.25,9.00
105.2,1473974993,8.75,8.50,9.25,9.00
105.2,1473974994,8.75,8.50,9.25,9.00
105.2,1473974999,8.75,8.50,9.25,9.00
105.2,1473975000,8.75,8.50,9.25,9.00
105.2,1473975005,8.75,8.50,9.25,9.00
105.2,1473975006,8.75,8.50,9.25,9.00
105.2,1473975011,8.75,8.50,9.25,9.00
105.2,1473975012,8.75,8.50,9.25,9.00
105.2,1473975017,8.75,8.50,9.25,9.00
105.2,1473975018,8.75,8.50,9.25,9.00
105.2,1473975023,8.75,8.50,9.25,9.00
105.2,1473975024,8.75,8.50,9.25,9.00
105.2,1473975029,8.75,8.50,9.25,9.00
105.2,1473975030,8.75,8.50,9.25,9.00
105.2,1473975035,8.75,8.50,9.25,9.00
105.2,1473975036,8.75,8.50,9.25,9.00
105.2,1473975041,8.75,8.50,9.25,9.00
105.2,1473975042,8.75,8.50,9.25,9.00
105.2,1473975047,8.75,8.50,9.25,9.00
105.2,1473975048,8.75,8.50,9.25,9.00
105.2,1473975053,8.75,8.50,9.25,9.00
105.2,1473975054,8.75,8.50,9.25,9.00
105.2,1473975059,8.75,8.50,9.25,9.00
105.2,1473975060,8.75,8.50,9.25,9.00
105.2,1473975065,8.75,8.50,9.25,9.00
105.2,1473975066,8.75,8.50,9.25,9.00
105.2,1473975071,8.75,8.50,9.25,9.00
105.2,1473975072,8.75,8.50,9.25,9.00
105.2,1473975081,8.75,8.50,9.25,9.00
105.2,1473975083,8.75,8.50,9.25,9.00
105.2,1473975084,8.75,8.50,9.25,9.00
105.2,1473975089,8.75,8.50,9.25,9.00
105.2,1473975090,8.75,8.50,9.25,9.00
105.2,1473975095,8.75,8.50,9.25,9.00
105.2,1473975096,8.75,8.50,9.25,9.00
105.2,1473975101,8.75,8.50,9.25,9.00
105.2,1473975102,8.75,8.50,9.25,9.00
105.2,1473975107,8.75,8.50,9.25,9.00
105.2,1473975108,8.75,8.50,9.25,9.00
105.2,1473975113,8.50,8.50,9.25,9.00
105.2,1473975114,8.50,8.50,9.25,9.00
105.2,1473975119,8.75,8.50,9.25,9.00
105.2,1473975120,8.75,8.50,9.25,9.00
105.2,1473975125,8.75,8.50,9.25,9.00
105.2,1473975126,8.75,8.50,9.25,9.00
105.2,1473975131,8.75,8.50,9.25,9.00
105.2,1473975132,8.75,8.50,9.25,9.00
105.2,1473975137,8.75,8.50,9.25,9.00
105.2,1473975138,8.75,8.50,9.25,9.00
105.2,1473975143,8.75,8.50,9.25,9.00
105.2,1473975144,8.75,8.50,9.25,9.00
105.2,1473975149,8.75,8.50,9.25,9.00
105.2,1473975150,8.75,8.50,9.25,9.00
105.2,1473975155,8.75,8.50,9.25,9.00
105.2,1473975156,8.75,8.50,9.25,9.00
105.2,1473975161,8.50,8.50,9.25,9.00
105.2,1473975162,8.50,8.50,9.25,9.00
105.2,1473975167,8.75,8.50,9.25,9.00
105.2,1473975168,8.75,8.50,9.25,9.00
105.2,1473975173,8.75,8.50,9.25,9.00
105.2,1473975174,8.75,8.50,9.25,9.00
105.2,1473975179,8.50,8.50,9.25,9.00
105.2,1473975180,8.50,8.50,9.25,9.00
105.2,1473975181,8.50,8.50,9.25,9.00
105.2,1473975185,8.75,8.50,9.25,9.00
105.2,1473975186,8.75,8.50,9.25,9.00
105.2,1473975191,8.75,8.50,9.25,9.00
105.2,1473975192,8.75,8.50,9.25,9.00
105.2,1473975197,8.75,8.50,9.25,9.00
105.2,1473975198,8.75,8.50,9.25,9.00
105.2,1473975203,8.75,8.50,9.25,9.00
105.2,1473975204,8.75,8.50,9.25,9.00
105.2,1473975209,8.75,8.50,9.25,9.00
105.2,1473975210,8.75,8.50,9.25,9.00
105.2,1473975215,8.75,8.50,9.25,9.00
105.2,1473975216,8.75,8.50,9.25,9.00
105.2,1473975221,8.75,8.50,9.25,9.00
105.2,1473975222,8.75,8.50,9.25,9.00
105.2,1473975227,8.75,8.50,9.25,9.00
105.2,1473975228,8.75,8.50,9.25,9.00
105.2,1473975229,8.75,8.50,9.25,9.00
105.2,1473975233,8.75,8.50,9.25,9.00
105.2,1473975234,8.75,8.50,9.25,9.00
105.2,1473975239,8.75,8.50,9.25,9.00
105.2,1473975245,8.75,8.50,9.25,9.00
105.2,1473975246,8.75,8.50,9.25,9.00
105.2,1473975247,8.75,8.50,9.25,9.00
105.2,1473975247,8.75,8.50,9.25,9.00
105.2,1473975251,8.75,8.50,9.25,9.00
105.2,1473975252,8.75,8.50,9.25,9.00
105.2,1473975257,8.75,8.50,9.25,9.00
105.2,1473975258,8.75,8.50,9.25,9.00
105.2,1473975263,8.75,8.50,9.25,9.00
105.2,1473975269,8.75,8.50,9.25,9.00
105.2,1473975270,8.75,8.50,9.25,9.00
105.2,1473975271,8.75,8.50,9.25,9.00
105.2,1473975271,8.75,8.50,9.25,9.00
105.2,1473975272,8.75,8.50,9.25,9.00
105.2,1473975275,8.75,8.75,9.25,9.00
105.2,1473975276,8.75,8.75,9.25,9.00
105.2,1473975277,8.75,8.75,9.25,9.00
105.2,1473975277,8.75,8.75,9.25,9.00
105.2,1473975281,8.75,8.50,9.25,9.00
105.2,1473975282,8.75,8.50,9.25,9.00
105.2,1473975287,8.75,8.50,9.25,9.00
105.2,1473975288,8.75,8.50,9.25,9.00
105.2,1473975293,8.75,8.50,9.25,9.00
105.2,1473975299,8.75,8.50,9.25,9.00
105.2,1473975300,8.75,8.50,9.25,9.00
105.2,1473975305,8.75,8.50,9.25,9.00
105.2,1473975306,8.75,8.50,9.25,9.00
105.2,1473975311,8.75,8.50,9.25,9.00
105.2,1473975312,8.75,8.50,9.25,9.00
105.2,1473975317,8.75,8.50,9.25,9.00
105.2,1473975318,8.75,8.50,9.25,9.00
105.2,1473975323,8.75,8.50,9.25,9.00
105.2,1473975329,8.75,8.50,9.25,9.00
105.2,1473975330,8.75,8.50,9.25,9.00
105.2,1473975331,8.75,8.50,9.25,9.00
105.2,1473975331,8.75,8.50,9.25,9.00
105.2,1473975335,8.75,8.50,9.25,9.00
105.2,1473975341,8.75,8.50,9.25,9.00
105.2,1473975342,8.75,8.50,9.25,9.00
105.2,1473975347,8.75,8.50,9.25,9.00
105.2,1473975348,8.75,8.50,9.25,9.00
105.2,1473975353,8.75,8.50,9.25,9.00
105.2,1473975354,8.75,8.50,9.25,9.00
105.2,1473975354,8.75,8.50,9.25,9.00
105.2,1473975359,8.75,8.50,9.25,9.00
105.2,1473975360,8.75,8.50,9.25,9.00
105.2,1473975365,8.75,8.50,9.25,9.00
105.2,1473975366,8.75,8.50,9.25,9.00
105.2,1473975371,8.75,8.50,9.25,9.00
105.2,1473975372,8.75,8.50,9.25,9.00
105.2,1473975377,8.75,8.50,9.25,9.00
105.2,1473975378,8.75,8.50,9.25,9.00
105.2,1473975383,8.75,8.50,9.25,9.00
105.2,1473975384,8.75,8.50,9.25,9.00
105.2,1473975389,8.75,8.50,9.25,9.00
105.2,1473975390,8.75,8.50,9.25,9.00
105.2,1473975395,8.75,8.50,9.25,9.00
105.2,1473975396,8.75,8.50,9.25,9.00
105.2,1473975401,8.75,8.50,9.25,9.00
105.2,1473975402,8.75,8.50,9.25,9.00
105.2,1473975409,8.75,8.75,9.25,9.00
105.2,1473975413,8.75,8.50,9.25,9.00
105.2,1473975414,8.75,8.50,9.25,9.00
105.2,1473975419,8.75,8.50,9.25,9.00
105.2,1473975425,8.75,8.50,9.25,9.00
105.2,1473975426,8.75,8.50,9.25,9.00
105.2,1473975431,8.75,8.50,9.25,9.00
105.2,1473975432,8.75,8.50,9.25,9.00
105.2,1473975437,8.75,8.50,9.25,9.00
105.2,1473975438,8.75,8.50,9.25,9.00
105.2,1473975438,8.75,8.50,9.25,9.00
105.2,1473975439,8.75,8.50,9.25,9.00
105.2,1473975443,8.75,8.75,9.50,9.00
105.2,1473975444,8.75,8.75,9.50,9.00
105.2,1473975444,8.75,8.75,9.50,9.00
105.2,1473975445,8.75,8.75,9.50,9.00
105.2,1473975449,8.75,8.50,9.25,9.00
105.2,1473975450,8.75,8.50,9.25,9.00
105.2,1473975450,8.75,8.50,9.25,9.00
105.2,1473975455,8.75,8.50,9.25,9.00
105.2,1473975456,8.75,8.50,9.25,9.00
105.2,1473975456,8.75,8.50,9.25,9.00
105.2,1473975461,8.75,8.50,9.25,9.00
105.2,1473975462,8.75,8.50,9.25,9.00
105.2,1473975467,8.75,8.50,9.25,9.00
105.2,1473975468,8.75,8.50,9.25,9.00
105.2,1473975473,8.75,8.50,9.25,9.00
105.2,1473975474,8.75,8.50,9.25,9.00
105.2,1473975479,8.75,8.50,9.25,9.00
105.2,1473975480,8.75,8.50,9.25,9.00
105.2,1473975485,8.75,8.50,9.25,9.00
105.2,1473975486,8.75,8.50,9.25,9.00
105.2,1473975491,8.75,8.50,9.25,9.00
105.2,1473975492,8.75,8.50,9.25,9.00
105.2,1473975497,8.75,8.50,9.25,9.00
105.2,1473975497,8.75,8.50,9.25,9.00
105.2,1473975498,8.75,8.50,9.25,9.00
105.2,1473975503,8.75,8.75,9.25,9.00
105.2,1473975504,8.75,8.75,9.25,9.00
105.2,1473975504,8.75,8.75,9.25,9.00
105.2,1473975505,8.75,8.75,9.25,9.00
105.2,1473975509,8.75,8.50,9.25,9.00
105.2,1473975510,8.75,8.50,9.25,9.00
105.2,1473975515,8.75,8.50,9.25,9.00
105.2,1473975516,8.75,8.50,9.25,9.00
105.2,1473975521,8.75,8.50,9.25,9.00
105.2,1473975521,8.75,8.50,9.25,9.00
105.2,1473975527,8.75,8.50,9.25,9.00
105.2,1473975528,8.75,8.50,9.25,9.00
105.2,1473975528,8.75,8.50,9.25,9.00
105.2,1473975533,8.75,8.50,9.25,9.00
105.2,1473975533,8.75,8.50,9.25,9.00
105.2,1473975539,8.75,8.50,9.25,9.00
105.2,1473975540,8.75,8.50,9.25,9.00
105.2,1473975540,8.75,8.50,9.25,9.00
105.2,1473975541,8.75,8.50,9.25,9.00
105.2,1473975545,8.75,8.50,9.25,9.00
105.2,1473975546,8.75,8.50,9.25,9.00
105.2,1473975551,8.75,8.50,9.25,9.00
105.2,1473975552,8.75,8.50,9.25,9.00
105.2,1473975557,8.75,8.50,9.25,9.00
105.2,1473975557,8.75,8.50,9.25,9.00
105.2,1473975558,8.75,8.50,9.25,9.00
105.2,1473975563,8.75,8.75,9.25,9.00
105.2,1473975563,8.75,8.75,9.25,9.00
105.2,1473975569,8.75,8.50,9.25,9.00
105.2,1473975570,8.75,8.50,9.25,9.00
105.2,1473975575,8.75,8.50,9.25,9.00
105.2,1473975576,8.75,8.50,9.25,9.00
105.2,1473975581,8.75,8.75,9.25,9.00
105.2,1473975581,8.75,8.75,9.25,9.00
105.2,1473975587,8.75,8.50,9.25,9.00
105.2,1473975588,8.75,8.50,9.25,9.00
105.2,1473975589,8.75,8.50,9.25,9.00
105.2,1473975593,8.75,8.50,9.25,9.00
105.2,1473975594,8.75,8.50,9.25,9.00
105.2,1473975594,8.75,8.50,9.25,9.00
105.2,1473975599,8.75,8.50,9.25,9.00
105.2,1473975600,8.75,8.50,9.25,9.00
105.2,1473975605,8.75,8.50,9.25,9.00
105.2,1473975605,8.75,8.50,9.25,9.00
105.2,1473975606,8.75,8.50,9.25,9.00
105.2,1473975607,8.75,8.50,9.25,9.00
105.2,1473975608,8.75,8.50,9.25,9.00
105.2,1473975611,8.75,8.75,9.50,9.00
105.2,1473975611,8.75,8.75,9.50,9.00
105.2,1473975612,8.75,8.75,9.50,9.00
105.2,1473975613,8.75,8.75,9.50,9.00
105.2,1473975617,8.75,8.75,9.25,9.00
105.2,1473975618,8.75,8.75,9.25,9.00
105.2,1473975623,8.75,8.75,9.25,9.00
105.2,1473975624,8.75,8.75,9.25,9.00
105.2,1473975629,8.75,8.50,9.25,9.00
105.2,1473975629,8.75,8.50,9.25,9.00
105.2,1473975630,8.75,8.50,9.25,9.00
105.2,1473975635,8.75,8.50,9.25,9.00
105.2,1473975635,8.75,8.50,9.25,9.00
105.2,1473975636,8.75,8.50,9.25,9.00
105.2,1473975637,8.75,8.50,9.25,9.00
105.2,1473975638,8.75,8.50,9.25,9.00
105.2,1473975641,8.75,8.50,9.25,9.00
105.2,1473975642,8.75,8.50,9.25,9.00
105.2,1473975647,8.75,8.50,9.25,9.00
105.2,1473975647,8.75,8.50,9.25,9.00
105.2,1473975648,8.75,8.50,9.25,9.00
105.2,1473975653,8.75,8.50,9.25,9.00
105.2,1473975653,8.75,8.50,9.25,9.00
105.2,1473975659,8.75,8.50,9.25,9.00
105.2,1473975659,8.75,8.50,9.25,9.00
105.2,1473975660,8.75,8.50,9.25,9.00
105.2,1473975665,8.75,8.50,9.25,9.00
105.2,1473975665,8.75,8.50,9.25,9.00
105.2,1473975666,8.75,8.50,9.25,9.00
105.2,1473975671,8.75,8.50,9.25,9.00
105.2,1473975671,8.75,8.50,9.25,9.00
105.2,1473975672,8.75,8.50,9.25,9.00
105.2,1473975677,8.75,8.50,9.25,9.00
105.2,1473975677,8.75,8.50,9.25,9.00
105.2,1473975683,8.75,8.50,9.25,9.00
105.2,1473975683,8.75,8.50,9.25,9.00
105.2,1473975684,8.75,8.50,9.25,9.00
105.2,1473975685,8.75,8.50,9.25,9.00
105.2,1473975685,8.75,8.50,9.25,9.00
105.2,1473975689,8.75,8.50,9.25,9.25
105.2,1473975695,8.75,8.75,9.25,9.00
105.2,1473975695,8.75,8.75,9.25,9.00
105.2,1473975701,8.75,8.75,9.25,9.00
105.2,1473975701,8.75,8.75,9.25,9.00
105.2,1473975707,8.75,8.75,9.50,9.25
105.2,1473975707,8.75,8.75,9.50,9.25
105.2,1473975708,8.75,8.75,9.50,9.25
105.2,1473975709,8.75,8.75,9.50,9.25
105.2,1473975713,8.75,8.50,9.25,9.25
105.2,1473975714,8.75,8.50,9.25,9.25
105.2,1473975714,8.75,8.50,9.25,9.25
105.2,1473975715,8.75,8.50,9.25,9.25
105.2,1473975719,8.75,8.75,9.25,9.00
105.2,1473975719,8.75,8.75,9.25,9.00
105.2,1473975725,8.75,8.50,9.25,9.00
105.2,1473975725,8.75,8.50,9.25,9.00
105.2,1473975726,8.75,8.50,9.25,9.00
105.2,1473975727,8.75,8.50,9.25,9.00
105.2,1473975731,8.75,8.50,9.25,9.00
105.2,1473975732,8.75,8.50,9.25,9.00
105.2,1473975737,8.75,8.50,9.25,9.00
105.2,1473975737,8.75,8.50,9.25,9.00
105.2,1473975743,8.75,8.50,9.50,9.00
105.2,1473975743,8.75,8.50,9.50,9.00
105.2,1473975749,8.75,8.50,9.25,9.25
105.2,1473975749,8.75,8.50,9.25,9.25
105.2,1473975755,8.75,8.75,9.50,9.00
105.2,1473975755,8.75,8.75,9.50,9.00
105.2,1473975756,8.75,8.75,9.50,9.00
105.2,1473975761,8.75,8.50,9.25,9.25
105.2,1473975761,8.75,8.50,9.25,9.25
105.2,1473975762,8.75,8.50,9.25,9.25
105.2,1473975763,8.75,8.50,9.25,9.25
105.2,1473975767,8.75,8.75,9.50,9.00
105.2,1473975767,8.75,8.75,9.50,9.00
105.2,1473975773,8.75,8.50,9.25,9.00
105.2,1473975773,8.75,8.50,9.25,9.00
105.2,1473975774,8.75,8.50,9.25,9.00
105.2,1473975779,8.75,8.75,9.50,9.25
105.2,1473975779,8.75,8.75,9.50,9.25
105.2,1473975780,8.75,8.75,9.50,9.25
105.2,1473975781,8.75,8.75,9.50,9.25
105.2,1473975781,8.75,8.75,9.50,9.25
105.2,1473975785,8.75,8.50,9.50,9.25
105.2,1473975791,8.75,8.50,9.25,9.25
105.2,1473975791,8.75,8.50,9.25,9.25
105.2,1473975792,8.75,8.50,9.25,9.25
105.2,1473975797,8.75,8.50,9.25,9.25
105.2,1473975797,8.75,8.50,9.25,9.25
105.2,1473975803,8.75,8.50,9.25,9.25
105.2,1473975803,8.75,8.50,9.25,9.25
105.2,1473975804,8.75,8.50,9.25,9.25
105.2,1473975805,8.75,8.50,9.25,9.25
105.2,1473975805,8.75,8.50,9.25,9.25
105.2,1473975809,8.75,8.50,9.25,9.00
105.2,1473975815,8.75,8.75,9.25,9.25
105.2,1473975815,8.75,8.75,9.25,9.25
105.2,1473975816,8.75,8.75,9.25,9.25
105.2,1473975816,8.75,8.75,9.25,9.25
105.2,1473975817,8.75,8.75,9.25,9.25
105.2,1473975821,8.75,8.50,9.25,9.25
105.2,1473975821,8.75,8.50,9.25,9.25
105.2,1473975827,8.75,8.50,9.25,9.00
105.2,1473975827,8.75,8.50,9.25,9.00
105.2,1473975833,8.75,8.50,9.50,9.25
105.2,1473975833,8.75,8.50,9.50,9.25
105.2,1473975839,8.75,8.75,9.50,9.00
105.2,1473975839,8.75,8.75,9.50,9.00
105.2,1473975840,8.75,8.75,9.50,9.00
105.2,1473975841,8.75,8.75,9.50,9.00
105.2,1473975845,8.75,8.50,9.25,9.00
105.2,1473975845,8.75,8.50,9.25,9.00
105.2,1473975851,8.75,8.50,9.25,9.00
105.2,1473975851,8.75,8.50,9.25,9.00
105.2,1473975852,8.75,8.50,9.25,9.00
105.2,1473975857,8.75,8.50,9.25,9.25
105.2,1473975857,8.75,8.50,9.25,9.25
105.2,1473975863,8.75,8.50,9.50,9.00
105.2,1473975863,8.75,8.50,9.50,9.00
105.2,1473975864,8.75,8.50,9.50,9.00
105.2,1473975869,8.75,8.50,9.25,9.25
105.2,1473975869,8.75,8.50,9.25,9.25
105.2,1473975870,8.75,8.50,9.25,9.25
105.2,1473975871,8.75,8.50,9.25,9.25
105.2,1473975875,8.75,8.50,9.50,9.00
105.2,1473975875,8.75,8.50,9.50,9.00
105.2,1473975876,8.75,8.50,9.50,9.00
105.2,1473975881,8.75,8.50,9.25,9.25
105.2,1473975881,8.75,8.50,9.25,9.25
105.2,1473975887,8.75,8.50,9.50,9.00
105.2,1473975893,8.75,8.75,9.25,9.00
105.2,1473975893,8.75,8.75,9.25,9.00
105.2,1473975899,8.75,8.50,9.25,9.25
105.2,1473975899,8.75,8.50,9.25,9.25
105.2,1473975900,8.75,8.50,9.25,9.25
105.2,1473975901,8.75,8.50,9.25,9.25
105.2,1473975901,8.75,8.50,9.25,9.25
105.2,1473975905,8.75,8.75,9.25,9.00
105.2,1473975905,8.75,8.75,9.25,9.00
105.2,1473975911,8.75,8.50,9.25,9.00
105.2,1473975911,8.75,8.50,9.25,9.00
105.2,1473975912,8.75,8.50,9.25,9.00
105.2,1473975917,8.75,8.50,9.50,9.00
105.2,1473975917,8.75,8.50,9.50,9.00
105.2,1473975918,8.75,8.50,9.50,9.00
105.2,1473975919,8.75,8.50,9.50,9.00
105.2,1473975919,8.75,8.50,9.50,9.00
105.2,1473975923,8.75,8.50,9.50,9.25
105.2,1473975929,8.75,8.50,9.25,9.25
105.2,1473975929,8.75,8.50,9.25,9.25
105.2,1473975930,8.75,8.50,9.25,9.25
105.2,1473975931,8.75,8.50,9.25,9.25
105.2,1473975931,8.75,8.50,9.25,9.25
105.2,1473975935,8.75,8.75,9.50,9.00
105.2,1473975935,8.75,8.75,9.50,9.00
105.2,1473975936,8.75,8.75,9.50,9.00
105.2,1473975937,8.75,8.75,9.50,9.00
105.2,1473975937,8.75,8.75,9.50,9.00
105.2,1473975940,8.75,8.75,9.25,9.25
105.2,1473975941,8.75,8.75,9.25,9.25
105.2,1473975942,8.75,8.75,9.25,9.25
105.2,1473975943,8.75,8.75,9.25,9.25
105.2,1473975943,8.75,8.75,9.25,9.25
105.2,1473975946,8.75,8.50,9.25,9.00
105.2,1473975947,8.75,8.50,9.25,9.00
105.2,1473975948,8.75,8.50,9.25,9.00
105.2,1473975952,8.75,8.75,9.25,9.00
105.2,1473975953,8.75,8.75,9.25,9.00
105.2,1473975958,8.75,8.50,9.25,9.00
105.2,1473975959,8.75,8.50,9.25,9.00
105.2,1473975960,8.75,8.50,9.25,9.00
105.2,1473975960,8.75,8.50,9.25,9.00
105.2,1473975961,8.75,8.50,9.25,9.00
105.2,1473975964,8.75,8.50,9.25,9.00
105.2,1473975965,8.75,8.50,9.25,9.00
105.2,1473975966,8.75,8.50,9.25,9.00
105.2,1473975967,8.75,8.50,9.25,9.00
105.2,1473975970,8.75,8.75,9.25,9.25
105.2,1473975971,8.75,8.75,9.25,9.25
105.2,1473975972,8.75,8.75,9.25,9.25
105.2,1473975973,8.75,8.75,9.25,9.25
105.2,1473975973,8.75,8.75,9.25,9.25
105.2,1473975976,8.75,8.75,9.50,9.25
105.2,1473975982,8.75,8.75,9.50,9.25
105.2,1473975983,8.75,8.75,9.50,9.25
105.2,1473975988,8.75,8.75,9.50,9.00
105.2,1473975989,8.75,8.75,9.50,9.00
105.2,1473975994,8.75,8.75,9.25,9.00
105.2,1473975995,8.75,8.75,9.25,9.00
105.2,1473976000,8.75,8.50,9.50,9.00
105.2,1473976001,8.75,8.50,9.50,9.00
105.2,1473976002,8.75,8.50,9.50,9.00
105.2,1473976002,8.75,8.50,9.50,9.00
105.2,1473976003,8.75,8.50,9.50,9.00
105.2,1473976006,8.75,8.50,9.25,9.25
105.2,1473976007,8.75,8.50,9.25,9.25
105.2,1473976008,8.75,8.50,9.25,9.25
105.2,1473976012,8.75,8.50,9.50,9.00
105.2,1473976013,8.75,8.50,9.50,9.00
105.2,1473976024,8.75,8.75,9.25,9.25
105.2,1473976025,8.75,8.75,9.25,9.25
105.2,1473976030,8.75,8.75,9.25,9.25
105.2,1473976031,8.75,8.75,9.25,9.25
105.2,1473976032,8.75,8.75,9.25,9.25
105.2,1473976033,8.75,8.75,9.25,9.25
105.2,1473976034,8.75,8.75,9.25,9.25
105.2,1473976036,8.75,8.75,9.25,9.25
105.2,1473976037,8.75,8.75,9.25,9.25
105.2,1473976038,8.75,8.75,9.25,9.25
105.2,1473976039,8.75,8.75,9.25,9.25
105.2,1473976042,8.75,8.50,9.50,9.25
105.2,1473976043,8.75,8.50,9.50,9.25
105.2,1473976044,8.75,8.50,9.50,9.25
105.2,1473976048,8.75,8.75,9.25,9.25
105.2,1473976049,8.75,8.75,9.25,9.25
105.2,1473976050,8.75,8.75,9.25,9.25
105.2,1473976054,8.75,8.75,9.50,9.25
105.2,1473976055,8.75,8.75,9.50,9.25
105.2,1473976060,8.75,8.75,9.25,9.25
105.2,1473976061,8.75,8.75,9.25,9.25
105.2,1473976062,8.75,8.75,9.25,9.25
105.2,1473976063,8.75,8.75,9.25,9.25
105.2,1473976063,8.75,8.75,9.25,9.25
105.2,1473976066,9.00,8.50,9.50,9.25
105.2,1473976067,9.00,8.50,9.50,9.25
105.2,1473976072,8.75,8.75,9.50,9.00
105.2,1473976073,8.75,8.75,9.50,9.00
105.2,1473976074,8.75,8.75,9.50,9.00
105.2,1473976074,8.75,8.75,9.50,9.00
105.2,1473976078,8.75,8.75,9.50,9.25
105.2,1473976079,8.75,8.75,9.50,9.25
105.2,1473976080,8.75,8.75,9.50,9.25
105.2,1473976081,8.75,8.75,9.50,9.25
105.2,1473976081,8.75,8.75,9.50,9.25
105.2,1473976084,8.75,8.75,9.50,9.25
105.2,1473976085,8.75,8.75,9.50,9.25
105.2,1473976086,8.75,8.75,9.50,9.25
105.2,1473976086,8.75,8.75,9.50,9.25
105.2,1473976087,8.75,8.75,9.50,9.25
105.2,1473976090,9.00,8.75,9.25,9.25
105.2,1473976091,9.00,8.75,9.25,9.25
105.2,1473976092,9.00,8.75,9.25,9.25
105.2,1473976092,9.00,8.75,9.25,9.25
105.2,1473976093,9.00,8.75,9.25,9.25
105.2,1473976096,8.75,8.75,9.25,9.00
105.2,1473976097,8.75,8.75,9.25,9.00
105.2,1473976098,8.75,8.75,9.25,9.00
105.2,1473976102,8.75,8.75,9.50,9.25
105.2,1473976103,8.75,8.75,9.50,9.25
105.2,1473976108,8.75,8.50,9.50,9.00
105.2,1473976109,8.75,8.50,9.50,9.00
105.2,1473976110,8.75,8.50,9.50,9.00
105.2,1473976111,8.75,8.50,9.50,9.00
105.2,1473976111,8.75,8.50,9.50,9.00
105.2,1473976114,8.75,8.50,9.25,9.25
105.2,1473976120,8.75,8.75,9.25,9.00
105.2,1473976121,8.75,8.75,9.25,9.00
105.2,1473976122,8.75,8.75,9.25,9.00
105.2,1473976126,8.75,8.75,9.50,9.25
105.2,1473976127,8.75,8.75,9.50,9.25
105.2,1473976132,9.00,8.75,9.25,9.25
105.2,1473976133,9.00,8.75,9.25,9.25
105.2,1473976134,9.00,8.75,9.25,9.25
105.2,1473976138,8.75,8.75,9.50,9.25
105.2,1473976139,8.75,8.75,9.50,9.25
105.2,1473976140,8.75,8.75,9.50,9.25
105.2,1473976140,8.75,8.75,9.50,9.25
105.2,1473976141,8.75,8.75,9.50,9.25
105.2,1473976144,8.75,8.75,9.50,9.25
105.2,1473976150,8.75,8.75,9.25,9.25
105.2,1473976151,8.75,8.75,9.25,9.25
105.2,1473976152,8.75,8.75,9.25,9.25
105.2,1473976152,8.75,8.75,9.25,9.25
105.2,1473976153,8.75,8.75,9.25,9.25
105.2,1473976156,8.75,8.75,9.25,9.25
105.2,1473976162,8.75,8.75,9.25,9.25
105.2,1473976163,8.75,8.75,9.25,9.25
105.2,1473976168,8.75,8.75,9.50,9.25
105.2,1473976169,8.75,8.75,9.50,9.25
105.2,1473976170,8.75,8.75,9.50,9.25
105.2,1473976170,8.75,8.75,9.50,9.25
105.2,1473976171,8.75,8.75,9.50,9.25
105.2,1473976174,8.75,8.75,9.25,9.00
105.2,1473976175,8.75,8.75,9.25,9.00
105.2,1473976180,8.75,8.75,9.25,9.25
105.2,1473976181,8.75,8.75,9.25,9.25
105.2,1473976186,8.75,8.75,9.25,9.25
105.2,1473976192,8.75,8.75,9.25,9.25
105.2,1473976193,8.75,8.75,9.25,9.25
105.2,1473976194,8.75,8.75,9.25,9.25
105.2,1473976194,8.75,8.75,9.25,9.25
105.2,1473976195,8.75,8.75,9.25,9.25
105.2,1473976198,8.75,8.75,9.25,9.25
105.2,1473976199,8.75,8.75,9.25,9.25
105.2,1473976200,8.75,8.75,9.25,9.25
105.2,1473976204,8.75,8.75,9.50,9.25
105.2,1473976205,8.75,8.75,9.50,9.25
105.2,1473976210,8.75,8.75,9.25,9.25
105.2,1473976211,8.75,8.75,9.25,9.25
105.2,1473976212,8.75,8.75,9.25,9.25
105.2,1473976212,8.75,8.75,9.25,9.25
105.2,1473976213,8.75,8.75,9.25,9.25
105.2,1473976216,8.75,8.75,9.50,9.25
105.2,1473976217,8.75,8.75,9.50,9.25
105.2,1473976222,8.75,8.75,9.50,9.25
105.2,1473976223,8.75,8.75,9.50,9.25
105.2,1473976224,8.75,8.75,9.50,9.25
105.2,1473976224,8.75,8.75,9.50,9.25
105.2,1473976225,8.75,8.75,9.50,9.25
105.2,1473976228,8.75,8.75,9.25,9.25
105.2,1473976229,8.75,8.75,9.25,9.25
105.2,1473976230,8.75,8.75,9.25,9.25
105.2,1473976234,9.00,8.75,9.25,9.25
105.2,1473976235,9.00,8.75,9.25,9.25
105.2,1473976236,9.00,8.75,9.25,9.25
105.2,1473976236,9.00,8.75,9.25,9.25
105.2,1473976237,9.00,8.75,9.25,9.25
105.2,1473976240,9.00,8.75,9.25,9.25
105.2,1473976246,8.75,8.75,9.25,9.25
105.2,1473976247,8.75,8.75,9.25,9.25
105.2,1473976248,8.75,8.75,9.25,9.25
105.2,1473976248,8.75,8.75,9.25,9.25
105.2,1473976249,8.75,8.75,9.25,9.25
105.2,1473976252,8.75,8.75,9.25,9.25
105.2,1473976253,8.75,8.75,9.25,9.25
105.2,1473976254,8.75,8.75,9.25,9.25
105.2,1473976254,8.75,8.75,9.25,9.25
105.2,1473976255,8.75,8.75,9.25,9.25
105.2,1473976258,8.75,8.75,9.50,9.25
105.2,1473976259,8.75,8.75,9.50,9.25
105.2,1473976260,8.75,8.75,9.50,9.25
105.2,1473976260,8.75,8.75,9.50,9.25
105.2,1473976261,8.75,8.75,9.50,9.25
105.2,1473976264,8.75,8.75,9.50,9.25
105.2,1473976265,8.75,8.75,9.50,9.25
105.2,1473976266,8.75,8.75,9.50,9.25
105.2,1473976267,8.75,8.75,9.50,9.25
105.2,1473976270,8.75,8.75,9.25,9.00
105.2,1473976271,8.75,8.75,9.25,9.00
105.2,1473976272,8.75,8.75,9.25,9.00
105.2,1473976272,8.75,8.75,9.25,9.00
105.2,1473976273,8.75,8.75,9.25,9.00
105.2,1473976276,8.75,8.75,9.50,9.25
105.2,1473976277,8.75,8.75,9.50,9.25
105.2,1473976282,8.75,8.75,9.50,9.25
105.2,1473976283,8.75,8.75,9.50,9.25
105.2,1473976284,8.75,8.75,9.50,9.25
105.2,1473976284,8.75,8.75,9.50,9.25
105.2,1473976285,8.75,8.75,9.50,9.25
105.2,1473976288,8.75,8.75,9.50,9.25
105.2,1473976294,9.00,8.75,9.25,9.25
105.2,1473976295,9.00,8.75,9.25,9.25
105.2,1473976296,9.00,8.75,9.25,9.25
105.2,1473976300,9.00,8.75,9.50,9.25
105.2,1473976301,9.00,8.75,9.50,9.25
105.2,1473976302,9.00,8.75,9.50,9.25
105.2,1473976303,9.00,8.75,9.50,9.25
105.2,1473976303,9.00,8.75,9.50,9.25
105.2,1473976306,8.75,8.75,9.50,9.25
105.2,1473976313,9.00,8.75,9.25,9.25
105.2,1473976314,9.00,8.75,9.25,9.25
105.2,1473976314,9.00,8.75,9.25,9.25
105.2,1473976315,9.00,8.75,9.25,9.25
105.2,1473976318,8.75,8.75,9.25,9.25
105.2,1473976319,8.75,8.75,9.25,9.25
105.2,1473976320,8.75,8.75,9.25,9.25
105.2,1473976320,8.75,8.75,9.25,9.25
105.2,1473976321,8.75,8.75,9.25,9.25
105.2,1473976324,9.00,8.75,9.25,9.25
105.2,1473976325,9.00,8.75,9.25,9.25
105.2,1473976325,9.00,8.75,9.25,9.25
105.2,1473976326,9.00,8.75,9.25,9.25
105.2,1473976327,9.00,8.75,9.25,9.25
105.2,1473976330,9.00,8.75,9.25,9.25
105.2,1473976331,9.00,8.75,9.25,9.25
105.2,1473976332,9.00,8.75,9.25,9.25
105.2,1473976332,9.00,8.75,9.25,9.25
105.2,1473976333,9.00,8.75,9.25,9.25
105.2,1473976336,9.00,8.75,9.25,9.00
105.2,1473976337,9.00,8.75,9.25,9.00
105.2,1473976338,9.00,8.75,9.25,9.00
105.2,1473976338,9.00,8.75,9.25,9.00
105.2,1473976339,9.00,8.75,9.25,9.00
105.2,1473976342,9.00,8.75,9.50,9.25
105.2,1473976343,9.00,8.75,9.50,9.25
105.2,1473976344,9.00,8.75,9.50,9.25
105.2,1473976348,9.00,8.75,9.25,9.25
105.2,1473976349,9.00,8.75,9.25,9.25
105.2,1473976354,8.75,8.75,9.25,9.25
105.2,1473976355,8.75,8.75,9.25,9.25
105.2,1473976356,8.75,8.75,9.25,9.25
105.2,1473976356,8.75,8.75,9.25,9.25
105.2,1473976357,8.75,8.75,9.25,9.25
105.2,1473976360,9.00,8.75,9.50,9.25
105.2,1473976361,9.00,8.75,9.50,9.25
105.2,1473976361,9.00,8.75,9.50,9.25
105.2,1473976362,9.00,8.75,9.50,9.25
105.2,1473976363,9.00,8.75,9.50,9.25
105.2,1473976366,8.75,8.75,9.25,9.25
105.2,1473976367,8.75,8.75,9.25,9.25
105.2,1473976372,9.00,8.75,9.25,9.25
105.2,1473976373,9.00,8.75,9.25,9.25
105.2,1473976378,9.00,8.75,9.25,9.25
105.2,1473976379,9.00,8.75,9.25,9.25
105.2,1473976380,9.00,8.75,9.25,9.25
105.2,1473976380,9.00,8.75,9.25,9.25
105.2,1473976381,9.00,8.75,9.25,9.25
105.2,1473976384,8.75,8.75,9.50,9.25
105.2,1473976385,8.75,8.75,9.50,9.25
105.2,1473976385,8.75,8.75,9.50,9.25
105.2,1473976390,9.00,8.75,9.50,9.25
105.2,1473976391,9.00,8.75,9.50,9.25
105.2,1473976392,9.00,8.75,9.50,9.25
105.2,1473976396,9.00,8.75,9.50,9.00
105.2,1473976397,9.00,8.75,9.50,9.00
105.2,1473976397,9.00,8.75,9.50,9.00
105.2,1473976398,9.00,8.75,9.50,9.00
105.2,1473976399,9.00,8.75,9.50,9.00
105.2,1473976402,8.75,8.75,9.25,9.25
105.2,1473976408,9.00,8.75,9.25,9.25
105.2,1473976409,9.00,8.75,9.25,9.25
105.2,1473976414,9.00,8.75,9.50,9.25
105.2,1473976415,9.00,8.75,9.50,9.25
105.2,1473976415,9.00,8.75,9.50,9.25
105.2,1473976416,9.00,8.75,9.50,9.25
105.2,1473976417,9.00,8.75,9.50,9.25
105.2,1473976420,9.00,8.75,9.50,9.25
105.2,1473976421,9.00,8.75,9.50,9.25
105.2,1473976426,9.00,8.75,9.25,9.25
105.2,1473976427,9.00,8.75,9.25,9.25
105.2,1473976432,9.00,8.75,9.50,9.25
105.2,1473976433,9.00,8.75,9.50,9.25
105.2,1473976438,9.00,8.75,9.50,9.25
105.2,1473976439,9.00,8.75,9.50,9.25
105.2,1473976440,9.00,8.75,9.50,9.25
105.2,1473976440,9.00,8.75,9.50,9.25
105.2,1473976441,9.00,8.75,9.50,9.25
105.2,1473976444,9.00,8.75,9.50,9.25
105.2,1473976450,9.00,8.75,9.50,9.25
105.2,1473976451,9.00,8.75,9.50,9.25
105.2,1473976456,9.00,8.75,9.50,9.25
105.2,1473976457,9.00,8.75,9.50,9.25
105.2,1473976462,9.00,8.75,9.50,9.25
105.2,1473976463,9.00,8.75,9.50,9.25
105.2,1473976468,8.75,8.75,9.50,9.25
105.2,1473976469,8.75,8.75,9.50,9.25
105.2,1473976469,8.75,8.75,9.50,9.25
105.2,1473976470,8.75,8.75,9.50,9.25
105.2,1473976471,8.75,8.75,9.50,9.25
105.2,1473976474,9.00,8.75,9.50,9.25
105.2,1473976475,9.00,8.75,9.50,9.25
105.2,1473976480,9.00,8.75,9.50,9.25
105.2,1473976481,9.00,8.75,9.50,9.25
105.2,1473976486,9.00,8.75,9.50,9.25
105.2,1473976487,9.00,8.75,9.50,9.25
105.2,1473976492,9.00,8.75,9.50,9.25
105.2,1473976493,9.00,8.75,9.50,9.25
105.2,1473976498,9.00,8.75,9.50,9.25
105.2,1473976499,9.00,8.75,9.50,9.25
105.2,1473976504,9.00,8.75,9.50,9.25
105.2,1473976505,9.00,8.75,9.50,9.25
105.2,1473976510,9.00,8.75,9.50,9.25
105.2,1473976511,9.00,8.75,9.50,9.25
105.2,1473976516,9.00,8.75,9.50,9.25
105.2,1473976517,9.00,8.75,9.50,9.25
105.2,1473976518,9.00,8.75,9.50,9.25
105.2,1473976522,9.00,8.75,9.50,14.00
105.2,1473976523,9.00,8.75,9.50,14.00
105.2,1473976528,9.00,8.75,9.50,12.25
105.2,1473976529,9.00,8.75,9.50,12.25
105.2,1473976534,9.00,8.75,9.50,11.00
105.2,1473976535,9.00,8.75,9.50,11.00
105.2,1473976540,9.00,8.75,9.50,10.25
105.2,1473976541,9.00,8.75,9.50,10.25
105.2,1473976546,9.00,8.75,9.50,10.00
105.2,1473976547,9.00,8.75,9.50,10.00
105.2,1473976547,9.00,8.75,9.50,10.00
105.2,1473976552,9.00,8.75,9.50,10.00
105.2,1473976553,9.00,8.75,9.50,10.00
105.2,1473976558,9.00,8.75,9.75,9.75
105.2,1473976559,9.00,8.75,9.75,9.75
105.2,1473976564,9.00,8.75,9.50,9.75
105.2,1473976565,9.00,8.75,9.50,9.75
105.2,1473976570,9.00,8.75,9.50,9.75
105.2,1473976576,9.00,8.75,9.75,9.50
105.2,1473976577,9.00,8.75,9.75,9.50
105.2,1473976582,9.00,8.75,9.75,9.75
105.2,1473976583,9.00,8.75,9.75,9.75
105.2,1473976589,9.00,8.75,9.50,9.75
105.2,1473976594,9.00,8.75,9.50,9.50
105.2,1473976595,9.00,8.75,9.50,9.50
105.2,1473976600,9.00,8.75,9.75,9.50
105.2,1473976601,9.00,8.75,9.75,9.50
105.2,1473976606,9.00,8.75,9.50,9.50
105.2,1473976607,9.00,8.75,9.50,9.50
105.2,1473976612,9.00,9.00,9.50,9.50
105.2,1473976613,9.00,9.00,9.50,9.50
105.2,1473976618,9.00,9.00,9.50,9.50
105.2,1473976619,9.00,9.00,9.50,9.50
105.2,1473976624,9.00,9.00,9.50,9.50
105.2,1473976625,9.00,9.00,9.50,9.50
105.2,1473976630,9.00,8.75,9.50,9.50
105.2,1473976631,9.00,8.75,9.50,9.50
105.2,1473976636,9.00,9.00,9.75,9.50
105.2,1473976637,9.00,9.00,9.75,9.50
105.2,1473976642,9.00,9.00,9.75,9.50
105.2,1473976643,9.00,9.00,9.75,9.50
105.2,1473976648,9.00,9.00,9.75,9.50
105.2,1473976649,9.00,9.00,9.75,9.50
105.2,1473976649,9.00,9.00,9.75,9.50
105.2,1473976650,9.00,9.00,9.75,9.50
105.2,1473976654,9.00,8.75,9.50,9.50
105.2,1473976654,9.00,8.75,9.50,9.50
105.2,1473976655,9.00,8.75,9.50,9.50
105.2,1473976660,9.00,9.00,9.50,9.50
105.2,1473976661,9.00,9.00,9.50,9.50
105.2,1473976662,9.00,9.00,9.50,9.50
105.2,1473976666,9.00,9.00,9.50,9.50
105.2,1473976666,9.00,9.00,9.50,9.50
105.2,1473976667,9.00,9.00,9.50,9.50
105.2,1473976668,9.00,9.00,9.50,9.50
105.2,1473976669,9.00,9.00,9.50,9.50
105.2,1473976672,9.00,9.00,9.50,9.50
105.2,1473976678,9.00,8.75,9.50,9.50
105.2,1473976679,9.00,8.75,9.50,9.50
105.2,1473976684,9.00,9.00,9.50,9.50
105.2,1473976685,9.00,9.00,9.50,9.50
105.2,1473976690,9.00,8.75,9.50,9.50
105.2,1473976691,9.00,8.75,9.50,9.50
105.2,1473976696,9.00,8.75,9.50,9.50
105.2,1473976702,9.00,8.75,9.50,9.25
105.2,1473976702,9.00,8.75,9.50,9.25
105.2,1473976708,9.00,8.75,9.50,9.50
105.2,1473976709,9.00,8.75,9.50,9.50
105.2,1473976709,9.00,8.75,9.50,9.50
105.2,1473976710,9.00,8.75,9.50,9.50
105.2,1473976714,9.00,8.75,9.50,9.50
105.2,1473976715,9.00,8.75,9.50,9.50
105.2,1473976720,9.00,8.75,9.50,9.50
105.2,1473976721,9.00,8.75,9.50,9.50
105.2,1473976721,9.00,8.75,9.50,9.50
105.2,1473976722,9.00,8.75,9.50,9.50
105.2,1473976723,9.00,8.75,9.50,9.50
105.2,1473976726,9.00,8.75,9.50,9.50
105.2,1473976727,9.00,8.75,9.50,9.50
105.2,1473976727,9.00,8.75,9.50,9.50
105.2,1473976728,9.00,8.75,9.50,9.50
105.2,1473976729,9.00,8.75,9.50,9.50
105.2,1473976732,9.00,9.00,9.50,9.50
105.2,1473976733,9.00,9.00,9.50,9.50
105.2,1473976738,9.00,9.00,9.50,9.25
105.2,1473976739,9.00,9.00,9.50,9.25
105.2,1473976739,9.00,9.00,9.50,9.25
105.2,1473976740,9.00,9.00,9.50,9.25
105.2,1473976744,9.00,8.75,9.50,9.50
105.2,1473976744,9.00,8.75,9.50,9.50
105.2,1473976750,9.00,9.00,9.50,9.50
105.2,1473976756,9.00,9.00,9.75,9.50
105.2,1473976756,9.00,9.00,9.75,9.50
105.2,1473976757,9.00,9.00,9.75,9.50
105.2,1473976762,9.00,8.75,9.50,9.50
105.2,1473976762,9.00,8.75,9.50,9.50
105.2,1473976768,9.00,8.75,9.50,9.50
105.2,1473976769,9.00,8.75,9.50,9.50
105.2,1473976769,9.00,8.75,9.50,9.50
105.2,1473976774,9.00,8.75,9.50,9.50
105.2,1473976775,9.00,8.75,9.50,9.50
105.2,1473976780,9.00,8.75,9.50,9.50
105.2,1473976781,9.00,8.75,9.50,9.50
105.2,1473976781,9.00,8.75,9.50,9.50
105.2,1473976786,9.00,8.75,9.50,9.50
105.2,1473976787,9.00,8.75,9.50,9.50
105.2,1473976792,9.00,8.75,9.50,9.50
105.2,1473976793,9.00,8.75,9.50,9.50
105.2,1473976798,9.00,8.75,9.50,9.50
105.2,1473976799,9.00,8.75,9.50,9.50
105.2,1473976804,9.00,8.75,9.50,9.50
105.2,1473976805,9.00,8.75,9.50,9.50
105.2,1473976810,9.00,8.75,9.50,9.50
105.2,1473976810,9.00,8.75,9.50,9.50
105.2,1473976816,9.00,9.00,9.75,9.50
105.2,1473976816,9.00,9.00,9.75,9.50
105.2,1473976822,9.00,9.00,9.50,9.25
105.2,1473976823,9.00,9.00,9.50,9.25
105.2,1473976823,9.00,9.00,9.50,9.25
105.2,1473976828,9.00,8.75,9.50,9.50
105.2,1473976828,9.00,8.75,9.50,9.50
105.2,1473976834,9.00,8.75,9.75,9.50
105.2,1473976835,9.00,8.75,9.75,9.50
105.2,1473976835,9.00,8.75,9.75,9.50
105.2,1473976840,9.00,9.00,9.50,9.50
105.2,1473976840,9.00,9.00,9.50,9.50
105.2,1473976846,9.00,8.75,9.75,9.50
105.2,1473976846,9.00,8.75,9.75,9.50
105.2,1473976852,9.00,9.00,9.50,9.50
105.2,1473976853,9.00,9.00,9.50,9.50
105.2,1473976858,9.00,8.75,9.50,9.50
105.2,1473976858,9.00,8.75,9.50,9.50
105.2,1473976864,9.00,9.00,9.50,9.50
105.2,1473976865,9.00,9.00,9.50,9.50
105.2,1473976870,9.00,8.75,9.50,9.50
105.2,1473976871,9.00,8.75,9.50,9.50
105.2,1473976876,9.00,8.75,9.50,9.25
105.2,1473976882,9.00,9.00,9.50,9.50
105.2,1473976882,9.00,9.00,9.50,9.50
105.2,1473976888,9.00,8.75,9.75,9.25
105.2,1473976888,9.00,8.75,9.75,9.25
105.2,1473976894,9.00,8.75,9.50,9.50
105.2,1473976895,9.00,8.75,9.50,9.50
105.2,1473976900,9.00,8.75,9.50,9.50
105.2,1473976900,9.00,8.75,9.50,9.50
105.2,1473976906,9.00,8.75,9.50,9.25
105.2,1473976907,9.00,8.75,9.50,9.25
105.2,1473976912,9.00,8.75,9.50,9.25
105.2,1473976912,9.00,8.75,9.50,9.25
105.2,1473976918,9.00,8.75,9.50,9.50
105.2,1473976918,9.00,8.75,9.50,9.50
105.2,1473976924,9.00,8.75,9.50,9.50
105.2,1473976924,9.00,8.75,9.50,9.50
105.2,1473976930,9.00,8.75,9.50,9.50
105.2,1473976930,9.00,8.75,9.50,9.50
105.2,1473976936,9.00,8.75,9.50,9.50
105.2,1473976936,9.00,8.75,9.50,9.50
105.2,1473976942,9.00,8.75,9.75,9.50
105.2,1473976942,9.00,8.75,9.75,9.50
105.2,1473976948,9.00,8.75,9.75,9.50
105.2,1473976948,9.00,8.75,9.75,9.50
105.2,1473976954,9.00,8.75,9.50,9.25
105.2,1473976960,9.00,9.00,9.75,9.50
105.2,1473976966,9.00,8.75,9.50,9.50
105.2,1473976966,9.00,8.75,9.50,9.50
105.2,1473976972,9.00,9.00,9.75,9.50
105.2,1473976972,9.00,9.00,9.75,9.50
105.2,1473976978,9.00,8.75,9.75,9.50
105.2,1473976984,9.00,9.00,9.50,9.50
105.2,1473976990,9.00,8.75,9.50,9.50
105.2,1473976996,9.00,9.00,9.50,9.50
105.2,1473976996,9.00,9.00,9.50,9.50
105.2,1473977002,9.00,9.00,9.50,9.50
105.2,1473977002,9.00,9.00,9.50,9.50
105.2,1473977008,9.00,9.00,9.50,9.50
105.2,1473977008,9.00,9.00,9.50,9.50
105.2,1473977014,9.00,8.75,9.50,9.25
105.2,1473977014,9.00,8.75,9.50,9.25
105.2,1473977020,9.00,9.00,9.50,9.25
105.2,1473977020,9.00,9.00,9.50,9.25
105.2,1473977026,9.00,9.00,9.75,9.25
105.2,1473977026,9.00,9.00,9.75,9.25
105.2,1473977032,9.00,9.00,9.50,9.25
105.2,1473977032,9.00,9.00,9.50,9.25
105.2,1473977038,9.00,9.00,9.50,9.50
105.2,1473977038,9.00,9.00,9.50,9.50
105.2,1473977044,9.00,9.00,9.50,9.50
105.2,1473977044,9.00,9.00,9.50,9.50
105.2,1473977050,9.00,9.00,9.50,9.50
105.2,1473977050,9.00,9.00,9.50,9.50
105.2,1473977056,9.00,9.00,9.50,9.50
105.2,1473977056,9.00,9.00,9.50,9.50
105.2,1473977062,9.00,9.00,9.50,9.50
105.2,1473977062,9.00,9.00,9.50,9.50
105.2,1473977068,9.00,9.00,9.75,9.50
105.2,1473977068,9.00,9.00,9.75,9.50
105.2,1473977074,9.00,9.00,9.75,9.50
105.2,1473977074,9.00,9.00,9.75,9.50
105.2,1473977080,9.00,9.00,9.75,9.50
105.2,1473977080,9.00,9.00,9.75,9.50
105.2,1473977086,9.00,9.00,9.75,9.50
105.2,1473977086,9.00,9.00,9.75,9.50
105.2,1473977092,9.00,9.00,9.75,9.50
105.2,1473977092,9.00,9.00,9.75,9.50
105.2,1473977098,9.00,9.00,9.75,9.50
105.2,1473977098,9.00,9.00,9.75,9.50
105.2,1473977104,9.00,8.75,9.75,9.50
105.2,1473977110,9.00,9.00,9.75,9.50
105.2,1473977110,9.00,9.00,9.75,9.50
105.2,1473977116,9.00,9.00,9.75,9.50
105.2,1473977116,9.00,9.00,9.75,9.50
105.2,1473977122,9.00,9.00,9.75,9.50
105.2,1473977122,9.00,9.00,9.75,9.50
105.2,1473977128,9.00,9.00,9.75,9.50
105.2,1473977128,9.00,9.00,9.75,9.50
105.2,1473977133,9.00,9.00,9.75,9.50
105.2,1473977134,9.00,9.00,9.75,9.50
105.2,1473977139,9.00,9.00,9.75,9.50
105.2,1473977140,9.00,9.00,9.75,9.50
105.2,1473977145,9.00,9.00,9.50,9.50
105.2,1473977146,9.00,9.00,9.50,9.50
105.2,1473977151,9.00,9.00,9.75,9.50
105.2,1473977152,9.00,9.00,9.75,9.50
105.2,1473977157,9.00,9.00,9.50,9.50
105.2,1473977158,9.00,9.00,9.50,9.50
105.2,1473977163,9.00,9.00,9.50,9.50
105.2,1473977169,9.00,9.00,9.50,9.50
105.2,1473977170,9.00,9.00,9.50,9.50
105.2,1473977175,9.00,9.00,9.50,9.50
105.2,1473977176,9.00,9.00,9.50,9.50
105.2,1473977181,9.00,8.75,9.50,9.25
105.2,1473977182,9.00,8.75,9.50,9.25
105.2,1473977187,9.00,9.00,9.50,9.25
105.2,1473977188,9.00,9.00,9.50,9.25
105.2,1473977193,9.00,8.75,9.50,9.25
105.2,1473977194,9.00,8.75,9.50,9.25
105.2,1473977199,9.00,9.00,9.75,9.50
105.2,1473977200,9.00,9.00,9.75,9.50
105.2,1473977205,9.00,9.00,9.50,9.25
105.2,1473977206,9.00,9.00,9.50,9.25
105.2,1473977207,9.00,9.00,9.50,9.25
105.2,1473977208,9.00,9.00,9.50,9.25
105.2,1473977209,9.00,9.00,9.50,9.25
105.2,1473977211,9.00,9.00,9.50,9.25
105.2,1473977212,9.00,9.00,9.50,9.25
105.2,1473977217,9.00,9.00,9.50,9.25
105.2,1473977223,9.00,9.00,9.75,9.50
105.2,1473977224,9.00,9.00,9.75,9.50
105.2,1473977225,9.00,9.00,9.75,9.50
105.2,1473977226,9.00,9.00,9.75,9.50
105.2,1473977226,9.00,9.00,9.75,9.50
105.2,1473977229,9.00,9.00,9.50,9.50
105.2,1473977230,9.00,9.00,9.50,9.50
105.2,1473977235,9.00,9.00,9.50,9.25
105.2,1473977236,9.00,9.00,9.50,9.25
105.2,1473977237,9.00,9.00,9.50,9.25
105.2,1473977241,9.00,9.00,9.75,9.25
105.2,1473977242,9.00,9.00,9.75,9.25
105.2,1473977247,9.00,8.75,9.50,9.50
105.2,1473977248,9.00,8.75,9.50,9.50
105.2,1473977253,9.00,9.00,9.50,9.50
105.2,1473977254,9.00,9.00,9.50,9.50
105.2,1473977259,9.00,9.00,9.50,9.25
105.2,1473977260,9.00,9.00,9.50,9.25
105.2,1473977265,9.00,9.00,9.75,9.50
105.2,1473977266,9.00,9.00,9.75,9.50
105.2,1473977271,9.00,9.00,9.50,9.50
105.2,1473977277,9.00,9.00,9.75,9.50
105.2,1473977278,9.00,9.00,9.75,9.50
105.2,1473977283,9.00,9.00,9.50,9.50
105.2,1473977284,9.00,9.00,9.50,9.50
105.2,1473977285,9.00,9.00,9.50,9.50
105.2,1473977289,9.00,9.00,9.75,9.50
105.2,1473977290,9.00,9.00,9.75,9.50
105.2,1473977291,9.00,9.00,9.75,9.50
105.2,1473977295,9.00,9.00,9.50,9.50
105.2,1473977296,9.00,9.00,9.50,9.50
105.2,1473977301,9.25,9.00,9.75,9.50
105.2,1473977302,9.25,9.00,9.75,9.50
105.2,1473977307,9.00,9.00,9.50,9.50
105.2,1473977308,9.00,9.00,9.50,9.50
105.2,1473977313,9.00,9.00,9.50,9.50
105.2,1473977319,9.00,9.00,9.75,9.50
105.2,1473977325,9.00,9.00,9.75,9.50
105.2,1473977326,9.00,9.00,9.75,9.50
105.2,1473977331,9.00,9.00,9.75,9.50
105.2,1473977332,9.00,9.00,9.75,9.50
105.2,1473977337,9.00,8.75,9.50,9.50
105.2,1473977338,9.00,8.75,9.50,9.50
105.2,1473977343,9.00,9.00,9.75,9.50
105.2,1473977344,9.00,9.00,9.75,9.50
105.2,1473977355,9.00,9.00,9.50,9.50
105.2,1473977361,9.00,9.00,9.75,9.50
105.2,1473977367,9.25,9.00,9.75,9.50
105.2,1473977373,9.00,9.00,9.75,9.50
105.2,1473977379,9.25,9.00,9.50,9.50
105.2,1473977385,9.25,9.00,9.50,9.50
105.2,1473977386,9.25,9.00,9.50,9.50
105.2,1473977391,9.00,9.00,9.75,9.50
105.2,1473977397,9.00,9.00,9.75,9.50
105.2,1473977398,9.00,9.00,9.75,9.50
105.2,1473977403,9.00,9.00,9.75,9.50
105.2,1473977404,9.00,9.00,9.75,9.50
105.2,1473977409,9.00,9.00,9.50,9.50
105.2,1473977410,9.00,9.00,9.50,9.50
105.2,1473977415,9.00,9.00,9.75,9.50
105.2,1473977416,9.00,9.00,9.75,9.50
105.2,1473977421,9.00,9.00,9.50,9.50
105.2,1473977422,9.00,9.00,9.50,9.50
105.2,1473977427,9.00,9.00,9.75,9.50
105.2,1473977428,9.00,9.00,9.75,9.50
105.2,1473977433,9.00,9.00,9.50,9.50
105.2,1473977434,9.00,9.00,9.50,9.50
105.2,1473977439,9.25,9.00,9.75,9.50
105.2,1473977440,9.25,9.00,9.75,9.50
105.2,1473977445,9.00,9.00,9.50,9.50
105.2,1473977446,9.00,9.00,9.50,9.50
105.2,1473977451,9.00,9.00,9.75,9.50
105.2,1473977452,9.00,9.00,9.75,9.50
105.2,1473977457,9.00,9.00,9.75,9.50
105.2,1473977458,9.00,9.00,9.75,9.50
105.2,1473977463,9.00,9.00,9.75,9.50
105.2,1473977464,9.00,9.00,9.75,9.50
105.2,1473977469,9.00,9.00,9.75,9.50
105.2,1473977470,9.00,9.00,9.75,9.50
105.2,1473977475,9.25,9.00,9.75,9.50
105.2,1473977476,9.25,9.00,9.75,9.50
105.2,1473977481,9.00,9.00,9.75,9.50
105.2,1473977482,9.00,9.00,9.75,9.50
105.2,1473977487,9.00,8.75,9.50,9.50
105.2,1473977488,9.00,8.75,9.50,9.50
105.2,1473977493,9.25,9.00,9.75,9.50
105.2,1473977494,9.25,9.00,9.75,9.50
105.2,1473977499,9.00,9.00,9.75,9.50
105.2,1473977500,9.00,9.00,9.75,9.50
105.2,1473977505,9.00,9.00,9.75,9.50
105.2,1473977506,9.00,9.00,9.75,9.50
105.2,1473977511,9.00,9.00,9.50,9.50
105.2,1473977512,9.00,9.00,9.50,9.50
105.2,1473977517,9.00,9.00,9.50,9.50
105.2,1473977518,9.00,9.00,9.50,9.50
105.2,1473977523,9.00,9.00,9.75,9.50
105.2,1473977524,9.00,9.00,9.75,9.50
105.2,1473977529,9.00,9.00,9.50,9.50
105.2,1473977530,9.00,9.00,9.50,9.50
105.2,1473977535,9.00,9.00,9.50,9.50
105.2,1473977536,9.00,9.00,9.50,9.50
105.2,1473977541,9.00,9.00,9.75,9.50
105.2,1473977542,9.00,9.00,9.75,9.50
105.2,1473977547,9.00,9.00,9.75,9.50
105.2,1473977548,9.00,9.00,9.75,9.50
105.2,1473977553,9.00,8.75,9.75,9.50
105.2,1473977554,9.00,8.75,9.75,9.50
105.2,1473977559,9.00,9.00,9.50,9.50
105.2,1473977560,9.00,9.00,9.50,9.50
105.2,1473977565,9.25,9.00,9.75,9.50
105.2,1473977566,9.25,9.00,9.75,9.50
105.2,1473977571,9.25,9.00,9.50,9.50
105.2,1473977572,9.25,9.00,9.50,9.50
105.2,1473977577,9.00,9.00,9.50,9.50
105.2,1473977578,9.00,9.00,9.50,9.50
105.2,1473977583,9.00,9.00,9.75,9.50
105.2,1473977584,9.00,9.00,9.75,9.50
105.2,1473977591,9.25,9.00,9.50,9.50
105.2,1473977595,9.25,9.00,9.75,9.50
105.2,1473977596,9.25,9.00,9.75,9.50
105.2,1473977601,9.25,9.00,9.75,9.50
105.2,1473977602,9.25,9.00,9.75,9.50
105.2,1473977607,9.00,9.00,9.75,9.50
105.2,1473977608,9.00,9.00,9.75,9.50
105.2,1473977613,9.00,9.00,9.75,9.50
105.2,1473977614,9.00,9.00,9.75,9.50
105.2,1473977619,9.00,9.00,9.75,9.50
105.2,1473977620,9.00,9.00,9.75,9.50
105.2,1473977625,9.25,9.00,9.75,9.50
105.2,1473977626,9.25,9.00,9.75,9.50
105.2,1473977631,9.00,9.00,9.75,9.50
105.2,1473977632,9.00,9.00,9.75,9.50
105.2,1473977637,9.25,9.00,9.75,9.50
105.2,1473977638,9.25,9.00,9.75,9.50
105.2,1473977643,9.25,9.00,9.75,9.50
105.2,1473977644,9.25,9.00,9.75,9.50
105.2,1473977649,9.00,9.00,9.75,9.50
105.2,1473977650,9.00,9.00,9.75,9.50
105.2,1473977655,9.25,9.00,9.75,9.50
105.2,1473977656,9.25,9.00,9.75,9.50
105.2,1473977661,9.00,9.00,9.75,9.50
105.2,1473977662,9.00,9.00,9.75,9.50
105.2,1473977667,9.25,9.00,9.75,9.50
105.2,1473977668,9.25,9.00,9.75,9.50
105.2,1473977673,9.25,9.00,9.75,9.50
105.2,1473977674,9.25,9.00,9.75,9.50
105.2,1473977679,9.25,9.00,9.75,9.50
105.2,1473977680,9.25,9.00,9.75,9.50
105.2,1473977685,9.25,9.00,9.75,9.50
105.2,1473977686,9.25,9.00,9.75,9.50
105.2,1473977691,9.25,9.00,9.75,9.50
105.2,1473977692,9.25,9.00,9.75,9.50
105.2,1473977697,9.00,9.00,9.75,9.50
105.2,1473977698,9.00,9.00,9.75,9.50
105.2,1473977703,9.25,9.00,9.75,9.50
105.2,1473977709,9.25,9.00,9.75,9.50
105.2,1473977710,9.25,9.00,9.75,9.50
105.2,1473977715,9.25,9.00,9.75,9.50
105.2,1473977716,9.25,9.00,9.75,9.50
105.2,1473977721,9.25,9.00,9.75,9.50
105.2,1473977722,9.25,9.00,9.75,9.50
105.2,1473977727,9.25,9.00,9.75,9.50
105.2,1473977728,9.25,9.00,9.75,9.50
105.2,1473977728,9.25,9.00,9.75,9.50
105.2,1473977733,9.25,9.00,9.75,9.50
105.2,1473977734,9.25,9.00,9.75,9.50
105.2,1473977739,9.25,9.00,9.75,9.50
105.2,1473977740,9.25,9.00,9.75,9.50
105.2,1473977745,9.25,9.00,9.75,9.50
105.2,1473977746,9.25,9.00,9.75,9.50
105.2,1473977751,9.25,9.00,9.75,9.50
105.2,1473977752,9.25,9.00,9.75,9.50
105.2,1473977757,9.00,9.00,9.75,9.50
105.2,1473977758,9.00,9.00,9.75,9.50
105.2,1473977763,9.25,9.00,9.75,9.50
105.2,1473977764,9.25,9.00,9.75,9.50
105.2,1473977769,9.25,9.00,9.75,9.50
105.2,1473977770,9.25,9.00,9.75,9.50
105.2,1473977775,9.00,9.00,9.75,9.50
105.2,1473977776,9.00,9.00,9.75,9.50
105.2,1473977781,9.25,9.00,9.75,9.50
105.2,1473977787,9.00,9.00,9.75,9.50
105.2,1473977788,9.00,9.00,9.75,9.50
105.2,1473977793,9.00,9.00,9.75,9.50
105.2,1473977794,9.00,9.00,9.75,9.50
105.2,1473977799,9.25,9.00,9.75,9.50
105.2,1473977800,9.25,9.00,9.75,9.50
105.2,1473977805,9.25,9.00,9.75,9.50
105.2,1473977806,9.25,9.00,9.75,9.50
105.2,1473977811,9.25,9.00,9.75,9.50
105.2,1473977812,9.25,9.00,9.75,9.50
105.2,1473977817,9.25,9.00,9.75,9.50
105.2,1473977818,9.25,9.00,9.75,9.50
105.2,1473977823,9.25,9.00,9.75,9.75
105.2,1473977824,9.25,9.00,9.75,9.75
105.2,1473977829,9.25,9.00,9.75,9.50
105.2,1473977830,9.25,9.00,9.75,9.50
105.2,1473977835,9.25,9.00,9.75,9.50
105.2,1473977836,9.25,9.00,9.75,9.50
105.2,1473977841,9.00,9.00,9.75,9.50
105.2,1473977842,9.00,9.00,9.75,9.50
105.2,1473977847,9.00,9.00,9.75,9.50
105.2,1473977848,9.00,9.00,9.75,9.50
105.2,1473977853,9.25,9.00,9.75,9.50
105.2,1473977859,9.25,9.00,9.75,9.50
105.2,1473977860,9.25,9.00,9.75,9.50
105.2,1473977865,9.25,9.00,9.75,9.50
105.2,1473977866,9.25,9.00,9.75,9.50
105.2,1473977871,9.25,9.00,9.75,9.50
105.2,1473977871,9.25,9.00,9.75,9.50
105.2,1473977877,9.25,9.00,9.75,9.50
105.2,1473977878,9.25,9.00,9.75,9.50
105.2,1473977883,9.25,9.00,9.75,9.50
105.2,1473977884,9.25,9.00,9.75,9.50
105.2,1473977884,9.25,9.00,9.75,9.50
105.2,1473977885,9.25,9.00,9.75,9.50
105.2,1473977889,9.25,9.00,9.75,9.50
105.2,1473977890,9.25,9.00,9.75,9.50
105.2,1473977890,9.25,9.00,9.75,9.50
105.2,1473977895,9.25,9.00,9.75,9.75
105.2,1473977895,9.25,9.00,9.75,9.75
105.2,1473977896,9.25,9.00,9.75,9.75
105.2,1473977901,9.25,9.00,9.75,9.50
105.2,1473977901,9.25,9.00,9.75,9.50
105.2,1473977907,9.25,9.00,9.75,9.50
105.2,1473977908,9.25,9.00,9.75,9.50
105.2,1473977908,9.25,9.00,9.75,9.50
105.2,1473977913,9.25,9.00,9.75,9.50
105.2,1473977913,9.25,9.00,9.75,9.50
105.2,1473977919,9.25,9.00,9.75,9.50
105.2,1473977920,9.25,9.00,9.75,9.50
105.2,1473977925,9.25,9.00,9.75,9.75
105.2,1473977926,9.25,9.00,9.75,9.75
105.2,1473977926,9.25,9.00,9.75,9.75
105.2,1473977931,9.25,9.00,9.75,9.50
105.2,1473977931,9.25,9.00,9.75,9.50
105.2,1473977937,9.25,9.00,9.75,9.50
105.2,1473977937,9.25,9.00,9.75,9.50
105.2,1473977938,9.25,9.00,9.75,9.50
105.2,1473977943,9.25,9.00,9.75,9.50
105.2,1473977944,9.25,9.00,9.75,9.50
105.2,1473977949,9.25,9.00,9.75,9.50
105.2,1473977949,9.25,9.00,9.75,9.50
105.2,1473977955,9.25,9.00,9.75,9.50
105.2,1473977955,9.25,9.00,9.75,9.50
105.2,1473977961,9.25,9.00,9.75,9.50
105.2,1473977962,9.25,9.00,9.75,9.50
105.2,1473977967,9.25,9.00,9.75,9.50
105.2,1473977968,9.25,9.00,9.75,9.50
105.2,1473977973,9.25,9.00,9.75,9.50
105.2,1473977974,9.25,9.00,9.75,9.50
105.2,1473977979,9.25,9.00,9.75,9.50
105.2,1473977985,9.25,9.00,9.75,9.50
105.2,1473977986,9.25,9.00,9.75,9.50
105.2,1473977991,9.25,9.00,9.75,9.50
105.2,1473977991,9.25,9.00,9.75,9.50
105.2,1473977997,9.25,9.00,9.75,9.75
105.2,1473977998,9.25,9.00,9.75,9.75
105.2,1473978003,9.25,9.00,9.75,9.75
105.2,1473978003,9.25,9.00,9.75,9.75
105.2,1473978009,9.25,9.00,9.75,9.50
105.2,1473978009,9.25,9.00,9.75,9.50
105.2,1473978015,9.25,9.00,9.75,9.50
105.2,1473978016,9.25,9.00,9.75,9.50
